Iteration,M2,D2,V2,Pmech2,Loss
0,11.443670272827148,9.531828880310059,1.949927806854248,0.5049759745597839,8.174193681043107e-06
0,11.493642807006836,9.581741333007812,1.9999266862869263,0.4549771845340729,0.0010620459215715528
0,11.53445816040039,9.617995262145996,2.017218589782715,0.4374597668647766,0.00041728050564415753
0,11.578051567077637,9.667452812194824,1.9811992645263672,0.46967798471450806,0.0017121240962296724
0,11.611997604370117,9.702741622924805,1.949237585067749,0.4998686909675598,2.4764920453890227e-05
1,11.616952896118164,9.702800750732422,1.9695968627929688,0.47781306505203247,0.0007673106156289577
1,11.618560791015625,9.703079223632812,1.9901074171066284,0.4565069079399109,4.462095603230409e-06
1,11.622776985168457,9.703471183776855,1.999510407447815,0.44750940799713135,0.00028477449086494744
1,11.632814407348633,9.701593399047852,1.992550253868103,0.4569946527481079,0.0006780741387046874
1,11.644613265991211,9.702523231506348,1.9754252433776855,0.4768790900707245,0.00029386975802481174
2,11.645240783691406,9.702548027038574,1.9774866104125977,0.4746250808238983,1.2345262803137302e-05
2,11.658385276794434,9.703963279724121,1.9744632244110107,0.47553956508636475,2.4662827854626812e-05
2,11.670624732971191,9.705476760864258,1.9725823402404785,0.47539058327674866,3.2019615900935605e-06
2,11.68936824798584,9.709572792053223,1.9675191640853882,0.47709745168685913,1.0703643056331202e-05
2,11.705277442932129,9.71346378326416,1.9655591249465942,0.4760205149650574,1.876207534223795e-05
3,11.708765029907227,9.713247299194336,1.9680331945419312,0.47271281480789185,2.5405073756701313e-05
3,11.718735694885254,9.712115287780762,1.9712375402450562,0.46733081340789795,9.998308996728156e-06
3,11.726367950439453,9.710312843322754,1.9734421968460083,0.46365395188331604,7.001914582360769e-06
3,11.736185073852539,9.715251922607422,1.9692586660385132,0.46572157740592957,7.578764780191705e-05
3,11.74645709991455,9.720200538635254,1.9619954824447632,0.4711269736289978,2.5903998903231695e-05
4,11.746479988098145,9.720202445983887,1.9626965522766113,0.4704573154449463,2.0451082036743173e-06
4,11.746506690979004,9.72020435333252,1.9636751413345337,0.46957895159721375,1.1007886087099905e-06
4,11.761492729187012,9.721403121948242,1.9628404378890991,0.467041015625,7.309007742151152e-06
4,11.77035140991211,9.722700119018555,1.9621367454528809,0.46580058336257935,3.760701474675443e-06
4,11.779163360595703,9.724013328552246,1.959356427192688,0.4669018089771271,1.2979829079995397e-05
5,11.779341697692871,9.724003791809082,1.9581807851791382,0.4682459831237793,5.148527634446509e-06
5,11.77978515625,9.724114418029785,1.9566855430603027,0.47000718116760254,2.1722432848036988e-06
5,11.780028343200684,9.724189758300781,1.956099033355713,0.4709685444831848,2.9345162602112396e-06
5,11.78019905090332,9.72426986694336,1.9569495916366577,0.47051823139190674,5.640782092086738e-06
5,11.781469345092773,9.724181175231934,1.9580711126327515,0.46955737471580505,9.25325309708569e-07
6,11.781471252441406,9.72418212890625,1.9584705829620361,0.46923333406448364,1.4945571820135228e-06
6,11.779402732849121,9.724575996398926,1.9587403535842896,0.46952852606773376,9.077048161998391e-07
6,11.777325630187988,9.724971771240234,1.9593123197555542,0.4696081280708313,1.3381963981373701e-06
6,11.774467468261719,9.725456237792969,1.9598336219787598,0.4699394702911377,2.511954448891629e-07
6,11.77161979675293,9.725939750671387,1.9607267379760742,0.4699718952178955,1.3228305988377542e-06
7,11.771617889404297,9.725939750671387,1.961012601852417,0.4697680175304413,1.2119618304495816e-06
7,11.771612167358398,9.725939750671387,1.9614453315734863,0.46951407194137573,1.148655201177462e-06
7,11.771604537963867,9.725939750671387,1.9618172645568848,0.4694302976131439,1.1311626622045878e-06
7,11.771597862243652,9.725940704345703,1.9620307683944702,0.46962255239486694,1.2076615121259238e-06
7,11.77143669128418,9.725930213928223,1.9621976613998413,0.4699643850326538,6.220195700734621e-07
8,11.77143669128418,9.725930213928223,1.9622856378555298,0.46997249126434326,1.0457880534886499e-06
8,11.77143669128418,9.725930213928223,1.962455153465271,0.4699960947036743,1.0374886869612965e-06
8,11.77143669128418,9.725930213928223,1.9626967906951904,0.4700462520122528,1.0319652119505918e-06
8,11.771429061889648,9.725931167602539,1.9629998207092285,0.4701228737831116,8.814562875159027e-07
8,11.771421432495117,9.725932121276855,1.9633734226226807,0.4702276289463043,9.95649429569312e-07
9,11.771424293518066,9.725932121276855,1.9634459018707275,0.4702564477920532,1.0354905271015014e-06
9,11.771428108215332,9.725932121276855,1.9636033773422241,0.4702971279621124,9.810565870793653e-07
9,11.77143669128418,9.725932121276855,1.963858723640442,0.47035008668899536,1.112656832447101e-06
9,11.771444320678711,9.725932121276855,1.9641979932785034,0.47041529417037964,9.425555163034005e-07
9,11.771454811096191,9.725932121276855,1.9646053314208984,0.4705137610435486,9.669305427451036e-07
10,11.771453857421875,9.725932121276855,1.9646821022033691,0.4705291986465454,8.864828373589262e-07
10,11.771451950073242,9.725932121276855,1.964834451675415,0.4705629348754883,8.892523055692436e-07
10,11.77149486541748,9.725934982299805,1.9651082754135132,0.4705274999141693,6.523208639919176e-07
10,11.771535873413086,9.725937843322754,1.9653925895690918,0.4705829620361328,8.931234560805024e-07
10,11.771587371826172,9.725940704345703,1.9656707048416138,0.4707498848438263,9.300112537857785e-07
11,11.771820068359375,9.725879669189453,1.9657615423202515,0.47082552313804626,1.936685976033914e-06
11,11.7816801071167,9.72696590423584,1.9628124237060547,0.47234368324279785,9.452225640416145e-06
11,11.79142951965332,9.728056907653809,1.9613078832626343,0.47239723801612854,4.396098574943608e-06
11,11.80105972290039,9.729154586791992,1.961524248123169,0.47069889307022095,5.86221540288534e-06
11,11.810530662536621,9.730253219604492,1.9624133110046387,0.4683955907821655,1.6661235804349417e-06
12,11.81055736541748,9.730254173278809,1.961509108543396,0.4694848358631134,2.8516817565105157e-06
12,11.81058120727539,9.730256080627441,1.9604982137680054,0.47080621123313904,1.1506706414365908e-06
12,11.810505867004395,9.730013847351074,1.9603798389434814,0.4713587164878845,2.216348320871475e-06
12,11.809130668640137,9.729920387268066,1.9621655941009521,0.4703648090362549,5.22043910677894e-06
12,11.807750701904297,9.729825019836426,1.9643118381500244,0.469098836183548,1.1463538385214633e-06
13,11.80767822265625,9.729764938354492,1.963573694229126,0.4700314700603485,2.140397555194795e-06
13,11.801837921142578,9.729944229125977,1.9657917022705078,0.4699799120426178,7.258208825078327e-06
13,11.796416282653809,9.730069160461426,1.9675910472869873,0.47043919563293457,1.5849619785512914e-06
13,11.790997505187988,9.730195045471191,1.9689689874649048,0.4714694917201996,1.2192614349260111e-06
13,11.7855863571167,9.730321884155273,1.97036612033844,0.47258904576301575,7.230841561067791e-07
14,11.80152416229248,9.729879379272461,1.9684579372406006,0.47016608715057373,8.539287591702305e-06
14,11.817630767822266,9.72931957244873,1.965567946434021,0.4686807692050934,2.4050088995863916e-06
14,11.833054542541504,9.728761672973633,1.9614131450653076,0.4686700105667114,3.868763997161295e-06
14,11.848097801208496,9.728287696838379,1.9567910432815552,0.4692371189594269,1.9250833247497212e-06
14,11.86257266998291,9.727810859680176,1.9526309967041016,0.4694288372993469,1.5471542837985908e-06
15,11.862492561340332,9.727792739868164,1.9540163278579712,0.4681028425693512,4.066265773872146e-06
15,11.862412452697754,9.727774620056152,1.955561637878418,0.46674907207489014,1.5251814602379454e-06
15,11.862329483032227,9.727757453918457,1.9561519622802734,0.46659544110298157,3.3362607609888073e-06
15,11.853619575500488,9.729287147521973,1.9556591510772705,0.4705888330936432,2.2692474885843694e-05
15,11.844905853271484,9.730801582336426,1.9568510055541992,0.4729483425617218,5.024441179557471e-06
16,11.844958305358887,9.730801582336426,1.959816336631775,0.46985405683517456,1.3650506843987387e-05
16,11.844347953796387,9.730791091918945,1.9640554189682007,0.4658113420009613,2.9541272397182183e-06
16,11.843929290771484,9.731172561645508,1.9652451276779175,0.4651516377925873,1.5663998055970296e-05
16,11.843599319458008,9.731562614440918,1.9628260135650635,0.468572199344635,2.1874075173400342e-05
16,11.843276977539062,9.731958389282227,1.9594646692276,0.4731408357620239,2.656807282619411e-06
17,11.843423843383789,9.731965065002441,1.9621102809906006,0.470353901386261,1.0870489859371446e-05
17,11.843573570251465,9.73197078704834,1.9651447534561157,0.46726903319358826,1.147876446339069e-06
17,11.843487739562988,9.731595993041992,1.9661067724227905,0.4666998088359833,8.663689186505508e-06
17,11.843484878540039,9.731304168701172,1.9642807245254517,0.46927857398986816,1.2953865734743886e-05
17,11.843460083007812,9.731027603149414,1.9617218971252441,0.4727819859981537,1.9384879124118015e-06
18,11.843499183654785,9.731037139892578,1.9638530015945435,0.47058823704719543,6.858736014692113e-06
18,11.843538284301758,9.731046676635742,1.9662590026855469,0.46821871399879456,9.865332231129287e-07
18,11.836772918701172,9.732258796691895,1.9678459167480469,0.4690746068954468,1.252654692507349e-05
18,11.829297065734863,9.733397483825684,1.9681127071380615,0.471749484539032,4.415834155224729e-06
18,11.821892738342285,9.734546661376953,1.9687161445617676,0.47416263818740845,7.76373099142802e-07
19,11.819975852966309,9.734655380249023,1.9714986085891724,0.4720192551612854,6.501209099951666e-06
19,11.818039894104004,9.734766006469727,1.9742695093154907,0.46998700499534607,5.716033228964079e-07
19,11.816141128540039,9.734878540039062,1.97509765625,0.47016221284866333,6.048510385880945e-06
19,11.808916091918945,9.736745834350586,1.97618567943573,0.47182679176330566,2.5511099011055194e-06
19,11.803220748901367,9.738290786743164,1.9754990339279175,0.47505760192871094,3.419099357415689e-06
20,11.80324935913086,9.738019943237305,1.9768956899642944,0.47365692257881165,2.6190903099632123e-06
20,11.808588981628418,9.737008094787598,1.9752997159957886,0.4739634394645691,4.789649210579228e-06
20,11.813791275024414,9.736000061035156,1.9743764400482178,0.4736853539943695,8.911205782169418e-07
20,11.818832397460938,9.734984397888184,1.9740948677062988,0.47287824749946594,8.877228765413747e-07
20,11.823870658874512,9.733963966369629,1.9739480018615723,0.47201666235923767,5.082181928628415e-07
21,11.823873519897461,9.733966827392578,1.9734790325164795,0.47262054681777954,8.793199981482758e-07
21,11.82387638092041,9.733970642089844,1.9730693101882935,0.47325658798217773,5.095964183965407e-07
21,11.823895454406738,9.73397159576416,1.9732704162597656,0.4733218550682068,8.596662723903137e-07
21,11.825526237487793,9.734519958496094,1.973954677581787,0.47221362590789795,1.519774627922743e-06
21,11.827162742614746,9.735072135925293,1.9743146896362305,0.47155290842056274,7.0052971068435e-07
22,11.827183723449707,9.735068321228027,1.9734139442443848,0.472623348236084,1.6333702888005064e-06
22,11.827204704284668,9.735064506530762,1.9725900888442993,0.47370967268943787,5.139693826095026e-07
22,11.82965087890625,9.73449420928955,1.9719016551971436,0.4738065302371979,1.0038058917416492e-06
22,11.83211612701416,9.733919143676758,1.9724851846694946,0.4726249575614929,2.1682972146663815e-06
22,11.83433723449707,9.73366928100586,1.9728634357452393,0.47179901599884033,5.362323918234324e-07
23,11.835082054138184,9.73378849029541,1.9720762968063354,0.47255346179008484,1.553852030156122e-06
23,11.835837364196777,9.73391056060791,1.971567153930664,0.47310689091682434,5.933602551522199e-07
23,11.836597442626953,9.73403263092041,1.9718704223632812,0.47288861870765686,1.1526458365551662e-06
23,11.837095260620117,9.734051704406738,1.97280752658844,0.4722714424133301,1.077549882211315e-06
23,11.837447166442871,9.734259605407715,1.973446249961853,0.47210729122161865,6.627308835049917e-07
24,11.837432861328125,9.734267234802246,1.9731086492538452,0.4725807309150696,7.080171826601145e-07
24,11.837419509887695,9.734274864196777,1.9728702306747437,0.47304567694664,4.945484874951944e-07
24,11.837414741516113,9.734281539916992,1.973158359527588,0.47304317355155945,7.280992804226116e-07
24,11.837410926818848,9.734288215637207,1.9739230871200562,0.4726305305957794,6.729200094923726e-07
24,11.837421417236328,9.73429012298584,1.9747097492218018,0.47230544686317444,5.515544785339443e-07
25,11.838057518005371,9.734304428100586,1.9739832878112793,0.47302865982055664,1.2592262237376417e-06
25,11.838700294494629,9.734306335449219,1.9735182523727417,0.47357210516929626,5.223823791311588e-07
25,11.848569869995117,9.735508918762207,1.9712810516357422,0.4724830090999603,2.9754978640994523e-06
25,11.858255386352539,9.736700057983398,1.9694678783416748,0.47106796503067017,7.610451575601473e-07
25,11.867471694946289,9.737937927246094,1.9670835733413696,0.4704868793487549,1.0773261465146788e-06
26,11.861084938049316,9.736186027526855,1.9673434495925903,0.4730053246021271,5.356023393687792e-06
26,11.853714942932129,9.73405647277832,1.970033884048462,0.4735625684261322,4.366426765045617e-06
26,11.846417427062988,9.731881141662598,1.9742664098739624,0.47256290912628174,2.6279026315023657e-06
26,11.839179039001465,9.729676246643066,1.9785096645355225,0.4716640114784241,5.335166406439384e-07
26,11.832437515258789,9.727441787719727,1.980770230293274,0.47287702560424805,3.953790383093292e-06
27,11.832430839538574,9.72741985321045,1.9795995950698853,0.47425076365470886,1.7516929347038968e-06
27,11.832426071166992,9.727396011352539,1.9786231517791748,0.4754972457885742,3.1622803930986265e-07
27,11.832489013671875,9.727363586425781,1.9791109561920166,0.47520381212234497,2.169682147723506e-06
27,11.83250617980957,9.72726058959961,1.9806746244430542,0.4738549590110779,1.1854323247462162e-06
27,11.832523345947266,9.727158546447754,1.9818875789642334,0.47297564148902893,4.4339890337141696e-07
28,11.832331657409668,9.727965354919434,1.9802188873291016,0.4748785197734833,2.973105210912763e-06
28,11.832139015197754,9.728775978088379,1.979167103767395,0.4761911928653717,5.529560098693764e-07
28,11.83191204071045,9.7296142578125,1.9801268577575684,0.47541046142578125,3.5701914384844713e-06
28,11.832619667053223,9.730249404907227,1.9821770191192627,0.4731237590312958,1.8264009895574418e-06
28,11.833230018615723,9.730842590332031,1.9830458164215088,0.4722576141357422,1.7002620325001772e-06
29,11.83339786529541,9.730828285217285,1.9806610345840454,0.4748970568180084,5.225205768510932e-06
29,11.833565711975098,9.730813980102539,1.9788256883621216,0.4770203232765198,4.716696935247455e-07
29,11.83345890045166,9.73068618774414,1.9798908233642578,0.4762139916419983,6.457894869527081e-06
29,11.833415985107422,9.730557441711426,1.9828742742538452,0.4733745753765106,3.179806299158372e-06
29,11.833056449890137,9.73023509979248,1.9853235483169556,0.47132816910743713,5.961065312476421e-07
30,11.833149909973145,9.730239868164062,1.9816442728042603,0.4754248261451721,1.1790813914558385e-05
30,11.83549690246582,9.729992866516113,1.9764759540557861,0.4805302619934082,1.540084667794872e-06
30,11.838109016418457,9.729752540588379,1.9778918027877808,0.47852057218551636,3.5416589525993913e-05
30,11.859814643859863,9.732316017150879,1.9771796464920044,0.469864159822464,3.1321727874455974e-05
30,11.880236625671387,9.734818458557129,1.9730387926101685,0.46480053663253784,9.50765115703689e-06
31,11.882107734680176,9.736725807189941,1.9652490615844727,0.47234874963760376,4.143833211855963e-05
31,11.884164810180664,9.73864459991455,1.958829402923584,0.4784804582595825,2.188619646403822e-06
31,11.882168769836426,9.736522674560547,1.9643522500991821,0.4746265411376953,7.350403757300228e-05
31,11.881893157958984,9.733901977539062,1.97021484375,0.4696378707885742,1.0548625368755893e-06
31,11.881620407104492,9.73127555847168,1.974198341369629,0.4668242633342743,4.062229436385678e-06
32,11.881710052490234,9.73134994506836,1.9689329862594604,0.4726748466491699,2.4934141038102098e-05
32,11.881807327270508,9.73104190826416,1.9644362926483154,0.47787564992904663,1.0977294095937395e-06
32,11.886037826538086,9.724296569824219,1.9636751413345337,0.477937251329422,1.969243021449074e-05
32,11.893871307373047,9.718914031982422,1.9673620462417603,0.4714926481246948,3.072039544349536e-05
32,11.901658058166504,9.713540077209473,1.971390724182129,0.4648467004299164,7.80392781507544e-07
33,11.901684761047363,9.713602066040039,1.964972734451294,0.471924751996994,3.7029549275757745e-05
33,11.9016752243042,9.713674545288086,1.9599485397338867,0.47768059372901917,2.1720388758694753e-06
33,11.866250991821289,9.724441528320312,1.987455129623413,0.4672045111656189,0.00019933290604967624
33,11.837228775024414,9.731344223022461,2.0075395107269287,0.464450865983963,4.50881379947532e-05
33,11.812743186950684,9.738357543945312,2.015749454498291,0.47707217931747437,0.00018443353474140167
34,11.812810897827148,9.738429069519043,2.011775255203247,0.4823063910007477,2.172117638110649e-05
34,11.812875747680664,9.738493919372559,2.0080981254577637,0.48708799481391907,2.654116428857378e-07
34,11.813150405883789,9.738764762878418,2.0088210105895996,0.48585084080696106,2.8434167688828893e-05
34,11.81347942352295,9.739049911499023,2.0129213333129883,0.480094313621521,1.6009886167012155e-05
34,11.813904762268066,9.739320755004883,2.0172152519226074,0.47398841381073,1.8199980900135415e-07
35,11.814166069030762,9.740246772766113,2.010519504547119,0.4825688898563385,5.917928501730785e-05
35,11.81442928314209,9.741175651550293,2.0045933723449707,0.49006375670433044,9.429275564798445e-07
35,11.814986228942871,9.74273681640625,2.00571346282959,0.4882063865661621,7.07485742168501e-05
35,11.815691947937012,9.744362831115723,2.012373208999634,0.47914254665374756,4.2980984289897606e-05
35,11.816411018371582,9.746125221252441,2.0170440673828125,0.4726308584213257,5.3773342187923845e-06
36,11.825859069824219,9.7427339553833,2.001108169555664,0.4865386486053467,0.00017180114809889346
36,11.835450172424316,9.739380836486816,1.9902805089950562,0.49385562539100647,3.815514355665073e-05
36,11.845560073852539,9.736181259155273,1.990757703781128,0.4862351417541504,0.0002024202112806961
36,11.857808113098145,9.724204063415527,1.996549367904663,0.4712873101234436,5.8304132835473865e-05
36,11.870476722717285,9.712132453918457,1.9972432851791382,0.46238067746162415,3.515872231218964e-05
37,11.865924835205078,9.708885192871094,1.991652011871338,0.4734761118888855,0.00013104209210723639
37,11.861408233642578,9.70564079284668,1.9838355779647827,0.48692408204078674,8.354953024536371e-06
37,11.857719421386719,9.7050199508667,1.9834446907043457,0.4909712076187134,0.00010030143312178552
37,11.854377746582031,9.704665184020996,1.9935129880905151,0.4827059507369995,0.00017303242930211127
37,11.850320816040039,9.70356273651123,2.0045576095581055,0.4737952947616577,8.001969149518118e-07
38,11.85067367553711,9.703302383422852,2.0003128051757812,0.4786975085735321,2.8187158022774383e-05
38,11.851028442382812,9.70304012298584,1.9958654642105103,0.48383471369743347,6.559609744272166e-08
38,11.8526611328125,9.70268440246582,1.9949523210525513,0.483865886926651,3.061218012589961e-05
38,11.854310035705566,9.70238971710205,1.9979866743087769,0.47923755645751953,2.5188797735609114e-05
38,11.856097221374512,9.701838493347168,2.0016260147094727,0.4738315939903259,7.302439257728111e-07
39,11.856406211853027,9.70134162902832,1.9979077577590942,0.4781181216239929,2.1301781089277938e-05
39,11.856714248657227,9.700844764709473,1.9941617250442505,0.4824415147304535,4.485818383415108e-09
39,11.85620403289795,9.699033737182617,1.9931166172027588,0.48431500792503357,7.037605428195093e-06
39,11.855717658996582,9.697776794433594,1.9966917037963867,0.48073363304138184,3.401617505005561e-05
39,11.856642723083496,9.697254180908203,2.0021746158599854,0.4738464951515198,1.2728301953757182e-05
40,11.856706619262695,9.697284698486328,1.9985299110412598,0.4781569838523865,2.1343017579056323e-05
40,11.856770515441895,9.697315216064453,1.994607925415039,0.4827956259250641,1.2276581173864543e-07
40,11.857216835021973,9.698062896728516,1.9940705299377441,0.48316362500190735,2.095009585900698e-05
40,11.858879089355469,9.698478698730469,1.9969918727874756,0.4786798655986786,2.6711486498243175e-05
40,11.860647201538086,9.698868751525879,2.0004642009735107,0.4734996259212494,5.587987743638223e-07
41,11.86066722869873,9.698890686035156,1.9968639612197876,0.477762371301651,2.056187076959759e-05
41,11.860685348510742,9.698891639709473,1.9930918216705322,0.48223623633384705,5.666931457426472e-08
41,11.86099624633789,9.698795318603516,1.9925528764724731,0.4827796220779419,1.7496669897809625e-05
41,11.862813949584961,9.698060989379883,1.9953714609146118,0.47845202684402466,2.6515010176808573e-05
41,11.868093490600586,9.694221496582031,1.9945378303527832,0.47624728083610535,5.306831553753e-06
42,11.868091583251953,9.694202423095703,1.9936466217041016,0.4773154854774475,1.272685494768666e-06
42,11.868095397949219,9.694230079650879,1.9925342798233032,0.4786587953567505,1.1174806502367574e-07
42,11.869711875915527,9.694825172424316,1.992620825767517,0.47742998600006104,7.18171304470161e-06
42,11.871335983276367,9.695425987243652,1.9929063320159912,0.47598981857299805,8.471962331668692e-08
42,11.872973442077637,9.696030616760254,1.9923429489135742,0.47556087374687195,1.132026341110759e-06
43,11.872963905334473,9.696041107177734,1.9913150072097778,0.47680044174194336,1.6498146351295873e-06
43,11.874924659729004,9.695501327514648,1.9905614852905273,0.4763656556606293,2.9517957500502234e-06
43,11.876895904541016,9.694958686828613,1.9895941019058228,0.4762083888053894,1.458183760405518e-07
43,11.879437446594238,9.69447135925293,1.9889845848083496,0.475231409072876,7.054553066154767e-07
43,11.88200855255127,9.693964004516602,1.9876245260238647,0.47515520453453064,9.157735121334554e-07
44,11.882095336914062,9.694058418273926,1.9868581295013428,0.4760373830795288,9.039490578288678e-07
44,11.882329940795898,9.694291114807129,1.9865230321884155,0.47633206844329834,4.2985200821021863e-07
44,11.882494926452637,9.69454574584961,1.9865858554840088,0.47627586126327515,2.914684671395662e-07
44,11.88266372680664,9.69478988647461,1.987047791481018,0.4758028984069824,2.983745730489318e-07
44,11.882835388183594,9.695035934448242,1.9874821901321411,0.4754121005535126,1.3303885282311967e-07
45,11.889840126037598,9.692654609680176,1.9814660549163818,0.4779914319515228,7.085389370331541e-06
45,11.896839141845703,9.690275192260742,1.9779717922210693,0.4776628613471985,8.28557585919043e-06
45,11.905155181884766,9.688569068908691,1.9763176441192627,0.47414156794548035,9.737643267726526e-06
45,11.913107872009277,9.68674087524414,1.9758042097091675,0.46964213252067566,1.5064465515024494e-06
45,11.920964241027832,9.684934616088867,1.9727966785430908,0.4681878089904785,9.1532829173957e-06
46,11.920992851257324,9.683572769165039,1.9700549840927124,0.47161826491355896,1.1399822142266203e-05
46,11.920934677124023,9.682272911071777,1.9669150114059448,0.47566869854927063,8.870666192706267e-07
46,11.920866012573242,9.680907249450684,1.9672964811325073,0.47577965259552,1.5127318874874618e-05
46,11.920900344848633,9.679557800292969,1.9710898399353027,0.47197967767715454,1.4666614333691541e-05
46,11.914887428283691,9.680900573730469,1.982187271118164,0.464239239692688,1.6831665561767295e-05
47,11.915103912353516,9.680953025817871,1.974777340888977,0.4730939269065857,7.411689148284495e-05
47,11.915098190307617,9.680981636047363,1.9682044982910156,0.4812353253364563,1.1075987913500285e-06
47,11.915070533752441,9.680834770202637,1.9689851999282837,0.4810660481452942,6.687285349471495e-05
47,11.919321060180664,9.67379379272461,1.9723247289657593,0.4754638969898224,2.8448055672924966e-05
47,11.924054145812988,9.66695785522461,1.9773253202438354,0.46770235896110535,5.075741228210973e-06
48,11.925161361694336,9.66635513305664,1.9729716777801514,0.47218409180641174,1.9830302335321903e-05
48,11.926270484924316,9.665762901306152,1.968414068222046,0.47700417041778564,6.371265044435859e-07
48,11.92640495300293,9.664408683776855,1.9691039323806763,0.47670507431030273,2.6166408133576624e-05
48,11.929049491882324,9.673996925354004,1.9711092710494995,0.4723380208015442,1.6603860785835423e-05
48,11.931681632995605,9.683448791503906,1.973539113998413,0.4676251709461212,7.771875516482396e-07
49,11.931737899780273,9.683481216430664,1.9699491262435913,0.4718707203865051,1.760842314979527e-05
49,11.931794166564941,9.683513641357422,1.9664932489395142,0.4760732352733612,6.609511160604598e-07
49,11.92854118347168,9.685194969177246,1.9705594778060913,0.4741230010986328,3.706465940922499e-05
49,11.925625801086426,9.686995506286621,1.9750663042068481,0.4714581370353699,7.480529120584833e-07
49,11.922775268554688,9.688796043395996,1.9785672426223755,0.4700181186199188,1.8973438500324846e-06
50,11.920114517211914,9.690264701843262,1.9764606952667236,0.4742821156978607,1.686985524429474e-05
50,11.905029296875,9.700678825378418,1.986757755279541,0.4730992615222931,2.9035871193627827e-05
50,11.890332221984863,9.712573051452637,1.9947184324264526,0.4747006297111511,7.138142336771125e-06
50,11.875968933105469,9.727357864379883,1.9998365640640259,0.47964057326316833,1.010112464427948e-05
50,11.862100601196289,9.741606712341309,2.0049610137939453,0.4845716655254364,1.5075862336288992e-08
51,11.86210823059082,9.741632461547852,2.0081849098205566,0.4807197153568268,1.3249426046968438e-05
51,11.862115859985352,9.741659164428711,2.011279582977295,0.4769933223724365,6.473878499946295e-08
51,11.862055778503418,9.741661071777344,2.0111939907073975,0.47712230682373047,1.3288135050970595e-05
51,11.861998558044434,9.741559028625488,2.007896661758423,0.4810873866081238,1.2979816347069573e-05
51,11.861940383911133,9.741456031799316,2.0047543048858643,0.4848329424858093,9.112422105772566e-08
52,11.862577438354492,9.741270065307617,2.0083420276641846,0.4800933599472046,1.9588522263802588e-05
52,11.863224029541016,9.741022109985352,2.0113682746887207,0.4759964048862457,4.2062086436089885e-07
52,11.86391830444336,9.740787506103516,2.0102102756500244,0.47685155272483826,2.135806789738126e-05
52,11.863821983337402,9.74118423461914,2.0081613063812256,0.47934073209762573,2.3632417196495226e-06
52,11.863675117492676,9.741968154907227,2.004879951477051,0.4832717776298523,1.8266011920786696e-06
53,11.863716125488281,9.742011070251465,2.0072834491729736,0.48038071393966675,7.074512723193038e-06
53,11.863880157470703,9.74194049835205,2.010097026824951,0.4768943786621094,3.313933802928659e-07
53,11.863814353942871,9.741375923156738,2.012568950653076,0.4740280210971832,5.663456477122963e-07
53,11.863571166992188,9.740936279296875,2.00942063331604,0.4780174195766449,3.9270500565180555e-05
53,11.863346099853516,9.740500450134277,2.0038530826568604,0.4848165214061737,6.766957085346803e-06
54,11.876975059509277,9.751776695251465,2.00321102142334,0.4739445447921753,0.00010350765660405159
54,11.890488624572754,9.762836456298828,1.9978206157684326,0.4683402180671692,2.4158893211279064e-05
54,11.904118537902832,9.773571968078613,1.984827995300293,0.4716891944408417,7.012550486251712e-05
54,11.916732788085938,9.780438423156738,1.971289873123169,0.47715818881988525,4.003357389592566e-06
54,11.928892135620117,9.786161422729492,1.9618210792541504,0.4781875014305115,1.7975937225855887e-05
55,11.921300888061523,9.79496955871582,1.9756145477294922,0.4673633873462677,0.00010761385055957362
55,11.913802146911621,9.803707122802734,1.98541259765625,0.46156078577041626,2.307575414306484e-05
55,11.907186508178711,9.812908172607422,1.9855542182922363,0.4677647650241852,0.00013090418360661715
55,11.90093994140625,9.82276439666748,1.9802632331848145,0.48034417629241943,4.1294071706943214e-05
55,11.89406681060791,9.832980155944824,1.9797183275222778,0.48767054080963135,2.636094723129645e-05
56,11.894842147827148,9.832918167114258,1.9885601997375488,0.4766179025173187,0.0001235613744938746
56,11.895994186401367,9.832747459411621,1.9968037605285645,0.4661932587623596,4.626555778486363e-07
56,11.897488594055176,9.832623481750488,1.9970508813858032,0.46540242433547974,9.71485860645771e-05
56,11.899554252624512,9.832871437072754,1.9885838031768799,0.47490596771240234,0.00011252078547840938
56,11.901619911193848,9.833168983459473,1.9793869256973267,0.48529231548309326,1.2920418157591484e-06
57,11.89966869354248,9.833255767822266,1.9883387088775635,0.47642919421195984,8.864940173225477e-05
57,11.897696495056152,9.833342552185059,1.997329831123352,0.4675518572330475,1.3072857996121456e-07
57,11.895915031433105,9.833492279052734,1.9995005130767822,0.46689581871032715,7.781409658491611e-05
57,11.89445686340332,9.833680152893066,1.9940006732940674,0.47534435987472534,9.607167885405943e-05
57,11.893007278442383,9.833894729614258,1.9871430397033691,0.48530712723731995,3.2500083761988208e-06
58,11.892868041992188,9.835245132446289,1.9933197498321533,0.4782416522502899,6.036031118128449e-05
58,11.894420623779297,9.840353965759277,1.996858835220337,0.47282320261001587,3.4906656765087973e-06
58,11.896356582641602,9.845292091369629,1.9966849088668823,0.471536785364151,2.0724861315102316e-05
58,11.898565292358398,9.850083351135254,1.9921356439590454,0.47527092695236206,3.013469722645823e-05
58,11.900660514831543,9.854920387268066,1.9866344928741455,0.48024308681488037,1.8691296190809226e-06
59,11.901058197021484,9.85460376739502,1.9893600940704346,0.4768497049808502,1.3793718608212657e-05
59,11.901460647583008,9.854284286499023,1.992408275604248,0.47311556339263916,2.1293666918609233e-07
59,11.901893615722656,9.854008674621582,1.9928892850875854,0.472415030002594,1.0951704098260961e-05
59,11.901354789733887,9.84946346282959,1.9919756650924683,0.4744186997413635,8.587358934164513e-06
59,11.902976036071777,9.841416358947754,1.9878385066986084,0.4789467453956604,7.470941454812419e-06
60,11.902966499328613,9.841401100158691,1.9897798299789429,0.47674158215522766,5.700000201613875e-06
60,11.902957916259766,9.841384887695312,1.9919097423553467,0.4743522107601166,1.1106633479585071e-07
60,11.902948379516602,9.841375350952148,1.9923298358917236,0.47400209307670593,4.800964234163985e-06
60,11.902960777282715,9.841378211975098,1.990703821182251,0.47606924176216125,6.597539140784647e-06
60,11.902975082397461,9.84138298034668,1.9886549711227417,0.47866255044937134,3.620976656293351e-07
61,11.902904510498047,9.841438293457031,1.9903391599655151,0.47679585218429565,3.93953860111651e-06
61,11.902832984924316,9.841492652893066,1.9921575784683228,0.47480782866477966,8.218305680429694e-08
61,11.902782440185547,9.841543197631836,1.9924657344818115,0.47460612654685974,3.537573775247438e-06
61,11.910834312438965,9.837515830993652,1.984610915184021,0.4785160720348358,1.8154683857574128e-05
61,11.918853759765625,9.833468437194824,1.9789663553237915,0.4798864424228668,7.164612270571524e-06
62,11.918910026550293,9.833528518676758,1.9830209016799927,0.4751735031604767,2.405543091299478e-05
62,11.918967247009277,9.833587646484375,1.9873055219650269,0.4702550768852234,2.5422525595786283e-07
62,11.91907024383545,9.833662986755371,1.9878462553024292,0.4698318839073181,2.1734425899921916e-05
62,11.920341491699219,9.834969520568848,1.9833879470825195,0.47449347376823425,2.745011806837283e-05
62,11.921293258666992,9.835898399353027,1.9787434339523315,0.47965362668037415,3.175437939262338e-07
63,11.922012329101562,9.836551666259766,1.982127070426941,0.4752011299133301,2.1185534933465533e-05
63,11.922757148742676,9.837187767028809,1.9858498573303223,0.47040241956710815,3.4000254345301073e-07
63,11.923517227172852,9.838199615478516,1.9860939979553223,0.46975821256637573,1.8383718270342797e-05
63,11.924325942993164,9.839252471923828,1.9823840856552124,0.473839670419693,2.3403172235703096e-05
63,11.925142288208008,9.840312004089355,1.9780941009521484,0.4786622226238251,7.960388188621437e-07
64,11.925179481506348,9.840343475341797,1.981549620628357,0.4746975302696228,1.6639469322399236e-05
64,11.925211906433105,9.840373992919922,1.9851906299591064,0.4705926775932312,2.778279224457947e-07
64,11.925284385681152,9.84043025970459,1.985566258430481,0.4703848659992218,1.5862000509514473e-05
64,11.925518989562988,9.840502738952637,1.98238205909729,0.47433480620384216,1.7777994798962027e-05
64,11.925701141357422,9.840543746948242,1.9794121980667114,0.4782293438911438,5.582777475865441e-07
65,11.925737380981445,9.840561866760254,1.9823893308639526,0.47482532262802124,1.2004640666418709e-05
65,11.925773620605469,9.840579986572266,1.9854192733764648,0.47142234444618225,2.067884565803979e-07
65,11.926816940307617,9.841666221618652,1.9850281476974487,0.4713371992111206,1.1276839359197766e-05
65,11.93022632598877,9.842132568359375,1.9807963371276855,0.47426536679267883,9.301192221755628e-06
65,11.933646202087402,9.842601776123047,1.9765490293502808,0.4772874116897583,2.8127695372859307e-07
66,11.932432174682617,9.842174530029297,1.9806890487670898,0.4734899699687958,1.4688535884488374e-05
66,11.930917739868164,9.841392517089844,1.9842376708984375,0.4706674814224243,1.1134953865621355e-06
66,11.929431915283203,9.840625762939453,1.9846407175064087,0.47161948680877686,1.3984795259602834e-05
66,11.928762435913086,9.84004020690918,1.9821001291275024,0.4755379557609558,8.650362360640429e-06
66,11.927915573120117,9.839155197143555,1.9804437160491943,0.4786590337753296,9.454479936721327e-07
67,11.926596641540527,9.840503692626953,1.9847689867019653,0.4745723605155945,1.6210855392273515e-05
67,11.925271034240723,9.8418607711792,1.9886101484298706,0.4711129069328308,5.526982818082615e-07
67,11.925191879272461,9.843506813049316,1.9880342483520508,0.4720483720302582,1.8299338989891112e-05
67,11.925722122192383,9.846193313598633,1.9840887784957886,0.4765223562717438,1.179769060399849e-05
67,11.926419258117676,9.849064826965332,1.9810227155685425,0.47988903522491455,1.3103299352223985e-06
68,11.926482200622559,9.849051475524902,1.985061526298523,0.4752480089664459,2.020726060436573e-05
68,11.926384925842285,9.849170684814453,1.9889103174209595,0.470967173576355,2.1296678198723384e-07
68,11.926280975341797,9.849365234375,1.9889448881149292,0.4712400734424591,1.923783747770358e-05
68,11.926226615905762,9.849567413330078,1.9852997064590454,0.47586357593536377,1.7376420146320015e-05
68,11.926173210144043,9.849769592285156,1.9819945096969604,0.4801423251628876,2.693308829293528e-07
69,11.926203727722168,9.849773406982422,1.9861289262771606,0.47543346881866455,2.0403729649842717e-05
69,11.92623519897461,9.849777221679688,1.9901586771011353,0.47090500593185425,1.721340652238723e-07
69,11.926248550415039,9.851974487304688,1.989842176437378,0.4713965058326721,2.294844489370007e-05
69,11.924677848815918,9.852123260498047,1.9870364665985107,0.47605472803115845,1.5647152395104058e-05
69,11.923107147216797,9.852275848388672,1.984403133392334,0.4805496633052826,1.408177467965288e-07
70,11.923184394836426,9.852304458618164,1.9884352684020996,0.4759484827518463,1.9108680135104805e-05
70,11.923267364501953,9.852328300476074,1.9923290014266968,0.47155526280403137,1.4070823795009346e-07
70,11.923444747924805,9.85229778289795,1.9920706748962402,0.4719861149787903,2.079932892229408e-05
70,11.923405647277832,9.85378360748291,1.988031268119812,0.4768974781036377,1.7788757759262808e-05
70,11.926671981811523,9.85922622680664,1.983241319656372,0.48023226857185364,2.255302661069436e-06
71,11.926729202270508,9.859262466430664,1.9873019456863403,0.47562190890312195,1.8850194464903325e-05
71,11.92673110961914,9.859222412109375,1.9912681579589844,0.4711977243423462,1.0588440346737116e-07
71,11.92680835723877,9.859232902526855,1.9909673929214478,0.4717394709587097,2.1630272385664284e-05
71,11.927055358886719,9.859331130981445,1.9867643117904663,0.4767440855503082,1.7331092749373056e-05
71,11.9273042678833,9.859432220458984,1.983321189880371,0.48092347383499146,7.273696382981143e-07
72,11.927412986755371,9.859620094299316,1.987919569015503,0.47568774223327637,2.3911492462502792e-05
72,11.92768383026123,9.85992431640625,1.9921350479125977,0.47086241841316223,3.1581515713696717e-07
72,11.934804916381836,9.861590385437012,1.987127423286438,0.47224530577659607,3.3202792110387236e-05
72,11.941911697387695,9.863292694091797,1.9794329404830933,0.47685274481773376,9.017989214044064e-06
72,11.949148178100586,9.865118980407715,1.9737651348114014,0.47909295558929443,5.1205693125666585e-06
73,11.945734977722168,9.851150512695312,1.9825961589813232,0.4722617268562317,4.1355724533787e-05
73,11.941556930541992,9.838460922241211,1.9895696640014648,0.4680756628513336,6.196695721882861e-06
73,11.937376022338867,9.826070785522461,1.9904232025146484,0.47132036089897156,4.718434502137825e-05
73,11.937417984008789,9.814297676086426,1.9848642349243164,0.4794059097766876,2.053341086138971e-05
73,11.937614440917969,9.80270004272461,1.9823130369186401,0.483951598405838,1.100611643778393e-05
74,11.937848091125488,9.80276107788086,1.9892830848693848,0.47589805722236633,5.703217175323516e-05
74,11.938098907470703,9.802826881408691,1.9958804845809937,0.4683343470096588,2.5714186335790146e-07
74,11.939496994018555,9.802833557128906,1.994756817817688,0.46921658515930176,6.328776362352073e-05
74,11.941418647766113,9.803319931030273,1.9870957136154175,0.4774817228317261,4.892679862678051e-05
74,11.943495750427246,9.804167747497559,1.9806456565856934,0.4842689037322998,1.9834828890452627e-06
75,11.943737983703613,9.804072380065918,1.98806631565094,0.4758065342903137,6.616557948291302e-05
75,11.943979263305664,9.803964614868164,1.995281457901001,0.46765273809432983,1.5485881021959358e-07
75,11.944416999816895,9.803949356079102,1.9951096773147583,0.468088299036026,6.910260708536953e-05
75,11.936493873596191,9.800226211547852,1.9933401346206665,0.47578614950180054,4.9785034207161516e-05
75,11.929808616638184,9.796698570251465,1.9894423484802246,0.4850921630859375,2.85477472061757e-06
76,11.929950714111328,9.796757698059082,1.9959349632263184,0.47790172696113586,5.036404400016181e-05
76,11.930092811584473,9.796817779541016,2.0023653507232666,0.4708091616630554,1.564388973918085e-08
76,11.930536270141602,9.796967506408691,2.002307653427124,0.47091400623321533,5.094633888802491e-05
76,11.93134880065918,9.797215461730957,1.995789647102356,0.478130042552948,4.9797006795415655e-05
76,11.932164192199707,9.797465324401855,1.9894455671310425,0.4851556122303009,3.6836365069348176e-08
77,11.932290077209473,9.797564506530762,1.9959388971328735,0.47802695631980896,5.110835627419874e-05
77,11.932416915893555,9.797664642333984,2.0024147033691406,0.4709450304508209,1.2650835046201792e-08
77,11.923975944519043,9.799612045288086,2.010087013244629,0.46725863218307495,1.1819053725048434e-05
77,11.90597915649414,9.799757957458496,2.0166049003601074,0.4712511897087097,5.962914292467758e-05
77,11.886149406433105,9.800329208374023,2.0183019638061523,0.4826595187187195,5.921002593822777e-05
78,11.886246681213379,9.800369262695312,2.0172901153564453,0.4836311638355255,1.2529784498838126e-06
78,11.886343955993652,9.800408363342285,2.0166444778442383,0.4841369688510895,4.4573917534762586e-07
78,11.887924194335938,9.80344295501709,2.0126638412475586,0.48705223202705383,6.634446435782593e-06
78,11.889692306518555,9.806407928466797,2.0124499797821045,0.4857087731361389,1.8532336980570108e-05
78,11.891507148742676,9.809381484985352,2.015049457550049,0.4812332093715668,9.9852504718001e-06
79,11.89445972442627,9.804618835449219,2.0157806873321533,0.4788280427455902,6.6452998908062e-06
79,11.897456169128418,9.799877166748047,2.0135672092437744,0.4795832633972168,1.0150388334295712e-05
79,11.901090621948242,9.794246673583984,2.008491277694702,0.4830917716026306,7.637977432750631e-06
79,11.912338256835938,9.789546966552734,2.0042502880096436,0.48062863945961,3.516009746817872e-05
79,11.923358917236328,9.784842491149902,2.000476837158203,0.47762009501457214,2.9460309747264546e-07
80,11.92330265045166,9.784723281860352,1.999593734741211,0.4786404073238373,1.0059555961561273e-06
80,11.923259735107422,9.784598350524902,1.9984749555587769,0.47991347312927246,5.895326182780991e-08
80,11.92320728302002,9.784475326538086,1.9983711242675781,0.48008304834365845,1.1680241414069314e-06
80,11.923110008239746,9.78429889678955,1.9994046688079834,0.47904276847839355,1.3763684592049685e-06
80,11.923050880432129,9.784167289733887,2.000230073928833,0.4782068133354187,4.184450475008816e-08
81,11.92300033569336,9.784213066101074,1.9997637271881104,0.47875210642814636,2.738244688771374e-07
81,11.923676490783691,9.78409481048584,1.9978299140930176,0.48043909668922424,1.1812069260486169e-06
81,11.924217224121094,9.783010482788086,1.996893048286438,0.4811928868293762,8.226942895817047e-07
81,11.92481803894043,9.781984329223633,1.9983174800872803,0.4793281853199005,6.156690233183326e-06
81,11.925395965576172,9.78097915649414,2.000354528427124,0.47681212425231934,3.7086820725562575e-07
82,11.925418853759766,9.781001091003418,1.9985829591751099,0.4787547290325165,3.323736564198043e-06
82,11.92675495147705,9.780533790588379,1.9972951412200928,0.4793146550655365,1.701745304671931e-06
82,11.92808723449707,9.780069351196289,1.9968187808990479,0.47899577021598816,6.764153681615426e-07
82,11.929427146911621,9.779603958129883,1.997005581855774,0.4779554605484009,4.506260893322178e-07
82,11.930715560913086,9.779325485229492,1.9969360828399658,0.47723090648651123,9.80249552640089e-08
83,11.93075180053711,9.77949333190918,1.9960036277770996,0.4782388508319855,8.599317311563937e-07
83,11.930789947509766,9.779664039611816,1.9952929019927979,0.47901788353919983,5.700375993455964e-08
83,11.930840492248535,9.779825210571289,1.9955753087997437,0.4787168502807617,9.824989319895394e-07
83,11.930896759033203,9.779975891113281,1.9965535402297974,0.4776661992073059,4.7021873683661397e-07
83,11.930940628051758,9.780098915100098,1.9972772598266602,0.4769204258918762,8.576436982821178e-08
84,11.931024551391602,9.7800931930542,1.9960335493087769,0.47825008630752563,1.4186490489009884e-06
84,11.931110382080078,9.780086517333984,1.9950138330459595,0.47934895753860474,5.594113261508937e-08
84,11.930907249450684,9.779814720153809,1.9951847791671753,0.47938093543052673,9.2604079782177e-07
84,11.930724143981934,9.779168128967285,1.9965929985046387,0.47808513045310974,1.387011479891953e-06
84,11.930550575256348,9.778519630432129,1.9978886842727661,0.47692301869392395,2.437575119529356e-08
85,11.93055534362793,9.778526306152344,1.9966093301773071,0.4783424437046051,1.5385853657789994e-06
85,11.930553436279297,9.778539657592773,1.9953722953796387,0.4797377586364746,1.2460949605497262e-08
85,11.930980682373047,9.779641151428223,1.9958842992782593,0.4788760244846344,3.846095751214307e-06
85,11.931416511535645,9.78073787689209,1.9972021579742432,0.47714173793792725,5.71558359752089e-07
85,11.931852340698242,9.781854629516602,1.997558355331421,0.4764803946018219,8.640973874207702e-07
86,11.931873321533203,9.781815528869629,1.9959313869476318,0.4782772958278656,2.353417130507296e-06
86,11.932148933410645,9.781546592712402,1.9946739673614502,0.47952112555503845,2.3714626706805575e-07
86,11.932406425476074,9.781352043151855,1.9950799942016602,0.47897306084632874,2.3276088541024365e-06
86,11.932512283325195,9.781265258789062,1.9965856075286865,0.47733864188194275,8.512064368915162e-07
86,11.932546615600586,9.781183242797852,1.9975812435150146,0.47632789611816406,2.8682524089163053e-07
87,11.93255615234375,9.78122329711914,1.995764970779419,0.4783371388912201,2.8084741643397138e-06
87,11.932576179504395,9.781208038330078,1.9942575693130493,0.48002177476882935,8.966093645312867e-08
87,11.930895805358887,9.781450271606445,1.9952598810195923,0.48015087842941284,1.7273808907702914e-06
87,11.929197311401367,9.781720161437988,1.998408317565918,0.47795864939689636,3.6595492929336615e-06
87,11.927491188049316,9.781994819641113,2.0010292530059814,0.4763585329055786,2.4456244318571407e-07
88,11.92751407623291,9.782034873962402,1.9984471797943115,0.4791995584964752,5.369062819227111e-06
88,11.927538871765137,9.782073020935059,1.99643874168396,0.48141443729400635,2.6996397650691506e-07
88,11.927593231201172,9.782108306884766,1.9974910020828247,0.4802766442298889,7.398567504424136e-06
88,11.936820030212402,9.788069725036621,1.9974597692489624,0.47383254766464233,1.8609949620440602e-05
88,11.946144104003906,9.794017791748047,1.993148684501648,0.47196164727211,1.3826687791151926e-05
89,11.945772171020508,9.794280052185059,1.988513469696045,0.4773615300655365,1.9131388398818672e-05
89,11.945441246032715,9.794754981994629,1.9849992990493774,0.48154211044311523,1.073483190339175e-06
89,11.945211410522461,9.795244216918945,1.9872764348983765,0.4794735014438629,2.5571318474248983e-05
89,11.947927474975586,9.793768882751465,1.9902912378311157,0.4747523069381714,4.57119358543423e-06
89,11.950660705566406,9.792289733886719,1.9916011095046997,0.4719350039958954,2.4369223865505774e-06
90,11.946202278137207,9.791085243225098,1.9899049997329712,0.47692373394966125,1.6042931747506373e-05
90,11.94174575805664,9.789873123168945,1.9885956048965454,0.481533020734787,1.6711645400846464e-07
90,11.936469078063965,9.786904335021973,1.99293851852417,0.48082923889160156,1.8171253032051027e-05
90,11.93117904663086,9.78390884399414,2.000664710998535,0.47646626830101013,8.501499905833043e-06
90,11.925887107849121,9.780986785888672,2.00592303276062,0.47480130195617676,4.628827355190879e-06
91,11.926032066345215,9.781105995178223,2.000612258911133,0.48056480288505554,2.0903411495964974e-05
91,11.926173210144043,9.781949043273926,1.9968852996826172,0.4845508337020874,2.0060003862454323e-06
91,11.926471710205078,9.782807350158691,1.999165415763855,0.48194289207458496,2.7140627935295925e-05
91,11.926810264587402,9.783652305603027,2.0044779777526855,0.4760184586048126,6.8855169956805184e-06
91,11.930468559265137,9.796073913574219,2.001023530960083,0.4767951965332031,2.811701961036306e-05
92,11.930490493774414,9.796101570129395,1.99873685836792,0.47929617762565613,3.839503733615857e-06
92,11.930864334106445,9.797079086303711,1.9975335597991943,0.48032140731811523,1.3538549410441192e-06
92,11.931267738342285,9.798051834106445,1.9982281923294067,0.47926461696624756,2.626045670695021e-06
92,11.931662559509277,9.799028396606445,1.999639868736267,0.4774370789527893,3.525827878547716e-07
92,11.932059288024902,9.800004959106445,1.9997007846832275,0.4770964980125427,1.3228051329861046e-06
93,11.932389259338379,9.799925804138184,1.9997413158416748,0.47683513164520264,4.741923476103693e-08
93,11.9319486618042,9.800305366516113,1.9991865158081055,0.4777202010154724,7.705358484599856e-07
93,11.931506156921387,9.80073070526123,1.9976073503494263,0.47973325848579407,7.266446573339636e-07
93,11.930743217468262,9.801109313964844,1.9970159530639648,0.48090124130249023,4.213721354062727e-07
93,11.929998397827148,9.80150318145752,1.999094009399414,0.4791593551635742,4.797931978828274e-06
94,11.929985046386719,9.801490783691406,1.9994651079177856,0.47876715660095215,8.648998317539736e-08
94,11.929971694946289,9.80147933959961,1.999851107597351,0.4783611595630646,3.2562350038567445e-10
94,11.930947303771973,9.80056381225586,1.998300552368164,0.47947660088539124,1.2779482858604752e-06
94,11.933518409729004,9.800281524658203,1.9979103803634644,0.47821927070617676,3.074557753279805e-06
94,11.9360990524292,9.799997329711914,1.9973089694976807,0.4771965742111206,3.430736228438036e-08
95,11.936308860778809,9.799664497375488,1.9960287809371948,0.4784989058971405,9.0990727130702e-07
95,11.941071510314941,9.806748390197754,1.989027976989746,0.4827001094818115,4.496267138165422e-06
95,11.94567584991455,9.815422058105469,1.9887537956237793,0.4796287715435028,2.8096446840208955e-05
95,11.950270652770996,9.824048042297363,1.9920120239257812,0.47279947996139526,7.67176243243739e-06
95,11.955061912536621,9.832709312438965,1.9908596277236938,0.47072550654411316,1.2151471310062334e-05
96,11.954580307006836,9.832722663879395,1.9850492477416992,0.47750866413116455,2.4624592697364278e-05
96,11.954185485839844,9.832778930664062,1.981388807296753,0.48196566104888916,3.0548148970410693e-06
96,11.962018013000488,9.841768264770508,1.977803349494934,0.48031020164489746,1.9970508219557814e-05
96,11.969935417175293,9.850656509399414,1.9811757802963257,0.4713006019592285,2.9731592803727835e-05
96,11.97780990600586,9.859354972839355,1.9813733100891113,0.46582531929016113,6.994021987338783e-06
97,11.977886199951172,9.859254837036133,1.9726252555847168,0.47536972165107727,5.1062666898360476e-05
97,11.97707462310791,9.859345436096191,1.9684730768203735,0.4807913303375244,1.0151436981686857e-05
97,11.978811264038086,9.858826637268066,1.9714717864990234,0.47724395990371704,4.537286076811142e-05
97,11.980076789855957,9.858113288879395,1.9744949340820312,0.4739994704723358,1.7438061661323445e-07
97,11.981348991394043,9.857396125793457,1.9788018465042114,0.46952512860298157,1.3054202554485528e-06
98,11.981332778930664,9.85739517211914,1.9743623733520508,0.47439563274383545,1.3405377103481442e-05
98,11.981354713439941,9.857556343078613,1.971528172492981,0.4776577055454254,1.9048884496442042e-06
98,11.981439590454102,9.85774040222168,1.9745794534683228,0.4748547077178955,2.0691670215455815e-05
98,11.981529235839844,9.857931137084961,1.9797959327697754,0.46988868713378906,3.019388714164961e-06
98,11.957901000976562,9.84305477142334,1.9914965629577637,0.4762580096721649,7.066124089760706e-05
99,11.957788467407227,9.843181610107422,1.9908292293548584,0.47709226608276367,4.21063703015534e-07
99,11.957618713378906,9.843233108520508,1.9905762672424316,0.47758403420448303,1.4218531418919156e-07
99,11.957505226135254,9.843216896057129,1.9911932945251465,0.4771445691585541,5.227154815656831e-07
99,11.957205772399902,9.844610214233398,1.9913049936294556,0.47734177112579346,2.6969445343638654e-07
99,11.95690631866455,9.846009254455566,1.9919449090957642,0.47701340913772583,1.9913387916403735e-07
100,11.95690631866455,9.846009254455566,1.9919565916061401,0.4770219326019287,4.751411708525666e-08
100,11.95689868927002,9.84600830078125,1.9919633865356445,0.47705426812171936,3.04292093744607e-08
100,11.956836700439453,9.846085548400879,1.992169737815857,0.47693774104118347,1.1495927765281522e-07
100,11.956709861755371,9.846197128295898,1.9925312995910645,0.4767521321773529,1.2661911341638188e-07
100,11.956583976745605,9.846307754516602,1.9926913976669312,0.47680529952049255,1.5444183532054012e-07
101,11.956605911254883,9.846291542053223,1.9924976825714111,0.47702255845069885,1.363787305308506e-07
101,11.956629753112793,9.84627628326416,1.9922444820404053,0.47732385993003845,5.561506810636274e-08
101,11.95665454864502,9.846260070800781,1.992128849029541,0.477496474981308,7.591992101652068e-08
101,11.956682205200195,9.846254348754883,1.9922713041305542,0.4774087071418762,1.741248922826344e-07
101,11.956710815429688,9.846248626708984,1.9926007986068726,0.47713953256607056,1.0497966940192782e-07
102,11.956710815429688,9.846248626708984,1.9925962686538696,0.4771649241447449,4.16737293562619e-08
102,11.956710815429688,9.846248626708984,1.9926042556762695,0.47719696164131165,3.899260292428153e-08
102,11.956710815429688,9.8462495803833,1.9926221370697021,0.47723883390426636,3.952269622686799e-08
102,11.956706047058105,9.84625244140625,1.9927072525024414,0.47723546624183655,4.928330810116677e-08
102,11.956701278686523,9.8462553024292,1.992826223373413,0.47721627354621887,3.9074979696351875e-08
103,11.956701278686523,9.8462553024292,1.9928334951400757,0.4772287607192993,3.7922472273521635e-08
103,11.956803321838379,9.847652435302734,1.9932215213775635,0.4766770601272583,5.779290859209141e-07
103,11.95690631866455,9.849061012268066,1.9932514429092407,0.476531445980072,3.2395968219134375e-07
103,11.956988334655762,9.850471496582031,1.9928542375564575,0.4768826961517334,4.571431304611906e-07
103,11.957069396972656,9.851887702941895,1.9922658205032349,0.4774617850780487,1.2414750472089509e-07
104,11.957135200500488,9.851906776428223,1.9924437999725342,0.47723445296287537,1.149440294057058e-07
104,11.957215309143066,9.85192584991455,1.9926562309265137,0.4769708216190338,2.3866629561553054e-08
104,11.957296371459961,9.851937294006348,1.9927688837051392,0.476836621761322,6.739155367085914e-08
104,11.957379341125488,9.851948738098145,1.992673635482788,0.47694817185401917,1.3772657325716864e-07
104,11.957462310791016,9.851960182189941,1.9924485683441162,0.4772222340106964,8.146168539724385e-08
105,11.957465171813965,9.851960182189941,1.9925094842910767,0.4771747589111328,4.170914991163954e-08
105,11.957468032836914,9.851962089538574,1.9925792217254639,0.4771404266357422,4.199447189989769e-08
105,11.957470893859863,9.85196304321289,1.9926629066467285,0.4771135151386261,4.017244137344278e-08
105,11.957483291625977,9.851972579956055,1.992692470550537,0.47716453671455383,5.591756746525789e-08
105,11.95749282836914,9.851982116699219,1.992714762687683,0.47724515199661255,3.4660128989116856e-08
106,11.957493782043457,9.851981163024902,1.992741346359253,0.47723624110221863,3.547642180024013e-08
106,11.956555366516113,9.85244083404541,1.9938533306121826,0.47687339782714844,4.806637434739969e-07
106,11.95560359954834,9.852867126464844,1.9946469068527222,0.4768872559070587,2.406059991244547e-07
106,11.954524040222168,9.853261947631836,1.995143175125122,0.4773308336734772,2.871136075555114e-07
106,11.953438758850098,9.853654861450195,1.995378851890564,0.47807809710502625,1.5061442582009477e-07
107,11.953441619873047,9.853798866271973,1.9956506490707397,0.47778594493865967,1.3903840567763837e-07
107,11.954827308654785,9.853246688842773,1.995565414428711,0.47692421078681946,4.855096449318808e-07
107,11.956225395202637,9.852689743041992,1.9948797225952148,0.4767182469367981,6.360094744195521e-07
107,11.957634925842285,9.852133750915527,1.9935641288757324,0.4772050082683563,6.992634666858066e-07
107,11.95901107788086,9.851675987243652,1.992061734199524,0.4779309630393982,1.0404419015230815e-07
108,11.958846092224121,9.851646423339844,1.9927879571914673,0.4773011803627014,6.141609674159554e-07
108,11.958751678466797,9.851802825927734,1.9936875104904175,0.47643259167671204,9.74099023665076e-08
108,11.958659172058105,9.851960182189941,1.9939603805541992,0.476265549659729,7.074642098814365e-07
108,11.959946632385254,9.85510540008545,1.991810917854309,0.47760000824928284,3.120059318462154e-06
108,11.961236953735352,9.858240127563477,1.9900732040405273,0.4785138964653015,2.9292542080838757e-07
109,11.961295127868652,9.858272552490234,1.991308331489563,0.4771585464477539,2.5125814318016637e-06
109,11.961353302001953,9.85830307006836,1.9927562475204468,0.4756004810333252,1.0739088196487501e-07
109,11.961403846740723,9.858325958251953,1.9931831359863281,0.4751893877983093,1.7838448229667847e-06
109,11.961538314819336,9.858314514160156,1.9921919107437134,0.4762967824935913,3.038034719793359e-06
109,11.96165657043457,9.858285903930664,1.9907139539718628,0.4779724180698395,4.5519010427597095e-07
110,11.961664199829102,9.858287811279297,1.9915573596954346,0.4770810008049011,1.0801351209011045e-06
110,11.961128234863281,9.858420372009277,1.9924325942993164,0.476540744304657,1.6219050280597003e-07
110,11.960628509521484,9.858617782592773,1.9928867816925049,0.4764586389064789,3.1419006063515553e-07
110,11.960128784179688,9.858818054199219,1.9928321838378906,0.4769563674926758,4.5574051910080016e-07
110,11.959624290466309,9.859016418457031,1.9926128387451172,0.47766125202178955,8.851975508150645e-08
111,11.95958137512207,9.859010696411133,1.9929969310760498,0.4773043096065521,2.0214936569118436e-07
111,11.959538459777832,9.859004020690918,1.9934200048446655,0.4769287407398224,3.5694608158109986e-08
111,11.959403991699219,9.859389305114746,1.993422508239746,0.4770727753639221,3.529823970893631e-07
111,11.959177017211914,9.859742164611816,1.9933594465255737,0.4773653447628021,3.5910407092387686e-08
111,11.958958625793457,9.860100746154785,1.9932934045791626,0.4776901304721832,5.053570362179016e-08
112,11.958961486816406,9.860101699829102,1.9935530424118042,0.47742849588394165,1.1178284609059119e-07
112,11.958969116210938,9.860107421875,1.9938068389892578,0.4771975576877594,3.852522567626693e-08
112,11.958983421325684,9.860135078430176,1.9938616752624512,0.47720032930374146,9.218767615948309e-08
112,11.958704948425293,9.860340118408203,1.993850827217102,0.4774782359600067,8.93857574624235e-08
112,11.958423614501953,9.860547065734863,1.993847370147705,0.47776806354522705,2.2053013637446384e-08
113,11.958423614501953,9.860541343688965,1.994067907333374,0.47755008935928345,8.01068225086965e-08
113,11.958353042602539,9.860594749450684,1.9942822456359863,0.47738683223724365,6.469626168126297e-09
113,11.958283424377441,9.860711097717285,1.9943032264709473,0.47745147347450256,8.14497127521463e-08
113,11.95821762084961,9.860862731933594,1.9941856861114502,0.4776844382286072,5.5304926860344494e-08
113,11.958150863647461,9.86101245880127,1.994170069694519,0.47782835364341736,3.335220100098013e-08
114,11.958142280578613,9.861013412475586,1.9943912029266357,0.47761672735214233,7.326787709871496e-08
114,11.958133697509766,9.861014366149902,1.9946284294128418,0.47740834951400757,2.2935363830356437e-08
114,11.9581298828125,9.861023902893066,1.9946787357330322,0.4774203300476074,7.22535631325627e-08
114,11.958126068115234,9.861034393310547,1.9945565462112427,0.4776403307914734,6.473874947232616e-08
114,11.958301544189453,9.86122989654541,1.9945874214172363,0.47755885124206543,9.924653454618237e-08
115,11.958354949951172,9.861326217651367,1.9943498373031616,0.47780105471611023,8.821792363278291e-08
115,11.958412170410156,9.861403465270996,1.9942454099655151,0.47791776061058044,3.874015419569332e-08
115,11.958470344543457,9.861477851867676,1.9944194555282593,0.47775283455848694,1.0212011147814337e-07
115,11.958555221557617,9.861565589904785,1.994746208190918,0.4774187505245209,4.539323583685473e-08
115,11.959839820861816,9.86365032196045,1.9932467937469482,0.47815001010894775,1.1599221352298628e-06
116,11.95984935760498,9.863639831542969,1.9938862323760986,0.4774729013442993,4.693712014613993e-07
116,11.959796905517578,9.863739967346191,1.9947365522384644,0.47664064168930054,6.4081476125466e-08
116,11.959723472595215,9.863872528076172,1.9948052167892456,0.47669610381126404,7.63038997320109e-07
116,11.959648132324219,9.864008903503418,1.9941097497940063,0.4776083528995514,6.991978693804413e-07
116,11.95948600769043,9.8641996383667,1.9936240911483765,0.47848188877105713,1.4897999278673524e-07
117,11.959490776062012,9.86419677734375,1.9944759607315063,0.4775773286819458,7.74268698933156e-07
117,11.959495544433594,9.864192008972168,1.9953230619430542,0.47669997811317444,2.2977394209533486e-08
117,11.959681510925293,9.864070892333984,1.995169758796692,0.4768150746822357,9.067279620467161e-07
117,11.959875106811523,9.863947868347168,1.994254231452942,0.47777730226516724,6.519691737594258e-07
117,11.96006965637207,9.863823890686035,1.9935177564620972,0.4785669445991516,5.146122106225448e-08
118,11.958394050598145,9.865758895874023,1.9958621263504028,0.4771759808063507,1.7643797036726028e-06
118,11.956783294677734,9.867570877075195,1.997580647468567,0.47644829750061035,4.0109500787366414e-07
118,11.955464363098145,9.869424819946289,1.9974666833877563,0.4775329828262329,2.82539326690312e-06
118,11.95411205291748,9.871304512023926,1.9967494010925293,0.4793086051940918,4.080302460351959e-07
118,11.960525512695312,9.87995719909668,1.9934086799621582,0.4777611792087555,9.409533959114924e-06
119,11.960468292236328,9.879929542541504,1.9937734603881836,0.47744011878967285,1.270773850592377e-07
119,11.960410118103027,9.879901885986328,1.9941468238830566,0.4771357476711273,2.8577835209375735e-08
119,11.96038818359375,9.879844665527344,1.9945526123046875,0.47684991359710693,8.413181262767466e-08
119,11.960360527038574,9.87978458404541,1.9943335056304932,0.47727957367897034,4.398913802106108e-07
119,11.960305213928223,9.879698753356934,1.993937611579895,0.47794681787490845,6.404187757880209e-08
120,11.960023880004883,9.879656791687012,1.9943974018096924,0.47777292132377625,1.4934940395505691e-07
120,11.959739685058594,9.87961483001709,1.9950177669525146,0.4774497151374817,4.074768611417312e-08
120,11.959731101989746,9.880232810974121,1.9957818984985352,0.47672146558761597,1.319705091873402e-07
120,11.960165023803711,9.880859375,1.9951188564300537,0.47726377844810486,1.2778435802829335e-06
120,11.96062183380127,9.881489753723145,1.9940111637115479,0.47830143570899963,2.0552847956878395e-07
121,11.960626602172852,9.881488800048828,1.994699478149414,0.4775679111480713,4.3639565205921826e-07
121,11.960735321044922,9.881628036499023,1.9950631856918335,0.4771416485309601,1.0577341669204543e-07
121,11.960844039916992,9.881769180297852,1.99491286277771,0.47730302810668945,2.7786228429249604e-07
121,11.960958480834961,9.881867408752441,1.9944406747817993,0.4778396189212799,1.227796246894286e-07
121,11.961153030395508,9.881974220275879,1.994168996810913,0.47811129689216614,6.65525305976189e-08
122,11.961235046386719,9.881841659545898,1.994571328163147,0.47763869166374207,1.8247521893499652e-07
122,11.96131706237793,9.881708145141602,1.9949842691421509,0.4771786332130432,2.2069295724236326e-08
122,11.961771011352539,9.88230037689209,1.995421290397644,0.47636646032333374,8.879195689814878e-08
122,11.96223258972168,9.882911682128906,1.9945625066757202,0.4769967496395111,1.4928377822798211e-06
122,11.962581634521484,9.88331413269043,1.9936352968215942,0.4778067469596863,2.648111419034649e-08
123,11.962578773498535,9.883313179016113,1.9940013885498047,0.47743576765060425,1.252747097169049e-07
123,11.962590217590332,9.883319854736328,1.9942944049835205,0.47716715931892395,3.936541048688014e-08
123,11.962562561035156,9.883352279663086,1.9942514896392822,0.4773189425468445,1.4179090612742584e-07
123,11.96253490447998,9.883384704589844,1.9940016269683838,0.47772517800331116,6.738575564213534e-08
123,11.962508201599121,9.883418083190918,1.993966817855835,0.4779229760169983,5.565235383642175e-08
124,11.962501525878906,9.883414268493652,1.9943751096725464,0.47750821709632874,1.4065214770653256e-07
124,11.962474822998047,9.88341236114502,1.9947524070739746,0.47715914249420166,1.7295269216788256e-08
124,11.962443351745605,9.883405685424805,1.9946683645248413,0.47734570503234863,2.0657469690377184e-07
124,11.96241569519043,9.883397102355957,1.9943013191223145,0.47786715626716614,9.240019949174894e-08
124,11.962482452392578,9.883378028869629,1.994167685508728,0.47807925939559937,7.649902755701987e-08
125,11.962491989135742,9.883374214172363,1.994678020477295,0.4775390923023224,2.0752817420088832e-07
125,11.963659286499023,9.883405685424805,1.9940528869628906,0.4775410294532776,3.125070975329436e-07
125,11.96483039855957,9.883437156677246,1.993463158607483,0.4775291383266449,2.5825794836009663e-08
125,11.9660062789917,9.883469581604004,1.9930354356765747,0.4773678481578827,4.4881208083324964e-08
125,11.967032432556152,9.883563041687012,1.9930182695388794,0.47692668437957764,1.1389413856477404e-07
126,11.96707820892334,9.883506774902344,1.992784023284912,0.4771955907344818,8.64908145103982e-08
126,11.967008590698242,9.883474349975586,1.9924348592758179,0.4776900112628937,4.5663099967896414e-08
126,11.966940879821777,9.883440017700195,1.992645025253296,0.47760632634162903,2.392401938777766e-07
126,11.966845512390137,9.88337516784668,1.9933170080184937,0.47707805037498474,1.5792863905517152e-07
126,11.96674633026123,9.883316993713379,1.9937468767166138,0.4768521785736084,8.559027264709584e-08
127,11.966743469238281,9.883317947387695,1.993184208869934,0.47750476002693176,2.7086167619927437e-07
127,11.966468811035156,9.884725570678711,1.993491291999817,0.4773502051830292,4.1151946561512887e-07
127,11.966193199157715,9.886137962341309,1.9937890768051147,0.4772396385669708,3.201102671823719e-08
127,11.965963363647461,9.88757038116455,1.9938687086105347,0.4773748815059662,7.005854030239789e-08
127,11.965739250183105,9.888998031616211,1.993923306465149,0.4775700271129608,3.3475071603561446e-08
128,11.965737342834473,9.888997077941895,1.9940277338027954,0.47748875617980957,3.142547555512465e-08
128,11.965790748596191,9.889055252075195,1.9940085411071777,0.4775506854057312,5.5507399565613014e-08
128,11.965845108032227,9.889113426208496,1.9940500259399414,0.47757700085639954,2.685563771365196e-08
128,11.965899467468262,9.889171600341797,1.9941716194152832,0.4775466322898865,2.7563947568864933e-08
128,11.965888023376465,9.889543533325195,1.9946340322494507,0.4772046208381653,7.927299350285466e-08
129,11.965806007385254,9.889351844787598,1.9944756031036377,0.4774685204029083,4.706553369260291e-08
129,11.965022087097168,9.890460014343262,1.994064211845398,0.4784499406814575,2.681904902601673e-07
129,11.96426010131836,9.891569137573242,1.9946225881576538,0.4783816337585449,5.87591841849644e-07
129,11.963688850402832,9.892626762390137,1.9958354234695435,0.47747623920440674,3.6639875133914757e-07
129,11.963109016418457,9.893706321716309,1.9965723752975464,0.47712138295173645,1.6544318270916847e-07
130,11.963099479675293,9.89370346069336,1.9955434799194336,0.4782813787460327,6.71218970182963e-07
130,11.963088035583496,9.893692016601562,1.9949519634246826,0.4789869785308838,1.1775364328059368e-07
130,11.965152740478516,9.896936416625977,1.9947288036346436,0.4775203466415405,2.298722620253102e-06
130,11.96722412109375,9.90018081665039,1.9943336248397827,0.4762624204158783,4.281599430555616e-08
130,11.969315528869629,9.903423309326172,1.9925243854522705,0.476574569940567,1.2080474789399887e-06
