Iteration,M2,D2,Loss,Time,Gradient Norm
0,9.649975776672363,8.048823356628418,0.0002527687174733728,0.06457018852233887,4.150764652877115e-06
0,9.699935913085938,8.09878158569336,0.0052982838824391365,0.1253681182861328,0.0001763500040397048
0,9.735366821289062,8.134206771850586,3.136309487672406e-07,0.18801093101501465,0.0001763511827448383
0,9.764411926269531,8.163237571716309,1.149614490714157e-05,0.24976396560668945,0.000176633897353895
0,9.789621353149414,8.188437461853027,1.613712363734976e-08,0.3102550506591797,0.00017663465405348688
0,9.812755584716797,8.211427688598633,0.0001699800486676395,0.3708939552307129,0.0001805641659302637
0,9.833840370178223,8.232404708862305,5.59614420581056e-07,0.43190503120422363,0.0001805954525480047
0,9.853355407714844,8.251834869384766,1.257022859135759e-06,0.49190402030944824,0.0001806403015507385
0,9.871615409851074,8.270026206970215,6.577662361451075e-07,0.5527670383453369,0.00018065933545585722
0,9.888843536376953,8.28719711303711,6.601197810596204e-09,0.6131830215454102,0.00018065939366351813
0,9.91024398803711,8.305168151855469,0.002102152444422245,0.6745641231536865,0.00020160726853646338
0,9.930006980895996,8.322164535522461,2.266166802655789e-06,0.7365820407867432,0.0002017267543124035
0,9.948466300964355,8.338329315185547,1.8144850955081893e-08,0.797886848449707,0.00020172778749838471
0,9.966242790222168,8.354018211364746,0.0001926877594087273,0.857072114944458,0.00020517926895990968
0,9.983068466186523,8.369057655334473,6.75012415740639e-07,0.9170138835906982,0.00020520828547887504
0,10.010167121887207,8.391338348388672,0.006244476418942213,0.9787938594818115,0.0003378854598850012
0,10.03408432006836,8.411774635314941,1.333901735733889e-07,1.0400900840759277,0.0003378890105523169
0,10.055753707885742,8.430781364440918,4.4091284507885575e-06,1.101081132888794,0.0003380531270522624
0,10.075722694396973,8.448627471923828,1.3889704177927342e-06,1.1610097885131836,0.0003380845009814948
0,10.0963773727417,8.466548919677734,0.0018142935587093234,1.2207000255584717,0.0003618628834374249
1,10.100090980529785,8.471894264221191,0.002637550700455904,4.3277528285980225,0.00010801030293805525
1,10.103814125061035,8.4772367477417,6.414060749193595e-07,4.402536869049072,0.00010802117321873084
1,10.107544898986816,8.482575416564941,1.1337300875879919e-08,4.464641094207764,0.00010802174801938236
1,10.111284255981445,8.487910270690918,1.3223414363494612e-08,4.524957895278931,0.00010802249744301662
1,10.115059852600098,8.493285179138184,1.902850817714352e-05,4.583223104476929,0.00010892318823607638
1,10.11888599395752,8.498725891113281,2.912815398303792e-05,4.642512083053589,0.00011035252828150988
1,10.122779846191406,8.504258155822754,4.022685607196763e-05,4.701308965682983,0.00011233343684580177
1,10.126801490783691,8.509872436523438,8.288277604151517e-05,4.759392023086548,0.00011416510824346915
1,10.13084602355957,8.51548957824707,1.1444336450949777e-05,4.818402051925659,0.00011437093053245917
1,10.13489818572998,8.521100997924805,4.768320138737181e-07,4.878103971481323,0.00011439411173341796
1,10.138957023620605,8.526704788208008,1.2271484273185251e-08,4.9379189014434814,0.0001143945919466205
1,10.143080711364746,8.532319068908691,4.1873201553244144e-05,4.996258020401001,0.00011475534847704694
1,10.147211074829102,8.53792667388916,2.9089969189044496e-07,5.054080009460449,0.00011476771760499105
1,10.15216064453125,8.543913841247559,0.0005852110916748643,5.112362861633301,0.00012281289673410356
1,10.157145500183105,8.549919128417969,2.393357499386184e-05,5.17395806312561,0.00012346109724603593
1,10.162130355834961,8.55591106414795,4.198241043695816e-08,5.235573053359985,0.00012346063158474863
1,10.167149543762207,8.56190013885498,2.420306009298656e-05,5.3004889488220215,0.0001236638199770823
1,10.172170639038086,8.567878723144531,1.493700779064966e-06,5.369240045547485,0.00012372233322821558
1,10.180424690246582,8.578508377075195,0.0021497278939932585,5.430388927459717,0.00022399824229069054
1,10.194802284240723,8.593420028686523,0.004700199235230684,5.491093873977661,0.00032756602740846574
2,10.194826126098633,8.593453407287598,1.7050208043656312e-05,5.550309181213379,7.388935614471848e-07
2,10.19485855102539,8.593497276306152,5.500820861925604e-06,5.609372854232788,9.591881280357484e-07
2,10.194891929626465,8.593541145324707,2.4650647745261267e-08,5.684784173965454,9.589276714905282e-07
2,10.194925308227539,8.593585968017578,1.9100137649274984e-07,5.7487640380859375,9.693428637547186e-07
2,10.19495964050293,8.59363079071045,5.499881012838159e-07,5.8090879917144775,9.682987638370832e-07
2,10.19534969329834,8.593871116638184,0.00025257919332943857,5.868742942810059,5.131688340043183e-06
2,10.195741653442383,8.59411334991455,1.6442500694324735e-08,5.927264928817749,5.13298436999321e-06
2,10.196258544921875,8.594511032104492,8.413210889557377e-05,5.986929178237915,8.387767593376338e-06
2,10.19689655303955,8.594962120056152,8.032438199734315e-05,6.044891119003296,9.464223694521934e-06
2,10.197537422180176,8.595415115356445,2.449594305176106e-08,6.1026670932769775,9.464213690080214e-06
2,10.198182106018066,8.595870018005371,3.892183908504876e-09,6.161806106567383,9.464382856094744e-06
2,10.198830604553223,8.596327781677246,5.18115143677278e-07,6.219806909561157,9.467347808822524e-06
2,10.199481964111328,8.596787452697754,3.330116626898416e-08,6.277652978897095,9.46940781432204e-06
2,10.2001371383667,8.597249984741211,1.161050420250831e-07,6.336097002029419,9.471209523326252e-06
2,10.200796127319336,8.597716331481934,5.531962301574822e-07,6.394946098327637,9.501469321548939e-06
2,10.203153610229492,8.599946022033691,0.0010355153353884816,6.453266859054565,4.5253673306433484e-05
2,10.205538749694824,8.602194786071777,1.1848177564388607e-05,6.511207818984985,4.5465985749615356e-05
2,10.212632179260254,8.606353759765625,0.002933578100055456,6.570673227310181,8.393928874284029e-05
2,10.219709396362305,8.610542297363281,1.2125031389587093e-05,6.628743886947632,8.441120007773861e-05
2,10.226755142211914,8.614737510681152,2.7874625629920047e-06,6.686866998672485,8.443222031928599e-05
3,10.226810455322266,8.61474609375,3.6304278182797134e-05,6.7461371421813965,1.7287277387367794e-07
3,10.226871490478516,8.614757537841797,3.448925554039306e-06,6.805127859115601,2.3176539798441809e-07
3,10.228272438049316,8.615078926086426,0.0008779448107816279,6.863921165466309,6.366245543176774e-06
3,10.229779243469238,8.615453720092773,6.523034971905872e-05,6.922235012054443,7.392537099804031e-06
3,10.231292724609375,8.615830421447754,8.652904881500945e-08,6.981225967407227,7.397850367851788e-06
3,10.232813835144043,8.616209030151367,9.197345463007878e-08,7.039502143859863,7.402646588161588e-06
3,10.235994338989258,8.617627143859863,0.0009946448262780905,7.0966479778289795,2.7565312848309986e-05
3,10.239185333251953,8.61905288696289,4.692357151725446e-07,7.154961824417114,2.7584124836721458e-05
3,10.242385864257812,8.620485305786133,5.23246853845194e-07,7.213544845581055,2.758268419711385e-05
3,10.245595932006836,8.62192440032959,5.091963117820342e-08,7.2724609375,2.7584512281464413e-05
3,10.249079704284668,8.62347412109375,0.00015973094559740275,7.329716920852661,2.9581276976387016e-05
3,10.252573013305664,8.625031471252441,3.6413589921124867e-09,7.388566970825195,2.95815243589459e-05
3,10.259370803833008,8.631477355957031,0.001948968623764813,7.447923898696899,0.0001228661712957546
3,10.274568557739258,8.644794464111328,0.0057554603554308414,7.506096124649048,0.00026204861933365464
3,10.295321464538574,8.666988372802734,0.004750331863760948,7.563305854797363,0.00048492607311345637
3,10.31457233428955,8.687359809875488,2.544607866639126e-07,7.620455980300903,0.0004849364922847599
3,10.33267593383789,8.706376075744629,5.353404412744567e-05,7.680222034454346,0.00048701727064326406
3,10.349853515625,8.724273681640625,7.564468978671357e-05,7.737802982330322,0.0004884452209807932
3,10.366172790527344,8.74120044708252,3.6804041769755713e-07,7.796129941940308,0.0004884646623395383
3,10.381756782531738,8.757305145263672,2.011290511916286e-08,7.854590892791748,0.0004884646623395383
4,10.381758689880371,8.757305145263672,1.3257474620331777e-06,7.913884162902832,2.5098003675338987e-09
4,10.381760597229004,8.757305145263672,4.2116305110084795e-08,7.970915079116821,4.471283343576715e-10
4,10.381771087646484,8.757308959960938,7.574165010737488e-06,8.029337167739868,1.2664494875025412e-07
4,10.381787300109863,8.757315635681152,4.509196060098475e-06,8.088451147079468,2.0268893763386586e-07
4,10.381804466247559,8.75732421875,1.1705537872330751e-06,8.14668321609497,2.5281963189627277e-07
4,10.381821632385254,8.757332801818848,3.3395458842733206e-08,8.204257011413574,2.5518437496430124e-07
4,10.382795333862305,8.758790016174316,0.0007842398481443524,8.262049913406372,4.267483382136561e-05
4,10.383779525756836,8.76025676727295,5.078062713437248e-06,8.321249008178711,4.277051266399212e-05
4,10.384770393371582,8.761733055114746,1.5971129414538154e-06,8.384747982025146,4.285796239855699e-05
4,10.385769844055176,8.76321792602539,2.860500217138906e-06,8.446863174438477,4.29028514190577e-05
4,10.386774063110352,8.76470947265625,2.2665744836558588e-08,8.505481004714966,4.290385913918726e-05
4,10.387882232666016,8.766229629516602,7.967753481352702e-05,8.567720890045166,4.3532294512260705e-05
4,10.388996124267578,8.767757415771484,6.737145952229184e-09,8.630223035812378,4.353226177045144e-05
4,10.390632629394531,8.769371032714844,0.00042940786806866527,8.69097900390625,4.579548112815246e-05
4,10.392276763916016,8.770992279052734,4.8314408473970616e-08,8.74987006187439,4.579571759677492e-05
4,10.39430046081543,8.77296257019043,0.0002829170844051987,8.809073209762573,5.540556594496593e-05
4,10.397201538085938,8.775839805603027,0.000700329605024308,8.867250919342041,8.064460416790098e-05
4,10.40011215209961,8.778726577758789,2.706834756338594e-08,8.925579071044922,8.064613939495757e-05
4,10.404569625854492,8.782151222229004,0.0012580340262502432,8.984004020690918,9.54147326410748e-05
4,10.410429000854492,8.787142753601074,0.0010478111216798425,9.0433509349823,0.00013907335232943296
5,10.410429000854492,8.787142753601074,1.1170938840621147e-08,9.101775169372559,3.905324674757793e-11
5,10.410910606384277,8.787468910217285,0.00035662917071022093,9.159847974777222,8.997481018013787e-06
5,10.411394119262695,8.787796974182129,9.375356313512384e-08,9.21764087677002,9.003830200526863e-06
5,10.411880493164062,8.788126945495605,1.2438275298620738e-08,9.275025844573975,9.004888852359727e-06
5,10.412368774414062,8.788457870483398,3.2445662156987964e-08,9.335198879241943,9.004485946206842e-06
5,10.416080474853516,8.788803100585938,0.0024316804483532906,9.393906831741333,9.34595209400868e-06
5,10.420039176940918,8.789213180541992,0.00018652298604138196,9.45159912109375,1.1041574907721952e-05
5,10.424046516418457,8.789690017700195,3.0270564820966683e-05,9.510207891464233,1.2771629371854942e-05
5,10.428064346313477,8.790170669555664,2.723007582972059e-06,9.567633867263794,1.2813529792765621e-05
5,10.432095527648926,8.790661811828613,4.739497853734065e-06,9.625674962997437,1.3005021173739806e-05
5,10.436319351196289,8.791424751281738,0.00013286710600368679,9.685253143310547,2.0115079678362235e-05
5,10.440549850463867,8.792191505432129,4.86492524487403e-07,9.74534296989441,2.013317498494871e-05
5,10.444915771484375,8.7931547164917,9.679244976723567e-05,9.803751945495605,2.5158227799693123e-05
5,10.449292182922363,8.7941255569458,3.5806838241114747e-06,9.861617803573608,2.5223926058970392e-05
5,10.453673362731934,8.795101165771484,1.9796702588337212e-07,9.919806003570557,2.522954309824854e-05
5,10.461334228515625,8.799727439880371,0.002517834771424532,9.978053092956543,0.00011958221148233861
5,10.468944549560547,8.804357528686523,5.402630787187945e-09,10.036329984664917,0.00011958214599872008
5,10.476600646972656,8.80900764465332,7.151153840823099e-05,10.095327854156494,0.00012002719449810684
5,10.484206199645996,8.813660621643066,4.259053199007212e-08,10.153172969818115,0.00012002843141090125
5,10.492228507995605,8.818345069885254,0.0003572650020942092,10.211066007614136,0.00012074808910256252
6,10.493293762207031,8.819748878479004,0.0007487846305593848,10.270088911056519,3.6024452128913254e-05
6,10.498652458190918,8.822522163391113,0.003266862127929926,10.328609943389893,7.092070882208645e-05
6,10.504007339477539,8.825304985046387,1.1598004334700818e-08,10.386327028274536,7.09212981746532e-05
6,10.509374618530273,8.828109741210938,1.2654983947868459e-05,10.444101095199585,7.123500836314633e-05
6,10.514738082885742,8.830924987792969,9.123947108946595e-08,10.501410007476807,7.123855175450444e-05
6,10.520101547241211,8.833749771118164,3.173893674102146e-06,10.559927940368652,7.123056275304407e-05
6,10.525461196899414,8.836584091186523,2.313071734150185e-09,10.617617845535278,7.12307301000692e-05
6,10.530817031860352,8.839427947998047,2.338540028290481e-08,10.676509857177734,7.123132672859356e-05
6,10.536766052246094,8.84310245513916,0.00041790949762798846,10.734703063964844,9.182404028251767e-05
6,10.542702674865723,8.846785545349121,7.946708535655489e-08,10.792305946350098,9.18242076295428e-05
6,10.548627853393555,8.85047721862793,4.182310053835181e-09,10.850322961807251,9.182448411593214e-05
6,10.555110931396484,8.854270935058594,0.00041325579513795674,10.908764123916626,9.41624675760977e-05
6,10.561762809753418,8.858378410339355,0.00014108738105278462,10.9674391746521,0.00010179303353652358
6,10.568389892578125,8.862492561340332,4.545436471659059e-09,11.02517819404602,0.00010179310629609972
6,10.574993133544922,8.866615295410156,8.844451713230228e-07,11.082442045211792,0.0001018347466015257
6,10.581571578979492,8.870744705200195,1.2049457609464298e-07,11.139678955078125,0.00010183282574871555
6,10.589856147766113,8.877601623535156,0.0012428407790139318,11.198081970214844,0.00016987710841931403
6,10.5993070602417,8.884481430053711,0.0009430335485376418,11.255351066589355,0.00017121575365308672
6,10.608638763427734,8.89133071899414,2.4283497879196148e-08,11.316687107086182,0.00017121515702456236
6,10.618048667907715,8.898468971252441,0.00014253772678785026,11.375781059265137,0.00017936747462954372
7,10.618048667907715,8.898468971252441,4.6056429781060615e-09,11.43500304222107,1.621635187243342e-10
7,10.61805534362793,8.898482322692871,5.137998414284084e-06,11.493366956710815,3.2671295002728584e-07
7,10.620577812194824,8.901604652404785,0.0017376980977132916,11.553077936172485,7.743544119875878e-05
7,10.623111724853516,8.904740333557129,1.540698917779082e-06,11.614221096038818,7.753145473543555e-05
7,10.625723838806152,8.907995223999023,4.7582961997250095e-05,11.673170804977417,8.024651469895616e-05
7,10.6283540725708,8.911261558532715,5.826751930726459e-06,11.732586860656738,8.030729804886505e-05
7,10.634965896606445,8.915781021118164,0.002694386290386319,11.79395604133606,0.00011099829862359911
7,10.641556739807129,8.920309066772461,2.351216380702681e-06,11.853670120239258,0.00011111248022643849
7,10.648165702819824,8.924910545349121,3.0517658160533756e-05,11.911565065383911,0.0001128190488088876
7,10.65475082397461,8.929515838623047,3.321258077448874e-07,11.970310926437378,0.00011282035848125815
7,10.661370277404785,8.9341459274292,4.114905823371373e-05,12.029758930206299,0.0001133638434112072
7,10.667964935302734,8.938779830932617,3.194637798742406e-08,12.088521957397461,0.0001133656915044412
7,10.674535751342773,8.943416595458984,5.7569952360836396e-08,12.14664912223816,0.00011336777242831886
7,10.68513298034668,8.946371078491211,0.002917691832408309,12.204736948013306,7.20018069841899e-05
7,10.695904731750488,8.94930362701416,0.00026773742865771055,12.26474380493164,7.122322131181136e-05
7,10.706856727600098,8.952399253845215,0.0002915725053753704,12.323900938034058,7.494547753594816e-05
7,10.717606544494629,8.955504417419434,2.431077348319377e-07,12.381903171539307,7.495795580325648e-05
7,10.728179931640625,8.95864200592041,1.0144454790861346e-05,12.442060947418213,7.551397720817477e-05
7,10.738580703735352,8.961800575256348,4.6850027501932345e-06,12.50139594078064,7.578339864267036e-05
7,10.748812675476074,8.96496868133545,4.115529250725558e-09,12.56037187576294,7.578337681479752e-05
8,10.748812675476074,8.96496868133545,1.934395577052328e-08,12.619529962539673,5.889646548240535e-10
8,10.748812675476074,8.96496868133545,5.500425004356657e-08,12.6786208152771,1.9517618632391986e-09
8,10.748831748962402,8.964993476867676,1.4726848348800559e-05,12.736855030059814,5.889206136089342e-07
8,10.74885082244873,8.965018272399902,5.853054041438099e-09,12.795156955718994,5.894443688703177e-07
8,10.748870849609375,8.965044021606445,1.8848146510208608e-07,12.853378057479858,6.038818014530989e-07
8,10.75277328491211,8.964075088500977,0.002859487198293209,12.912006139755249,2.2496937162941322e-05
8,10.757726669311523,8.965309143066406,0.0007656434900127351,12.970274925231934,2.851621320587583e-05
8,10.764400482177734,8.97021770477295,0.0012689781142398715,13.029081106185913,0.00011339326738379896
8,10.771053314208984,8.975131034851074,3.095648708040244e-06,13.088623046875,0.00011347304825903848
8,10.777680397033691,8.980045318603516,2.852349911819374e-09,13.147825956344604,0.00011347340478096157
8,10.784282684326172,8.984960556030273,1.827656959108026e-08,13.206163883209229,0.00011347496911184862
8,10.790860176086426,8.989875793457031,9.233913544903771e-08,13.26557207107544,0.00011347363761160523
8,10.797425270080566,8.994796752929688,8.074666766333394e-06,13.325462102890015,0.00011358568008290604
8,10.80416488647461,9.000150680541992,0.00014515472867060453,13.385666131973267,0.00012365618022158742
8,10.810880661010742,9.005501747131348,2.6259176593157463e-06,13.445724964141846,0.0001236828975379467
8,10.819780349731445,9.014887809753418,0.0016519116470590234,13.504263877868652,0.00021977617871016264
8,10.82863998413086,9.024179458618164,3.9306174585362896e-05,13.56251311302185,0.00022031806292943656
8,10.837407112121582,9.033360481262207,1.1952046179430909e-06,13.620772123336792,0.0002203440963057801
8,10.849332809448242,9.045312881469727,0.002584266709163785,13.679234981536865,0.00029393209842965007
8,10.86098861694336,9.056992530822754,1.405770699847153e-08,13.738726139068604,0.0002939331461675465
9,10.861237525939941,9.057320594787598,0.00017742595809977502,13.799715042114258,8.209138286474627e-06
9,10.86148738861084,9.057649612426758,7.665799017786412e-08,13.858215808868408,8.206996426451951e-06
9,10.861738204956055,9.05798053741455,1.4847755025471088e-08,13.918576002120972,8.206434358726256e-06
9,10.861990928649902,9.058313369750977,1.9183330479677352e-08,13.977043867111206,8.207671271520667e-06
9,10.862245559692383,9.058649063110352,4.3419623807494645e-07,14.03537106513977,8.232596883317456e-06
9,10.863865852355957,9.060887336730957,0.001007928280159831,14.094460248947144,5.4718399042030796e-05
9,10.865493774414062,9.063135147094727,2.6399686703371117e-07,14.153189182281494,5.473937198985368e-05
9,10.867471694946289,9.066048622131348,0.00024958112044259906,14.210999965667725,7.070027641020715e-05
9,10.870597839355469,9.069891929626465,0.0008361346554011106,14.269296169281006,9.307526488555595e-05
9,10.873733520507812,9.073742866516113,1.7748666536476776e-08,14.328433990478516,9.307704021921381e-05
9,10.87687873840332,9.07760238647461,4.738323511332965e-09,14.38804292678833,9.307749860454351e-05
9,10.881170272827148,9.081735610961914,0.0008152368827722967,14.445909023284912,9.9535784102045e-05
9,10.885467529296875,9.085875511169434,4.393355013121436e-08,14.50466513633728,9.953437984222546e-05
9,10.889771461486816,9.090023040771484,6.353544108606002e-07,14.563374042510986,9.954863344319165e-05
9,10.89421558380127,9.094308853149414,9.625173697713763e-05,14.622524976730347,0.00010274637315887958
9,10.898674011230469,9.098604202270508,6.752945409971289e-06,14.681133031845093,0.00010283187293680385
9,10.903568267822266,9.102859497070312,0.00028918508905917406,14.739931106567383,0.00010172453767154366
9,10.908463478088379,9.107120513916016,4.848757839681639e-09,14.798537015914917,0.00010172429028898478
9,10.916621208190918,9.11196517944336,0.0022993898019194603,14.856261014938354,0.00011562162399059162
9,10.924711227416992,9.116811752319336,5.70174414349367e-08,14.913832902908325,0.00011562504369067028
10,10.924714088439941,9.116817474365234,2.0181194031465566e-06,14.972742080688477,1.4262334957493294e-07
10,10.92471694946289,9.116823196411133,3.171390261513807e-08,15.031382083892822,1.4376183798958664e-07
10,10.924720764160156,9.116830825805664,8.217314189096214e-07,15.090326070785522,1.8324512041090202e-07
10,10.926117897033691,9.116522789001465,0.0009337358642369509,15.148608922958374,7.213089702418074e-06
10,10.92756462097168,9.11629581451416,2.803108873195015e-05,15.20706295967102,5.291646630212199e-06
10,10.929287910461426,9.11646556854248,0.00018077886488754302,15.26469612121582,3.925945748051163e-06
10,10.931018829345703,9.116636276245117,1.0447016762782368e-07,15.322230100631714,3.93307982449187e-06
10,10.932757377624512,9.11680793762207,1.678739280919217e-08,15.392560005187988,3.934220785595244e-06
10,10.934504508972168,9.116981506347656,5.400050895332242e-07,15.462677001953125,3.958008164772764e-06
10,10.936627388000488,9.117693901062012,0.0002430694439681247,15.521777153015137,1.6173813492059708e-05
10,10.938758850097656,9.118410110473633,2.7195303786697878e-09,15.582932949066162,1.6173868061741814e-05
10,10.940898895263672,9.11913013458252,7.147926694983653e-09,15.64217495918274,1.617419366084505e-05
10,10.943211555480957,9.119800567626953,0.00010261072020512074,15.703121900558472,1.499284462624928e-05
10,10.94553279876709,9.120474815368652,2.6234472372266282e-08,15.762194871902466,1.4994054254202638e-05
10,10.947863578796387,9.1211519241333,4.151382793082803e-09,15.82047414779663,1.4994420780567452e-05
10,10.950231552124023,9.121850967407227,1.7955488146981224e-05,15.878051996231079,1.540676566946786e-05
10,10.95266056060791,9.122567176818848,3.06920446746517e-05,15.93562912940979,1.5706124031567015e-05
10,10.955099105834961,9.12328815460205,3.6384821555657254e-07,15.993713855743408,1.5728230209788308e-05
10,10.957550048828125,9.124015808105469,1.6874159882718232e-06,16.053986072540283,1.5803778296685778e-05
10,10.96001148223877,9.124751091003418,9.715880651128828e-07,16.112396001815796,1.5884952517808415e-05
11,10.96001148223877,9.124751091003418,5.3328140126041035e-08,16.171517848968506,2.0801604883047276e-09
11,10.960561752319336,9.125239372253418,0.0003171782591380179,16.231260061264038,1.0443332030263264e-05
11,10.961116790771484,9.125732421875,6.832853500782221e-07,16.288702964782715,1.0490964996279217e-05
11,10.961674690246582,9.126228332519531,1.3542913279707136e-07,16.347095012664795,1.0500232747290283e-05
11,10.962235450744629,9.126727104187012,3.433725304091695e-09,16.405339002609253,1.0500682947167661e-05
11,10.962799072265625,9.127227783203125,7.141705538060705e-08,16.463823080062866,1.0503669727768283e-05
11,10.96336555480957,9.127732276916504,2.190458587847388e-07,16.524137020111084,1.0522526281420141e-05
11,10.963940620422363,9.128239631652832,3.2992886644933606e-06,16.58389186859131,1.053845426213229e-05
11,10.964993476867676,9.129687309265137,0.00026857448392547667,16.64290189743042,2.9911348974565044e-05
11,10.966052055358887,9.131141662597656,2.3546429250842493e-09,16.7029230594635,2.991124347317964e-05
11,10.967119216918945,9.132600784301758,2.38665847973607e-06,16.76280188560486,2.9866356271668337e-05
11,10.96821403503418,9.134114265441895,1.2288200196053367e-05,16.822489023208618,3.083674891968258e-05
11,10.969338417053223,9.135686874389648,1.4083252608543262e-05,16.880123138427734,3.19160390063189e-05
11,10.970680236816406,9.137687683105469,0.00012032713129883632,16.93817114830017,4.0423768950859085e-05
11,10.972053527832031,9.139732360839844,1.3614602721645497e-05,16.99661898612976,4.114582407055423e-05
11,10.974220275878906,9.141613006591797,0.0004224618314765394,17.054864168167114,3.766889130929485e-05
11,10.976396560668945,9.143502235412598,1.173887582694988e-07,17.112031936645508,3.767368252738379e-05
11,10.978581428527832,9.14539909362793,6.33142391848196e-08,17.169726848602295,3.76751740986947e-05
11,10.981852531433105,9.14692211151123,0.0005746905808337033,17.227356910705566,3.0117900678305887e-05
11,10.985136985778809,9.148452758789062,2.6251052531733876e-06,17.285051107406616,3.0120152587187476e-05
12,10.985591888427734,9.149309158325195,0.0002456592919770628,17.3432559967041,1.6770907677710056e-05
12,10.98640251159668,9.150226593017578,0.0001826855877880007,17.40092420578003,1.7880791347124614e-05
12,10.987217903137207,9.151148796081543,3.6399696590194708e-09,17.45990300178528,1.7880798623082228e-05
12,10.988062858581543,9.152078628540039,1.3577636309491936e-05,17.518177032470703,1.794501622498501e-05
12,10.988912582397461,9.153013229370117,7.834646709170556e-08,17.576436042785645,1.7946917068911716e-05
12,10.98988151550293,9.153999328613281,6.127446977188811e-05,17.63401484489441,1.884819721453823e-05
12,10.990861892700195,9.15500259399414,3.251870566600701e-06,17.694617986679077,1.9083337974734604e-05
12,10.991975784301758,9.156271934509277,6.744786514900625e-05,17.754349946975708,2.403134021733422e-05
12,10.9931058883667,9.15756893157959,5.5589675866940524e-06,17.812942028045654,2.44343864324037e-05
12,10.994241714477539,9.1588716506958,5.089657584278484e-09,17.870893955230713,2.443478297209367e-05
12,10.996655464172363,9.160406112670898,0.0006541196489706635,17.93026089668274,2.865387432393618e-05
12,10.999080657958984,9.161946296691895,7.967275905684801e-07,17.9876549243927,2.8634383852477185e-05
12,11.00151538848877,9.163494110107422,1.7029651022681946e-09,18.0469229221344,2.8634542104555294e-05
12,11.004919052124023,9.16714096069336,0.0004813873383682221,18.104156970977783,6.732404290232807e-05
12,11.00838565826416,9.170825958251953,2.7136340577271767e-05,18.162599086761475,6.787509482819587e-05
12,11.011860847473145,9.174519538879395,1.7399701235376597e-08,18.219834089279175,6.78746509947814e-05
12,11.015349388122559,9.178229331970215,1.8089300510837347e-06,18.277339220046997,6.800742994528264e-05
12,11.018869400024414,9.181938171386719,1.1128247933811508e-05,18.335260152816772,6.7834225774277e-05
12,11.022485733032227,9.185657501220703,4.247141259838827e-05,18.393794059753418,6.78805445204489e-05
12,11.026850700378418,9.18954086303711,0.0003625807585194707,18.451727151870728,7.072931475704536e-05
13,11.02687931060791,9.189591407775879,1.4055899555387441e-05,18.50907802581787,9.203241120303574e-07
13,11.026907920837402,9.189642906188965,9.637693310082796e-09,18.56657886505127,9.213142675434938e-07
13,11.026939392089844,9.189692497253418,1.2569047385113663e-06,18.624988794326782,8.903963362172362e-07
13,11.027055740356445,9.189906120300293,3.903218384948559e-05,18.682569980621338,3.816572188952705e-06
13,11.027173042297363,9.190120697021484,1.6331757279886006e-08,18.74204993247986,3.81808831662056e-06
13,11.027290344238281,9.190336227416992,5.9190021772792534e-08,18.801960945129395,3.816668595391093e-06
13,11.027408599853516,9.190553665161133,3.796694958424496e-09,18.861735820770264,3.8164293982845265e-06
13,11.027527809143066,9.19077205657959,2.4457951219858387e-09,18.920059204101562,3.816404841927579e-06
13,11.027667045593262,9.191004753112793,9.081858479476068e-06,18.977678060531616,4.0571171666670125e-06
13,11.027812957763672,9.191250801086426,2.8125655262556393e-06,19.035761833190918,4.2655219658627175e-06
13,11.031013488769531,9.194647789001465,0.001341834431514144,19.094332933425903,5.868747757631354e-05
13,11.034223556518555,9.198054313659668,1.952424000251085e-08,19.152071952819824,5.868658990948461e-05
13,11.037444114685059,9.201468467712402,6.757484811714676e-07,19.211928129196167,5.867412983207032e-05
13,11.041922569274902,9.206633567810059,0.0005732594872824848,19.269948959350586,8.878692460712045e-05
13,11.046404838562012,9.211796760559082,5.41269393750099e-08,19.327816009521484,8.878476364770904e-05
13,11.05270004272461,9.21939468383789,0.0007871215348131955,19.38698697090149,0.00013152792234905064
13,11.058977127075195,9.226943969726562,1.7488304138169042e-09,19.445388078689575,0.00013152808242011815
13,11.065566062927246,9.235138893127441,0.00014804332749918103,19.503952026367188,0.00014401873340830207
13,11.072181701660156,9.243268013000488,2.2908428945811465e-05,19.562786102294922,0.0001440621999790892
13,11.078984260559082,9.251646041870117,9.177924948744476e-05,19.620702981948853,0.00014983459550421685
14,11.078986167907715,9.251646995544434,9.792997843760531e-07,19.678563117980957,1.2672984439632273e-08
14,11.078989028930664,9.25164794921875,9.104598319709112e-08,19.736309051513672,1.2507036295517082e-08
14,11.079010009765625,9.25166130065918,8.143982995534316e-06,19.794827938079834,2.2921875597603503e-07
14,11.079041481018066,9.251690864562988,4.02880414185347e-06,19.85459303855896,5.238542826191406e-07
14,11.080050468444824,9.251904487609863,0.00041955229244194925,19.914610862731934,3.7271920518833213e-06
14,11.081194877624512,9.252372741699219,5.570620851358399e-05,19.97221612930298,8.126269676722586e-06
14,11.08234691619873,9.252847671508789,1.038185132529179e-06,20.02977705001831,8.197158422262874e-06
14,11.08389949798584,9.253204345703125,0.00016149794100783765,20.087698936462402,6.134076102171093e-06
14,11.086880683898926,9.256142616271973,0.0005806920817121863,20.14714789390564,5.032604167354293e-05
14,11.090773582458496,9.2603120803833,0.00037949663237668574,20.207014083862305,7.130200538085774e-05
14,11.094674110412598,9.264488220214844,2.6625432969495932e-09,20.26619005203247,7.130221638362855e-05
14,11.099145889282227,9.269124031066895,0.00023523889831267297,20.325698137283325,7.909502892289311e-05
14,11.104963302612305,9.27611255645752,0.0005547090549953282,20.38741397857666,0.00011981929128523916
14,11.110770225524902,9.283068656921387,6.105706162884417e-09,20.447700023651123,0.00011981905117863789
14,11.116631507873535,9.290054321289062,2.7015037630917504e-05,20.504809856414795,0.00012091851385775954
14,11.122485160827637,9.297005653381348,9.44522469126241e-07,20.564332008361816,0.00012089810479665175
14,11.128424644470215,9.30388355255127,3.8075890188338235e-05,20.623273849487305,0.00012016638356726617
14,11.134391784667969,9.310752868652344,1.583970879437402e-05,20.68166494369507,0.00012056028936058283
14,11.14034652709961,9.31759262084961,1.1350524964370834e-09,20.740209102630615,0.00012056020204909146
14,11.146288871765137,9.324402809143066,9.947183521319403e-09,20.79888606071472,0.00012056090781698003
15,11.146289825439453,9.324403762817383,3.4278386351616064e-07,20.856950998306274,1.7916402583750823e-08
15,11.146303176879883,9.324418067932129,5.0124735935241915e-06,20.91460084915161,2.5268809622502886e-07
15,11.146320343017578,9.324433326721191,1.118949171541317e-06,20.973092079162598,2.7002275260201714e-07
15,11.146337509155273,9.324448585510254,8.768784809376484e-09,21.030692100524902,2.70229037369063e-07
15,11.146356582641602,9.324467658996582,7.741016361251241e-07,21.088507175445557,3.334463087867334e-07
15,11.14637565612793,9.324487686157227,9.641946263627688e-08,21.147345066070557,3.4215034361295693e-07
15,11.14792251586914,9.327590942382812,0.0005796349141746759,21.206127166748047,5.313655128702521e-05
15,11.149477005004883,9.330703735351562,1.0162611374653352e-07,21.266220092773438,5.3139927331358194e-05
15,11.15103816986084,9.333826065063477,5.29140020688601e-09,21.326217889785767,5.3139574447413906e-05
15,11.153337478637695,9.337032318115234,0.0002734944282565266,21.384630918502808,5.441221219371073e-05
15,11.155731201171875,9.340240478515625,3.159612606395967e-05,21.442239999771118,5.4276446462608874e-05
15,11.158134460449219,9.34345817565918,1.5734936686939704e-09,21.501035928726196,5.4276668379316106e-05
15,11.160547256469727,9.346686363220215,1.8313708949335705e-07,21.559602975845337,5.429157317848876e-05
15,11.163093566894531,9.350089073181152,4.3539839680306613e-05,21.61675786972046,5.707377931685187e-05
15,11.165654182434082,9.353503227233887,1.7614025864531868e-06,21.67497706413269,5.711334233637899e-05
15,11.168379783630371,9.357073783874512,5.387295823311433e-05,21.73383903503418,5.9587244322756305e-05
15,11.171117782592773,9.360655784606934,9.516620025351585e-07,21.793303966522217,5.9636156947817653e-05
15,11.173869132995605,9.36424732208252,1.3259553952593706e-06,21.85350799560547,5.965318268863484e-05
15,11.176630020141602,9.36784839630127,1.396773141593144e-09,21.913692235946655,5.9653142670867965e-05
15,11.179946899414062,9.37127685546875,0.0001897122710943222,21.973414182662964,5.664109266945161e-05
16,11.179946899414062,9.37127685546875,1.1383280984489375e-09,22.03233003616333,1.2188097753274008e-10
16,11.179954528808594,9.371272087097168,2.7329135718900943e-06,22.09039306640625,7.426262271792439e-08
16,11.179963111877441,9.371267318725586,2.6676099551536936e-08,22.14850616455078,7.113553124327154e-08
16,11.18042278289795,9.371328353881836,0.00014728753012605011,22.20630407333374,9.821620778893703e-07
16,11.180885314941406,9.371389389038086,5.128633073780975e-09,22.265711069107056,9.819267461352865e-07
16,11.181361198425293,9.371452331542969,3.703764605234028e-06,22.3249568939209,1.009993411571486e-06
16,11.181839942932129,9.371516227722168,1.55191159478818e-07,22.383230924606323,1.0129115253221244e-06
16,11.182320594787598,9.371580123901367,2.0131164291115056e-08,22.44330596923828,1.0143647841687198e-06
16,11.184343338012695,9.373563766479492,0.0005152842495590448,22.50157904624939,3.135782390017994e-05
16,11.186491012573242,9.375655174255371,3.8649515772704035e-05,22.559988975524902,3.2923217077041045e-05
16,11.188648223876953,9.377755165100098,1.9929514394334547e-07,22.620017051696777,3.291713073849678e-05
16,11.190874099731445,9.37995719909668,1.897911170090083e-05,22.68018412590027,3.438004932831973e-05
16,11.193108558654785,9.382168769836426,6.787048256740036e-09,22.739192008972168,3.437966370256618e-05
16,11.195352554321289,9.384389877319336,9.774893783287553e-08,22.798990964889526,3.438750354689546e-05
16,11.197610855102539,9.386621475219727,1.6626398746666382e-06,22.859259128570557,3.4410964872222394e-05
16,11.199877738952637,9.388861656188965,9.990930749381732e-09,22.918807983398438,3.441221997491084e-05
16,11.202156066894531,9.391111373901367,5.822473667649319e-07,22.977785110473633,3.441949229454622e-05
16,11.204446792602539,9.393369674682617,1.1613066135396366e-06,23.03832197189331,3.441772059886716e-05
16,11.206747055053711,9.395637512207031,2.8627825443550137e-08,23.097519159317017,3.442085289862007e-05
16,11.210373878479004,9.397868156433105,0.00038896247860975564,23.15686297416687,3.371949787833728e-05
17,11.210376739501953,9.397871017456055,9.310644486504316e-07,23.215825080871582,4.29255209155599e-08
17,11.210381507873535,9.397875785827637,3.40210306148947e-07,23.273993015289307,6.769524674155036e-08
17,11.21049976348877,9.39781379699707,3.377900429768488e-05,23.33287000656128,9.24054404549679e-07
17,11.210697174072266,9.397896766662598,2.373144161538221e-05,23.39099097251892,1.234911906067282e-06
17,11.210896492004395,9.397982597351074,3.6504104627965717e-07,23.450833797454834,1.2708587746601552e-06
17,11.211647987365723,9.398776054382324,0.0001653214858379215,23.51216411590576,1.1637966963462532e-05
17,11.212404251098633,9.39957332611084,5.509989478014177e-07,23.57221817970276,1.1635010196187068e-05
17,11.213164329528809,9.400374412536621,1.819428874227924e-08,23.631975889205933,1.163421075034421e-05
17,11.21402645111084,9.401209831237793,2.864977068384178e-05,23.69012188911438,1.2071053788531572e-05
17,11.214892387390137,9.40204906463623,1.083469030049855e-07,23.748340845108032,1.2073906873411033e-05
17,11.215998649597168,9.403313636779785,6.867740012239665e-05,23.80684995651245,1.8105060007655993e-05
17,11.217280387878418,9.404879570007324,4.9061451136367396e-05,23.865792989730835,2.2318516130326316e-05
17,11.218568801879883,9.406453132629395,7.43898667110443e-08,23.92337203025818,2.232481347164139e-05
17,11.220268249511719,9.408744812011719,0.00011610404180828482,23.981664896011353,3.238853605580516e-05
17,11.222055435180664,9.411144256591797,2.1863384972675703e-05,24.039835214614868,3.378006658749655e-05
17,11.22385025024414,9.413553237915039,7.268801116566692e-09,24.09778618812561,3.378024121047929e-05
17,11.225665092468262,9.415985107421875,3.312664148324984e-06,24.15664005279541,3.397685577510856e-05
17,11.227489471435547,9.418425559997559,5.123861797073914e-07,24.215596914291382,3.396044121473096e-05
17,11.229324340820312,9.420876502990723,6.91988020662393e-07,24.273875951766968,3.397472755750641e-05
17,11.231340408325195,9.423487663269043,4.5550925278803334e-05,24.331886053085327,3.6061803257325664e-05
18,11.231340408325195,9.423487663269043,1.2439465013613926e-09,24.390792846679688,1.4235328194001085e-10
18,11.231340408325195,9.423487663269043,2.9139192392335644e-08,24.44917392730713,1.0006480088975422e-09
18,11.234432220458984,9.421868324279785,0.0008208930375985801,24.5089168548584,2.2049514882382937e-05
18,11.237534523010254,9.420241355895996,1.7156702725174e-08,24.568411111831665,2.2050327970646322e-05
18,11.240646362304688,9.418607711791992,3.93784880259318e-08,24.628861904144287,2.204562224505935e-05
18,11.244341850280762,9.417704582214355,0.00015300350787583739,24.688225030899048,1.2126716683269478e-05
18,11.251165390014648,9.416901588439941,0.000827039300929755,24.746142864227295,1.0731117072282359e-05
18,11.257962226867676,9.416098594665527,6.816341624471534e-07,24.805313110351562,1.0675792509573512e-05
18,11.264730453491211,9.415291786193848,1.3043960356284856e-09,24.8631432056427,1.0675934390746988e-05
18,11.2730712890625,9.417855262756348,0.00042654358549043536,24.922001838684082,3.378893597982824e-05
18,11.282221794128418,9.42163372039795,0.00023933987540658563,24.979942083358765,4.9696820497047156e-05
18,11.291267395019531,9.425419807434082,2.745205174292664e-09,25.038350105285645,4.969727524439804e-05
18,11.300410270690918,9.429177284240723,5.15895189892035e-05,25.098117113113403,4.921040454064496e-05
18,11.309492111206055,9.4329252243042,1.1724219802999869e-05,25.157994031906128,4.8976464313454926e-05
18,11.319319725036621,9.43625259399414,0.00022554367023985833,25.216731071472168,4.335465928306803e-05
18,11.32901382446289,9.43958568572998,1.1171650839969516e-06,25.274656057357788,4.3313160858815536e-05
18,11.338577270507812,9.442930221557617,1.9602266831952875e-07,25.33411717414856,4.333322067395784e-05
18,11.348015785217285,9.446283340454102,9.049451854536983e-09,25.392884969711304,4.333247852628119e-05
18,11.357929229736328,9.449665069580078,0.00015375245129689574,25.45192003250122,4.358243313618004e-05
18,11.367700576782227,9.453056335449219,1.8718855798738332e-08,25.51010298728943,4.3584983359323815e-05
19,11.36770248413086,9.453054428100586,5.234358582129062e-07,25.568626880645752,3.005235882369561e-08
19,11.367704391479492,9.453051567077637,4.292625632729141e-08,25.62765097618103,3.042167406874796e-08
19,11.368672370910645,9.45449447631836,0.0002470260369591415,25.686997890472412,1.82711701199878e-05
19,11.369646072387695,9.455944061279297,2.344151965871788e-07,25.74503183364868,1.8270295186084695e-05
19,11.372689247131348,9.455023765563965,0.0004994405317120254,25.803350925445557,1.1540365449036472e-05
19,11.37594985961914,9.45428466796875,5.226802022662014e-05,25.861674070358276,9.224140740116127e-06
19,11.379227638244629,9.453557014465332,1.7947949118024553e-06,25.919917106628418,9.039117685460951e-06
19,11.382526397705078,9.452831268310547,2.801194341373048e-06,25.977329969406128,8.971880561148282e-06
19,11.387453079223633,9.454609870910645,0.0004002296773251146,26.035178899765015,2.188634971389547e-05
19,11.39238166809082,9.45639705657959,2.018760625333016e-07,26.09282398223877,2.190554550907109e-05
19,11.397546768188477,9.458589553833008,5.7515240769134834e-05,26.151431798934937,2.6753874408314005e-05
19,11.40279483795166,9.461005210876465,2.0328760001575574e-05,26.209627151489258,2.937153840321116e-05
19,11.408903121948242,9.465381622314453,0.00020547490566968918,26.268497943878174,5.3145144192967564e-05
19,11.415257453918457,9.47022533416748,6.109973764978349e-05,26.32704997062683,5.880456592421979e-05
19,11.424327850341797,9.477234840393066,0.0006565608200617135,26.38540005683899,8.55101752677001e-05
19,11.433655738830566,9.483875274658203,8.427778084296733e-05,26.44300889968872,8.131667709676549e-05
19,11.442872047424316,9.490489959716797,3.5509614804141165e-07,26.501171827316284,8.131690265145153e-05
19,11.452068328857422,9.497291564941406,2.1141497200005688e-05,26.559089183807373,8.39780768728815e-05
19,11.461156845092773,9.504064559936523,2.413492516950555e-09,26.617922067642212,8.397830242756754e-05
19,11.470142364501953,9.510808944702148,8.696802211716204e-08,26.6768319606781,8.397363126277924e-05
20,11.470232963562012,9.510974884033203,2.0636534827644937e-05,26.734780073165894,2.0519196368695702e-06
20,11.470324516296387,9.511141777038574,1.0575956777003626e-09,26.79485321044922,2.0520935777312843e-06
20,11.47044563293457,9.511377334594727,6.47682873022859e-06,26.85326099395752,2.888863946282072e-06
20,11.470566749572754,9.511613845825195,2.94913982124001e-10,26.911468982696533,2.888923518185038e-06
20,11.470734596252441,9.511866569519043,9.939310075424146e-06,26.969745874404907,3.065878445340786e-06
20,11.470903396606445,9.512120246887207,5.132547165054291e-10,27.027947902679443,3.065958480874542e-06
20,11.47107219696045,9.512375831604004,1.9524172500950954e-08,27.08670687675476,3.0684768717037514e-06
20,11.471242904663086,9.512632369995117,6.830300947058277e-08,27.14517593383789,3.0722371775482316e-06
20,11.471414566040039,9.512890815734863,8.745151269806684e-09,27.203709840774536,3.0712567422597203e-06
20,11.471668243408203,9.51312255859375,1.679849265201483e-05,27.261540174484253,2.7442231385066407e-06
20,11.47194766998291,9.513421058654785,5.288690772431437e-06,27.321470975875854,3.5149846553395037e-06
20,11.47222900390625,9.513720512390137,9.64460866725858e-09,27.38020086288452,3.514005584293045e-06
20,11.472511291503906,9.514021873474121,3.861795605519802e-10,27.43814492225647,3.5140246836817823e-06
20,11.472856521606445,9.514344215393066,1.2901495210826397e-05,27.4958279132843,3.7458096358022885e-06
20,11.473203659057617,9.514668464660645,2.197186788066574e-08,27.55413818359375,3.7464724300662056e-06
20,11.473556518554688,9.51500415802002,8.536691780136607e-07,27.61234402656555,3.86034844268579e-06
20,11.473916053771973,9.515340805053711,8.404210234402854e-07,27.67149591445923,3.846660092676757e-06
20,11.474287033081055,9.515692710876465,1.968254309758777e-06,27.729623079299927,4.002837613370502e-06
20,11.474669456481934,9.5160493850708,1.9541350866347784e-06,27.787971019744873,4.038459792354843e-06
20,11.475053787231445,9.51640796661377,1.7207097968707785e-08,27.845946073532104,4.037402504764032e-06
21,11.475058555603027,9.516411781311035,9.293367497775762e-07,31.565797090530396,4.7040554562727266e-08
21,11.476607322692871,9.516169548034668,0.0003059056762140244,31.62363910675049,2.7026246698369505e-06
21,11.47816276550293,9.515926361083984,3.216137911543626e-10,31.682245016098022,2.7026017050957307e-06
21,11.47972583770752,9.515681266784668,1.0521171844857236e-07,31.74059796333313,2.704918415474822e-06
21,11.482707023620605,9.516616821289062,0.00026917297509498894,31.798002004623413,1.0276318789692596e-05
21,11.485697746276855,9.517557144165039,8.594419065310888e-10,31.856257915496826,1.0276433386025019e-05
21,11.48869800567627,9.518501281738281,8.256866301792343e-09,31.91546106338501,1.0275481145072263e-05
21,11.491708755493164,9.519450187683105,4.6406878340121693e-08,31.973685026168823,1.0272754479956347e-05
21,11.494729042053223,9.520403861999512,8.126385120377222e-10,32.03147792816162,1.027296639222186e-05
21,11.497758865356445,9.5213623046875,1.5391191654501313e-09,32.089359998703,1.0273295629303902e-05
21,11.500798225402832,9.52232551574707,2.3430439810567805e-08,32.14715790748596,1.0275450222252402e-05
21,11.503849029541016,9.523292541503906,2.2078305050854397e-07,32.205055952072144,1.0272558029100765e-05
21,11.506909370422363,9.524264335632324,1.3790604214136692e-09,32.264492988586426,1.0272518011333887e-05
21,11.509979248046875,9.525240898132324,5.106782219321815e-10,32.32287883758545,1.0272578037984204e-05
21,11.5130615234375,9.526227951049805,5.00722990182112e-07,32.38123321533203,1.0335537808714435e-05
21,11.516156196594238,9.527222633361816,4.7347865006486245e-07,32.43895196914673,1.0365573871240485e-05
21,11.51926040649414,9.52822208404541,4.66930549780642e-10,32.4978768825531,1.0365615707996767e-05
21,11.522374153137207,9.529226303100586,2.8437899257660604e-10,32.55647683143616,1.0365570233261678e-05
21,11.525501251220703,9.530234336853027,6.196112281031674e-07,32.6162748336792,1.0352629033150151e-05
21,11.528637886047363,9.531248092651367,1.0559475072113855e-08,32.67549991607666,1.03540905911359e-05
22,11.528637886047363,9.531249046325684,4.5565421658011473e-08,32.733880043029785,6.748121172961419e-09
22,11.528770446777344,9.531179428100586,2.172500353481155e-05,32.79281997680664,7.056557365103799e-07
22,11.528903007507324,9.531108856201172,9.447755910940714e-10,32.85268497467041,7.057869879645295e-07
22,11.52977466583252,9.530299186706543,0.00011821852240245789,32.910964012145996,8.113237527140882e-06
22,11.530915260314941,9.530158996582031,4.404701758176088e-05,32.969829082489014,1.39977055368945e-06
22,11.532061576843262,9.530017852783203,3.054434927207694e-08,33.02787804603577,1.3955549320598948e-06
22,11.534334182739258,9.53176212310791,0.00018051207007374614,33.086129903793335,1.7221293092006817e-05
22,11.536696434020996,9.533536911010742,1.3029198271397036e-05,33.145577907562256,1.7441383533878252e-05
22,11.539068222045898,9.535319328308105,3.4071907517585487e-09,33.204315185546875,1.7441887393943034e-05
22,11.541448593139648,9.537109375,4.814018073062698e-10,33.263437032699585,1.7442014723201282e-05
22,11.543843269348145,9.538917541503906,7.540846809206414e-07,33.32233214378357,1.75426721398253e-05
22,11.546273231506348,9.540708541870117,3.945007847505622e-06,33.381494998931885,1.7297003068961203e-05
22,11.548727989196777,9.542491912841797,2.3271927602763753e-06,33.439570903778076,1.7151674910564907e-05
22,11.551213264465332,9.544280052185059,3.1641045552532887e-06,33.49902892112732,1.7121757991844788e-05
22,11.55370807647705,9.546075820922852,3.286395877655224e-10,33.55780100822449,1.712183075142093e-05
22,11.556212425231934,9.547880172729492,6.279294417765868e-09,33.617079973220825,1.7122509234468453e-05
22,11.55872631072998,9.549692153930664,2.645605334805623e-08,33.67451500892639,1.712117955321446e-05
22,11.561249732971191,9.551511764526367,1.2351173417357586e-09,33.73204207420349,1.7121386918006465e-05
22,11.563782691955566,9.553339958190918,3.407344451034078e-08,33.789554834365845,1.712380071694497e-05
22,11.566325187683105,9.55517578125,1.958256223844046e-09,33.84734010696411,1.7124240912380628e-05
23,11.566337585449219,9.555184364318848,1.6814752825666801e-06,33.90581703186035,7.633067866663623e-08
23,11.566349983215332,9.555192947387695,4.279177290289482e-10,33.96382999420166,7.643565425041743e-08
23,11.566390037536621,9.55518913269043,3.849769200314768e-06,34.022469997406006,3.147434313177655e-08
23,11.56643295288086,9.555190086364746,3.606642451359221e-07,34.08103799819946,1.3024738620970311e-08
23,11.566576957702637,9.555317878723145,1.392769263475202e-05,34.140491008758545,1.1660208656394389e-06
23,11.566722869873047,9.55544662475586,1.6632357358048466e-07,34.19847917556763,1.163439037554781e-06
23,11.566869735717773,9.55557632446289,5.554475546176718e-09,34.256293058395386,1.1639573358479538e-06
23,11.567018508911133,9.555707931518555,2.218562258349266e-07,34.314287185668945,1.1820344525403925e-06
23,11.567168235778809,9.555840492248535,1.0989110732495533e-09,34.372406005859375,1.1818842722277623e-06
23,11.567320823669434,9.5559720993042,2.171138078210788e-07,34.4317409992218,1.165902403954533e-06
23,11.567476272583008,9.556103706359863,2.803396341732878e-07,34.49057412147522,1.161150407824607e-06
23,11.569029808044434,9.557541847229004,0.00018437487597111613,34.54898500442505,1.2637252439162694e-05
23,11.57059097290039,9.558987617492676,1.577299002519794e-08,34.60714316368103,1.263956892216811e-05
23,11.572206497192383,9.560467720031738,6.1873097365605645e-06,34.66529417037964,1.2880371286883019e-05
23,11.573829650878906,9.5619535446167,5.457356522242662e-08,34.732537031173706,1.2876562323071994e-05
23,11.5755033493042,9.563532829284668,5.6500243772461545e-06,34.79837417602539,1.3622742699226364e-05
23,11.577184677124023,9.565119743347168,1.7827177956064588e-08,34.85754704475403,1.3626489817397669e-05
23,11.578958511352539,9.566681861877441,1.0632380508468486e-05,34.91703486442566,1.3354344446270261e-05
23,11.581244468688965,9.568952560424805,6.328617746476084e-05,34.97475600242615,1.933411112986505e-05
23,11.583539009094238,9.571232795715332,1.1066277672000524e-08,35.0334370136261,1.9333938325871713e-05
24,11.583539009094238,9.571232795715332,5.486855969571991e-10,35.09358215332031,1.778091146542593e-10
24,11.58621597290039,9.5733642578125,0.00033393254852853715,35.15398907661438,1.7907999790622853e-05
24,11.588903427124023,9.575505256652832,1.1229089125208702e-07,35.21478080749512,1.7918377125170082e-05
24,11.59160041809082,9.577654838562012,8.757920610946712e-09,35.27544021606445,1.791717659216374e-05
24,11.59461784362793,9.579819679260254,3.7289697502274066e-05,35.33523607254028,1.7970389308175072e-05
24,11.597644805908203,9.58199405670166,1.2332996845998423e-09,35.39449214935303,1.7970363842323422e-05
24,11.600682258605957,9.584177017211914,6.222719406423494e-08,35.453328132629395,1.7975526134250686e-05
24,11.603729248046875,9.586369514465332,1.4950368720789697e-09,35.5104718208313,1.7975498849409632e-05
24,11.606793403625488,9.5885648727417,8.57631164308259e-07,35.567949056625366,1.7928772649611346e-05
24,11.609867095947266,9.590768814086914,5.525738200340413e-10,35.626303911209106,1.7928879969986156e-05
24,11.612950325012207,9.592982292175293,1.6223989929287086e-09,35.684420108795166,1.792909279174637e-05
24,11.616045951843262,9.595203399658203,2.420221676402434e-07,35.74283790588379,1.7922960978467017e-05
24,11.619319915771484,9.59742546081543,1.8225768144475296e-05,35.80033612251282,1.785409767762758e-05
24,11.622990608215332,9.59968090057373,4.226870078127831e-05,35.85890603065491,1.8048795027425513e-05
24,11.628352165222168,9.604909896850586,0.00018628916586749256,35.91787314414978,4.1866809624480084e-05
24,11.633709907531738,9.610136032104492,1.8033619042512328e-10,35.977473974227905,4.186686419416219e-05
24,11.639063835144043,9.615360260009766,4.976363765507585e-09,36.03638005256653,4.186734804534353e-05
24,11.644414901733398,9.62058162689209,1.15268406375435e-07,36.094640016555786,4.186492515145801e-05
24,11.650772094726562,9.624893188476562,0.0001012667125905864,36.15315818786621,3.452471719356254e-05
24,11.657124519348145,9.629203796386719,1.48002652622381e-06,36.21010994911194,3.447304334258661e-05
25,11.658685684204102,9.628767013549805,0.00014975974045228213,36.2683539390564,3.4720087569439784e-06
25,11.660256385803223,9.628334045410156,2.430087135962822e-07,36.325214862823486,3.427490355534246e-06
25,11.661834716796875,9.627899169921875,4.0058413475208e-08,36.38421702384949,3.427753426876734e-06
25,11.663419723510742,9.627462387084961,3.2030836316643274e-10,36.44348692893982,3.4276638416486094e-06
25,11.665014266967773,9.627022743225098,1.694379108130306e-07,36.50328707695007,3.4317238259973237e-06
25,11.66661548614502,9.626580238342285,7.98357990827725e-10,36.56294298171997,3.431874347370467e-06
25,11.668224334716797,9.62613582611084,3.1920828202913754e-09,36.62196922302246,3.431289997024578e-06
25,11.669839859008789,9.625689506530762,5.965849592115546e-09,36.68001890182495,3.4304134715057444e-06
25,11.671463966369629,9.625240325927734,4.429699629326933e-08,36.73811411857605,3.4358301945758285e-06
25,11.673094749450684,9.624788284301758,1.0478641288003132e-09,36.79763412475586,3.4359964047325775e-06
25,11.674734115600586,9.624333381652832,8.140742124851386e-08,36.855764865875244,3.4465515454940032e-06
25,11.67638111114502,9.623876571655273,5.421406257255512e-08,36.913700103759766,3.443172772676917e-06
25,11.678038597106934,9.623424530029297,2.273715722367342e-07,36.971400022506714,3.3878752674354473e-06
25,11.679832458496094,9.623318672180176,1.1658715266094077e-05,37.029640913009644,7.861242465878604e-07
25,11.682891845703125,9.626428604125977,0.00011131926294183359,37.087697982788086,2.3122463971958496e-05
25,11.68704605102539,9.628154754638672,9.015221439767629e-05,37.14634108543396,1.27782250274322e-05
25,11.691206932067871,9.629887580871582,6.652259543216132e-08,37.20357799530029,1.2770706234732643e-05
25,11.69625186920166,9.632048606872559,7.253436342580244e-05,37.26214408874512,1.5861876818235032e-05
25,11.70129680633545,9.6342191696167,6.34599084392562e-09,37.32095503807068,1.5863930457271636e-05
25,11.706341743469238,9.636399269104004,3.49888225059658e-08,37.382055044174194,1.5871959476498887e-05
26,11.70668888092041,9.637336730957031,2.8344369638944045e-05,37.44066619873047,6.794130968046375e-06
26,11.707043647766113,9.638277053833008,4.3097679736092687e-07,37.49882102012634,6.7776613832393195e-06
26,11.708333969116211,9.639204025268555,7.235810335259885e-05,37.55698609352112,6.64855224385974e-06
26,11.709639549255371,9.640158653259277,7.44580972877884e-07,37.616183042526245,6.816741915827151e-06
26,11.710951805114746,9.641118049621582,3.1234990149897612e-09,37.67325687408447,6.816686891397694e-06
26,11.712270736694336,9.642083168029785,5.4327582432733834e-08,37.72998404502869,6.824966931162635e-06
26,11.713630676269531,9.64301586151123,2.597132606751984e-06,37.78689885139465,6.562958333233837e-06
26,11.714997291564941,9.643953323364258,1.6920088663496813e-09,37.84399890899658,6.563107035617577e-06
26,11.716423988342285,9.644842147827148,3.8039913761167554e-06,37.900991916656494,6.1920759435452055e-06
26,11.717857360839844,9.645734786987305,6.842050925826015e-09,37.958070039749146,6.190860858623637e-06
26,11.719304084777832,9.646653175354004,5.125729103383492e-07,38.015257120132446,6.3407696870854124e-06
26,11.721654891967773,9.646864891052246,6.233752355910838e-05,38.07352900505066,1.4524307516694535e-06
26,11.724028587341309,9.647071838378906,9.372595286549767e-07,38.13325095176697,1.4166895425660186e-06
26,11.726410865783691,9.647279739379883,1.8751042385467542e-10,38.19193696975708,1.4166471373755485e-06
26,11.729504585266113,9.647407531738281,4.8193887778325006e-05,38.25124192237854,8.673509910295252e-07
26,11.7326078414917,9.647536277770996,1.6221304299790518e-09,38.30933403968811,8.676296374687809e-07
26,11.737573623657227,9.65135669708252,0.00012889747449662536,38.36665225028992,2.5662313419161364e-05
26,11.74267864227295,9.65560245513916,9.631014108890668e-06,38.423747062683105,2.8480311812018044e-05
26,11.747827529907227,9.659852981567383,2.8393928914738353e-06,38.480709075927734,2.8469237804529257e-05
26,11.753141403198242,9.66430377960205,1.0850243597815279e-05,38.537351846694946,2.977895928779617e-05
27,11.753180503845215,9.664278984069824,2.3674544991081348e-06,38.59468483924866,1.659955870536578e-07
27,11.75322151184082,9.664252281188965,7.673449431422341e-08,38.65237593650818,1.7788833872600662e-07
27,11.753265380859375,9.66423225402832,2.0177350279482198e-07,38.710312843322754,1.3506101481652877e-07
27,11.7534818649292,9.664247512817383,1.0484577614988666e-05,38.76816987991333,9.86055681551079e-08
27,11.75369930267334,9.664262771606445,3.31085381333196e-10,38.82595610618591,9.872056239146332e-08
27,11.753918647766113,9.664278030395508,1.4024730710104905e-08,38.88480997085571,9.953719626309976e-08
27,11.75413990020752,9.66429615020752,7.443723148981007e-08,38.94366097450256,1.1989364168130123e-07
27,11.754362106323242,9.664315223693848,5.755147469699295e-10,39.001389026641846,1.1979257408256672e-07
27,11.754585266113281,9.664334297180176,1.0196072458557026e-10,39.05932307243347,1.1984161574218888e-07
27,11.754820823669434,9.664389610290527,6.709547619720979e-07,39.11646008491516,3.53493305738084e-07
27,11.755228042602539,9.66434383392334,9.794317520572804e-06,39.1740448474884,2.904245661738969e-07
27,11.755637168884277,9.664298057556152,2.455837477821632e-10,39.23242211341858,2.90390630652837e-07
27,11.756049156188965,9.664252281188965,2.5024636585158078e-08,39.29107713699341,2.854526428563986e-07
27,11.756525993347168,9.664228439331055,3.5816485706163803e-06,39.34922909736633,1.4842950690763246e-07
27,11.757007598876953,9.664214134216309,1.8433934201311786e-07,39.40643095970154,8.951828078807011e-08
27,11.757497787475586,9.664214134216309,3.2890383749872854e-07,39.465468883514404,2.2761454943065473e-09
27,11.757989883422852,9.664214134216309,6.259562868038415e-10,39.524860858917236,2.0045969328919e-09
27,11.758529663085938,9.664284706115723,2.5238659873139113e-06,39.58299684524536,4.3240075342509954e-07
27,11.759072303771973,9.664355278015137,2.9243603094641912e-09,39.640158891677856,4.317790569530189e-07
27,11.759688377380371,9.664380073547363,3.767922407860169e-06,39.6988799571991,1.5063929481584637e-07
28,11.759688377380371,9.664380073547363,1.7037502075822886e-08,39.75782799720764,2.7972888450022992e-09
28,11.76019287109375,9.664024353027344,2.6793068172992207e-05,39.815048933029175,2.1338694295991445e-06
28,11.760700225830078,9.663666725158691,2.6024389310208562e-09,39.87256383895874,2.1335920337151038e-06
28,11.76124382019043,9.663421630859375,1.8899357883128687e-06,39.9308500289917,1.4520267086481908e-06
28,11.763670921325684,9.666993141174316,0.0001032085856422782,39.99002504348755,2.112991933245212e-05
28,11.766107559204102,9.670575141906738,2.86468857524369e-08,40.04882097244263,2.114126255037263e-05
28,11.768553733825684,9.674165725708008,2.3927654302369206e-10,40.10667014122009,2.1141229808563367e-05
28,11.771010398864746,9.677765846252441,5.684769277536361e-08,40.164945125579834,2.1143310732441023e-05
28,11.773480415344238,9.681381225585938,1.741017143785939e-07,40.22285485267639,2.1183499484322965e-05
28,11.777101516723633,9.688115119934082,5.913601125939749e-05,40.280791997909546,3.962054688599892e-05
28,11.780731201171875,9.69482135772705,3.712678775524836e-10,40.33824396133423,3.962054324802011e-05
28,11.784369468688965,9.70150089263916,5.064618169292601e-10,40.39618396759033,3.962039772886783e-05
28,11.788021087646484,9.708150863647461,1.8341835072988033e-07,40.45310091972351,3.95965289499145e-05
28,11.791680335998535,9.714775085449219,8.844864424206733e-11,40.51123881340027,3.959650712204166e-05
28,11.795348167419434,9.72137451171875,1.4252517221979843e-10,40.56937289237976,3.9596608985448256e-05
28,11.79902458190918,9.727950096130371,2.1436323827117576e-09,40.62688207626343,3.959739115089178e-05
28,11.802709579467773,9.734501838684082,1.0340661660279693e-10,40.684826135635376,3.959739115089178e-05
28,11.80650520324707,9.741318702697754,4.5353722271102015e-06,40.74416995048523,4.138124131713994e-05
28,11.810309410095215,9.748106002807617,4.4154935263662765e-10,40.80212712287903,4.1381106711924076e-05
28,11.814927101135254,9.753867149353027,3.180508429068141e-05,40.860477924346924,3.5180415579816326e-05
29,11.814927101135254,9.753867149353027,6.668738478099456e-11,40.91944193840027,2.3792082887164057e-11
29,11.814927101135254,9.753867149353027,4.074576231971605e-09,40.97722387313843,1.7000509888731585e-09
29,11.814927101135254,9.753867149353027,5.209460293698065e-11,41.03436207771301,1.6907866218218714e-09
29,11.814927101135254,9.753867149353027,3.678358173608842e-10,41.0917010307312,1.8038913696116765e-09
29,11.814927101135254,9.753867149353027,6.079902137301474e-10,41.14976191520691,1.5926927554588133e-09
29,11.814979553222656,9.753849983215332,1.9832000361930113e-06,41.20831608772278,1.0156696106378149e-07
29,11.815032958984375,9.753832817077637,6.3100373814961586e-09,41.26707100868225,1.0118539250925096e-07
29,11.815086364746094,9.753815650939941,1.0522239968224767e-08,41.32449412345886,1.0152812279784484e-07
29,11.815140724182129,9.753798484802246,3.615982790972083e-10,41.38379788398743,1.0132688998965023e-07
29,11.81525993347168,9.753876686096191,2.476469035173068e-06,41.443395137786865,4.5649872504327504e-07
29,11.815389633178711,9.753985404968262,3.7695079413424537e-07,41.502695083618164,6.278158366512798e-07
29,11.815520286560059,9.754095077514648,3.671401030413968e-11,41.56357288360596,6.278411888160917e-07
29,11.815705299377441,9.754176139831543,1.957059339474654e-06,41.62115812301636,4.618295861291699e-07
29,11.815896987915039,9.754268646240234,2.3536603066531825e-07,41.68013906478882,5.239749611973821e-07
29,11.816091537475586,9.754365921020508,7.130200430083278e-08,41.7386429309845,5.493025128089357e-07
29,11.816289901733398,9.754470825195312,1.0153767249221346e-07,41.79692316055298,5.894099786019069e-07
29,11.816752433776855,9.75516414642334,9.770602446224075e-06,41.85515999794006,3.8891321310075e-06
29,11.817217826843262,9.755861282348633,7.189891459979947e-10,41.913172006607056,3.888997071044287e-06
29,11.8176851272583,9.756561279296875,9.424070551711239e-11,41.97271108627319,3.889051185979042e-06
29,11.818198204040527,9.757279396057129,1.5429284303536406e-06,42.03071689605713,3.965819360018941e-06
30,11.818203926086426,9.757272720336914,1.947934578083732e-07,42.088924169540405,3.895399913744768e-08
30,11.81823444366455,9.757332801818848,8.959448791756586e-07,42.14719104766846,3.3025600032488e-07
30,11.818264961242676,9.757393836975098,4.3690534523577185e-10,42.205004930496216,3.3038250535355473e-07
30,11.818299293518066,9.757461547851562,1.3444719115796033e-07,42.262943983078,3.643289687715878e-07
30,11.818337440490723,9.757532119750977,1.1239623631809081e-07,42.32110404968262,3.8116908740448707e-07
30,11.818375587463379,9.757603645324707,3.116270574921032e-10,42.379793882369995,3.8108512967482966e-07
30,11.818414688110352,9.757675170898438,7.609616048398493e-09,42.4374577999115,3.8159393511705275e-07
30,11.818549156188965,9.757955551147461,3.3005183013301576e-06,42.495628118515015,1.4862803254800383e-06
30,11.818694114685059,9.758225440979004,3.248612472361856e-07,42.555793046951294,1.4242525594454492e-06
30,11.818840980529785,9.758500099182129,5.052964624496781e-08,42.614662170410156,1.4434035620070063e-06
30,11.818990707397461,9.758772850036621,6.906052618660397e-08,42.67203712463379,1.4282252323027933e-06
30,11.819141387939453,9.759047508239746,2.2695141321804613e-09,42.730005979537964,1.4291878187577822e-06
30,11.819293022155762,9.759324073791504,1.9682908081186667e-10,42.788403034210205,1.4292608057075995e-06
30,11.819445610046387,9.759601593017578,7.734800355763127e-09,42.847967863082886,1.42736814723321e-06
30,11.819599151611328,9.759880065917969,7.167277188413479e-11,42.90625715255737,1.4274269233283121e-06
30,11.820135116577148,9.759796142578125,1.1950653060921468e-05,42.96568703651428,4.292896846891381e-07
30,11.820677757263184,9.759713172912598,9.771308384642907e-08,43.024484157562256,4.2158464452768385e-07
30,11.821222305297852,9.759629249572754,1.4064835407445742e-10,43.08210611343384,4.216128104417294e-07
30,11.822155952453613,9.759516716003418,1.2069107469869778e-05,43.140056133270264,5.64583217510517e-07
30,11.823094367980957,9.759404182434082,5.074513725888963e-11,43.19896602630615,5.645370038109832e-07
31,11.823217391967773,9.759603500366211,3.849030690616928e-06,43.2573082447052,9.90172566162073e-07
31,11.82349681854248,9.760107040405273,4.932962383463746e-06,43.315171003341675,2.4929636310844216e-06
31,11.82377815246582,9.760613441467285,2.1739531008702073e-10,43.37498497962952,2.492889507266227e-06
31,11.824060440063477,9.761122703552246,7.927516282313363e-11,43.43449282646179,2.492889507266227e-06
31,11.824631690979004,9.76153564453125,8.48143554321723e-06,43.49436116218567,2.0114648577873595e-06
31,11.82520580291748,9.761950492858887,6.782570338703664e-11,43.5519380569458,2.0114355265832273e-06
31,11.825798988342285,9.762361526489258,4.575274203943991e-07,43.60976314544678,1.982598632821464e-06
31,11.826395034790039,9.762774467468262,4.845514267604045e-11,43.66741609573364,1.9826445623039035e-06
31,11.827564239501953,9.764781951904297,1.730919575493317e-05,43.72507905960083,9.601151759852655e-06
31,11.828740119934082,9.76679801940918,2.8304542709634006e-08,43.783064126968384,9.600124940334354e-06
31,11.830026626586914,9.768843650817871,2.983136710099643e-06,43.84148406982422,9.701328963274136e-06
31,11.831915855407715,9.770883560180664,1.6506501197000034e-05,43.900967836380005,9.633121408114675e-06
31,11.833812713623047,9.772932052612305,4.996343616614496e-11,43.958709955215454,9.633153240429237e-06
31,11.83572006225586,9.774995803833008,7.283141911784696e-08,44.01687407493591,9.664278877608012e-06
31,11.83763599395752,9.777068138122559,8.991207778308308e-10,44.07605195045471,9.663978744356427e-06
31,11.839560508728027,9.779149055480957,2.885935240781734e-11,44.135634899139404,9.663999662734568e-06
31,11.841506958007812,9.781230926513672,3.564315704807086e-07,44.193626165390015,9.627262443245854e-06
31,11.843466758728027,9.783334732055664,1.336646278105036e-07,44.251890897750854,9.69227130553918e-06
31,11.84543514251709,9.78544807434082,5.185615478686678e-11,44.30938792228699,9.692295861896127e-06
31,11.847415924072266,9.787566184997559,9.400248046631532e-08,44.36746907234192,9.674110515334178e-06
32,11.847415924072266,9.787566184997559,1.122669318620595e-10,44.42597699165344,5.514885076385312e-11
32,11.847415924072266,9.787566184997559,2.5450645063651578e-11,44.48539686203003,7.484966813020577e-11
32,11.848118782043457,9.786681175231934,1.6310386854456738e-05,44.545310974121094,3.984853719884995e-06
32,11.848942756652832,9.785807609558105,2.769168531813193e-06,44.60492205619812,3.91403273169999e-06
32,11.849773406982422,9.784927368164062,5.347364862018367e-08,44.66467308998108,3.924440534319729e-06
32,11.85061264038086,9.784040451049805,1.1202577354652021e-07,44.723896980285645,3.932742401957512e-06
32,11.852188110351562,9.78547477722168,1.7838408894021995e-05,44.781785011291504,6.33090894552879e-06
32,11.853792190551758,9.786975860595703,5.039873940404505e-07,44.83930206298828,6.597706033062423e-06
32,11.855402946472168,9.788483619689941,2.7725957640889476e-10,44.89746308326721,6.597849278477952e-06
32,11.858194351196289,9.79376220703125,2.740970376180485e-05,44.955740213394165,2.310593845322728e-05
32,11.860995292663574,9.79903793334961,2.5608962173073735e-10,45.01342988014221,2.310593299625907e-05
32,11.8638277053833,9.804298400878906,4.4556512079907407e-07,45.071112871170044,2.3050410163705237e-05
32,11.866706848144531,9.809609413146973,7.887173865128716e-07,45.13084101676941,2.3287830117624253e-05
32,11.869596481323242,9.814918518066406,1.0679221951193085e-08,45.18878793716431,2.3294591301237233e-05
32,11.872495651245117,9.820223808288574,1.0557510421449479e-09,45.248568058013916,2.329512244614307e-05
32,11.875404357910156,9.825526237487793,8.875528645369002e-10,45.308367013931274,2.3295486244023778e-05
32,11.878323554992676,9.830824851989746,1.2902987567287028e-09,45.36807084083557,2.3294940547202714e-05
32,11.88125228881836,9.83612060546875,2.438520045611181e-11,45.42790198326111,2.329496419406496e-05
32,11.884190559387207,9.841413497924805,1.4000153258919568e-09,45.48730111122131,2.3296115614357404e-05
32,11.887138366699219,9.84670352935791,6.348150005663911e-09,45.54658818244934,2.3298691303352825e-05
33,11.887138366699219,9.84670352935791,9.656132560209585e-10,45.60504388809204,2.383634678526647e-10
33,11.887139320373535,9.846702575683594,8.428703957008565e-09,45.66377806663513,3.093582723323607e-09
33,11.887140274047852,9.846701622009277,4.969724631820327e-11,45.7231171131134,3.051551455968138e-09
33,11.887144088745117,9.846705436706543,5.1436064296694894e-08,45.78128504753113,1.7620873649093483e-08
33,11.887207984924316,9.84686279296875,1.0183416634390596e-06,45.839508056640625,6.76437252877804e-07
33,11.887271881103516,9.847021102905273,5.1953229912582444e-11,45.89822697639465,6.764522026969644e-07
33,11.887513160705566,9.847016334533691,2.7540406790649286e-06,45.955483198165894,1.860115617091651e-08
33,11.887782096862793,9.847063064575195,4.3155606022082793e-07,46.01481485366821,1.9800536676939373e-07
33,11.888052940368652,9.847112655639648,1.5785710516524887e-08,46.07344102859497,2.0946355050455168e-07
33,11.888325691223145,9.847163200378418,8.640730353448589e-10,46.13197207450867,2.100591416365205e-07
33,11.888599395751953,9.847213745117188,2.987175173885248e-09,46.1899790763855,2.119001294431655e-07
33,11.888875007629395,9.847265243530273,3.175826268630999e-11,46.247889041900635,2.1189988785863534e-07
33,11.889151573181152,9.84731674194336,1.4649849111592061e-09,46.305891036987305,2.1316321863196208e-07
33,11.890262603759766,9.849502563476562,1.3239189684099983e-05,46.36463904380798,8.983473890111782e-06
33,11.892102241516113,9.853483200073242,1.1354003618180286e-05,46.4216570854187,1.6329016943927854e-05
33,11.893949508666992,9.857471466064453,4.636364903110035e-10,46.48155999183655,1.6329115169355646e-05
33,11.895805358886719,9.861467361450195,7.749844654902915e-10,46.54085183143616,1.6329844584106468e-05
33,11.897743225097656,9.865619659423828,1.0759868018794805e-06,46.59974908828735,1.6944097296800464e-05
33,11.899770736694336,9.869980812072754,1.1779309261328308e-06,46.659855127334595,1.777569741534535e-05
33,11.901806831359863,9.874347686767578,2.4756208194531837e-09,46.72067618370056,1.7776943423086777e-05
34,11.901930809020996,9.874459266662598,1.6387841696996475e-06,46.77938890457153,4.5213292310108955e-07
34,11.902070045471191,9.8745756149292,2.0148023338606436e-07,46.83743691444397,4.700368663179688e-07
34,11.902214050292969,9.874690055847168,5.04222761321671e-08,46.897895097732544,4.5698493522650097e-07
34,11.902359008789062,9.874804496765137,7.909664034855268e-10,46.9583101272583,4.575453829147591e-07
34,11.902839660644531,9.875863075256348,4.477056791074574e-06,47.01702284812927,4.202052423352143e-06
34,11.90332317352295,9.87692642211914,1.2293070207614054e-11,47.074756145477295,4.2020415094157215e-06
34,11.90381145477295,9.8779935836792,2.779461993895893e-08,47.134344816207886,4.198196165816626e-06
34,11.904302597045898,9.879066467285156,4.7054062868312485e-09,47.19488883018494,4.198358510620892e-06
34,11.904796600341797,9.880144119262695,8.066023404751377e-09,47.25594401359558,4.197508587822085e-06
34,11.906350135803223,9.882000923156738,1.2963661902176682e-05,47.313836097717285,7.2007551352726296e-06
34,11.90791130065918,9.883865356445312,2.931196119160262e-10,47.376266956329346,7.200566415122012e-06
34,11.909479141235352,9.885738372802734,5.938282504613923e-11,47.434447050094604,7.200583695521345e-06
34,11.911054611206055,9.887619018554688,9.860424282637226e-11,47.49235510826111,7.200610525615048e-06
34,11.912636756896973,9.889508247375488,3.800769698969475e-10,47.55050802230835,7.200891104730545e-06
34,11.914226531982422,9.89140510559082,8.15519296537559e-09,47.60818409919739,7.200284471764462e-06
34,11.916257858276367,9.894394874572754,4.805934167961823e-06,47.66594982147217,1.1311659363855142e-05
34,11.91914176940918,9.897180557250977,8.64807498146547e-06,47.723881006240845,1.0503887097002007e-05
34,11.922048568725586,9.899991035461426,1.318926194926462e-07,47.78208613395691,1.0560414011706598e-05
34,11.924964904785156,9.902811050415039,2.2115647091425217e-09,47.83937406539917,1.055999473464908e-05
34,11.92818832397461,9.905872344970703,2.771201934592682e-06,47.899269104003906,1.1425749107729644e-05
35,11.928921699523926,9.904775619506836,6.188141014717985e-06,47.95949101448059,4.075703145645093e-06
35,11.92966079711914,9.903674125671387,2.020484579645654e-08,48.01903986930847,4.0734830690780655e-06
35,11.93055534362793,9.902830123901367,1.3310404938238207e-06,48.07827806472778,3.105972155026393e-06
35,11.931575775146484,9.902186393737793,1.0471733276062878e-06,48.139009952545166,2.3581842469866388e-06
35,11.932609558105469,9.90153694152832,7.196980789103691e-08,48.19848394393921,2.3648381102248095e-06
35,11.933649063110352,9.900884628295898,6.3986320582298806e-12,48.25693988800049,2.3648335627513006e-06
35,11.934712409973145,9.900219917297363,1.4976616569128964e-07,48.31721806526184,2.3979191610123962e-06
35,11.935781478881836,9.899552345275879,4.519674998842982e-12,48.37807106971741,2.3979187062650453e-06
35,11.936859130859375,9.898882865905762,2.781156460684997e-08,48.436619997024536,2.3902500743133714e-06
35,11.937942504882812,9.898210525512695,2.26029195360411e-09,48.495441198349,2.390272356933565e-06
35,11.939038276672363,9.897557258605957,6.161406673754755e-08,48.553935050964355,2.310618356204941e-06
35,11.940173149108887,9.896993637084961,2.5103346956711903e-07,48.61170411109924,1.983210722755757e-06
35,11.941323280334473,9.89645004272461,7.253308353938337e-08,48.668938875198364,1.904445412037603e-06
35,11.942479133605957,9.895903587341309,5.861124086070646e-11,48.72638297080994,1.9044982764171436e-06
35,11.94364070892334,9.895354270935059,3.563768724568206e-10,48.78385305404663,1.904026817101112e-06
35,11.944809913635254,9.89480209350586,1.5623966120870136e-08,48.841521978378296,1.9052372408623341e-06
35,11.945984840393066,9.894247055053711,3.2671786283355875e-12,48.9002799987793,1.9052276911679655e-06
35,11.947165489196777,9.893689155578613,1.964146553734558e-11,48.957417011260986,1.9052436073252466e-06
35,11.948351860046387,9.893128395080566,5.758784005216455e-10,49.0150351524353,1.9050526134378742e-06
35,11.949724197387695,9.893082618713379,1.1255749541305704e-06,49.07254505157471,1.539445975140552e-07
36,11.94973087310791,9.893104553222656,4.209412907130172e-08,49.12972688674927,7.375416544164182e-08
36,11.94975471496582,9.893184661865234,1.0524097859843096e-07,49.18778204917908,2.6881156145464047e-07
36,11.949779510498047,9.893266677856445,2.7752518061419096e-09,49.244832038879395,2.7382932898945e-07
36,11.949804306030273,9.893349647521973,1.4247391461053027e-11,49.30289101600647,2.738547664193902e-07
36,11.949830055236816,9.893433570861816,3.6275580317379763e-09,49.36223888397217,2.7775331545853987e-07
36,11.949856758117676,9.893518447875977,6.57017151795003e-09,49.42048501968384,2.7878596142727474e-07
36,11.949883460998535,9.893604278564453,7.471304824813174e-11,49.48015785217285,2.7896049914488685e-07
36,11.950127601623535,9.893610000610352,1.143131044045731e-06,49.53959798812866,1.9042374788114103e-08
36,11.950425148010254,9.893793106079102,3.05842348780061e-07,49.59903883934021,5.911381890655321e-07
36,11.950724601745605,9.893977165222168,1.0704928055105256e-09,49.656578063964844,5.928541213506833e-07
36,11.951025009155273,9.89416217803955,2.9531793677151086e-12,49.71393394470215,5.928526434217929e-07
36,11.95134449005127,9.894404411315918,9.842724324471419e-08,49.77114200592041,7.710294767093728e-07
36,11.951665878295898,9.894647598266602,1.345329958546415e-10,49.82910895347595,7.712046681263018e-07
36,11.95198917388916,9.894892692565918,6.77661329828716e-11,49.88624715805054,7.713298373346333e-07
36,11.952679634094238,9.894987106323242,1.7795321127778152e-06,49.94383406639099,2.953036641883955e-07
36,11.953373908996582,9.895081520080566,5.654932251630829e-12,50.00171995162964,2.9532429834944196e-07
36,11.954071044921875,9.895176887512207,8.490310121622713e-10,50.05900692939758,2.967354930660804e-07
36,11.954784393310547,9.895282745361328,5.8914093159501135e-08,50.1165611743927,3.2771927749308816e-07
36,11.955501556396484,9.895390510559082,1.618886802390307e-09,50.17582297325134,3.316023651223077e-07
36,11.956222534179688,9.895499229431152,1.0220194135435179e-10,50.23411822319031,3.318594394841057e-07
37,11.956222534179688,9.895499229431152,2.839916080077387e-10,50.29176998138428,6.265082896916851e-10
37,11.956231117248535,9.89550495147705,3.9026637921324436e-08,50.35087609291077,1.6296159088824425e-08
37,11.956239700317383,9.89551067352295,1.2715368688520634e-11,50.409929037094116,1.6288328907876348e-08
37,11.95624828338623,9.895516395568848,2.2003131955328215e-11,50.46785306930542,1.6326929141996516e-08
37,11.956256866455078,9.895522117614746,1.6352480480819054e-10,50.525694847106934,1.6495155463758238e-08
37,11.956266403198242,9.895527839660645,4.093306596453239e-11,50.583881855010986,1.6535681268692315e-08
37,11.956275939941406,9.895533561706543,4.8287623899412324e-12,50.642049074172974,1.6543182823625102e-08
37,11.95628547668457,9.895539283752441,2.901242614206101e-11,50.699568033218384,1.661531356944579e-08
37,11.956295013427734,9.89554500579834,3.7668076123542615e-12,50.757389068603516,1.6627875965014027e-08
37,11.956304550170898,9.895551681518555,2.0196764261015687e-09,50.815393924713135,1.8698296244679113e-08
37,11.956314086914062,9.89555835723877,6.303091382164894e-11,50.872785806655884,1.884408895591605e-08
37,11.956323623657227,9.895565032958984,5.788038381915328e-10,50.93044900894165,1.9738218171028166e-08
37,11.956334114074707,9.8955717086792,1.0878378198242444e-09,50.98816204071045,2.0231356145927748e-08
37,11.956353187561035,9.895612716674805,3.9583905930840046e-08,51.04586696624756,1.1598867644124766e-07
37,11.95637321472168,9.895654678344727,3.778168444767971e-09,51.10377597808838,1.1814287859124306e-07
37,11.95676040649414,9.895586013793945,1.4656432085757842e-06,51.16207194328308,1.9343460166965087e-07
37,11.957149505615234,9.895517349243164,2.5073720877344385e-10,51.219785928726196,1.9351611513229727e-07
37,11.95754337310791,9.895456314086914,1.2253435599518525e-08,51.27755808830261,1.7149967845853098e-07
37,11.957940101623535,9.89539623260498,2.211394845019754e-09,51.33598208427429,1.676473715406246e-07
37,11.958372116088867,9.895418167114258,1.4131670411643427e-07,51.39468693733215,6.196560775606486e-08
38,11.958372116088867,9.895418167114258,2.2761471527021904e-11,51.45371198654175,8.444825394526845e-11
38,11.958388328552246,9.895430564880371,6.258137830172927e-08,51.51115012168884,3.523172864561275e-08
38,11.958878517150879,9.895323753356934,1.7426216345484136e-06,51.569167137145996,2.915317622864677e-07
38,11.959371566772461,9.89521598815918,1.3075753153846126e-11,51.62631392478943,2.91478954750346e-07
38,11.959877014160156,9.89514446258545,4.11238332276298e-08,51.6841778755188,1.938636131626481e-07
38,11.9603853225708,9.895071983337402,5.949716413988781e-11,51.74144101142883,1.938410747470698e-07
38,11.960895538330078,9.894999504089355,2.215390414520013e-12,51.79930806159973,1.9383374194603675e-07
38,11.961408615112305,9.894927024841309,3.7838599441231136e-12,51.857215881347656,1.938325766559501e-07
38,11.961950302124023,9.894898414611816,9.24324154993883e-08,51.91594219207764,7.670162460726715e-08
38,11.962564468383789,9.894877433776855,2.3148616890011908e-07,51.97436308860779,5.618756659941937e-08
38,11.963552474975586,9.894819259643555,1.1847625955851981e-06,52.0321159362793,1.5254374829964945e-07
38,11.965302467346191,9.896585464477539,2.6119994345208397e-06,52.08966398239136,4.603080469678389e-06
38,11.967060089111328,9.898359298706055,7.70261798788141e-10,52.148937940597534,4.604501100402558e-06
38,11.968827247619629,9.900144577026367,4.807887865609928e-09,52.2087128162384,4.6135160118865315e-06
38,11.970998764038086,9.902176856994629,1.0769521168185747e-06,52.268532037734985,5.2293257795099635e-06
38,11.973179817199707,9.904217720031738,1.1637181019166776e-12,52.32755899429321,5.2293339649622794e-06
38,11.975369453430176,9.906267166137695,2.83135082219943e-12,52.38563084602356,5.229337148193736e-06
38,11.977567672729492,9.9083251953125,9.051038390994748e-11,52.44343900680542,5.229386260907631e-06
38,11.979787826538086,9.9104642868042,3.139085436032474e-08,52.50169396400452,5.412703103502281e-06
38,11.982016563415527,9.912611961364746,1.0808661908209838e-12,52.560012102127075,5.412714472186053e-06
39,11.982016563415527,9.912611961364746,5.4968678914191216e-11,52.618499994277954,3.78726383587491e-10
39,11.982017517089844,9.912615776062012,1.595510279450707e-09,52.67682099342346,9.790046107127637e-09
39,11.982035636901855,9.912666320800781,3.0464697431398235e-08,52.73533010482788,1.2578910002503108e-07
39,11.982054710388184,9.912718772888184,9.549609991665875e-10,52.79348611831665,1.2993713482956082e-07
39,11.982217788696289,9.913747787475586,3.136809425541287e-07,52.85190391540527,2.52891823038226e-06
39,11.982381820678711,9.91478157043457,1.9460261527215472e-11,52.910614013671875,2.529090579628246e-06
39,11.98254680633545,9.915820121765137,2.3761025699092775e-12,52.96868920326233,2.529116272853571e-06
39,11.98271369934082,9.916868209838867,1.8018726510860006e-09,53.02683687210083,2.538779426686233e-06
39,11.982888221740723,9.917964935302734,1.4202672815599726e-08,53.086353063583374,2.64503091784718e-06
39,11.983063697814941,9.9190673828125,4.2024161928111425e-11,53.146466970443726,2.6452123620401835e-06
39,11.983240127563477,9.920175552368164,2.5116342339259745e-10,53.20418620109558,2.64641357716755e-06
39,11.983419418334961,9.921298027038574,2.634057416628366e-09,53.26296281814575,2.6676937068259576e-06
39,11.983599662780762,9.922426223754883,1.1725949378149636e-10,53.321012020111084,2.6685945613280637e-06
39,11.983935356140137,9.923735618591309,2.1230663094229385e-07,53.379436016082764,3.0830110517854337e-06
39,11.984415054321289,9.925792694091797,2.408262389508309e-07,53.43724799156189,4.823355993721634e-06
39,11.985054016113281,9.928817749023438,2.7072246666648425e-07,53.49621391296387,7.071378604450729e-06
39,11.985696792602539,9.931852340698242,1.6675556335082886e-12,53.55581593513489,7.0713958848500624e-06
39,11.986342430114746,9.934896469116211,6.058272915450413e-13,53.61406993865967,7.071402706060326e-06
39,11.987142562866211,9.938297271728516,1.8132161017092585e-07,53.67353391647339,7.878739779698662e-06
39,11.987948417663574,9.941720962524414,3.129808190394101e-09,53.73214316368103,7.909618034318555e-06
40,11.987948417663574,9.941720962524414,2.9530655264869976e-12,53.79048800468445,4.459685745694664e-11
40,11.987972259521484,9.941810607910156,2.6963169474925053e-08,53.84902906417847,2.0466305272748286e-07
40,11.987996101379395,9.941901206970215,1.1069486993697808e-10,53.90672993659973,2.059272219412378e-07
40,11.988019943237305,9.941991806030273,5.687057595682443e-12,53.96428298950195,2.059518919850234e-07
40,11.988043785095215,9.942083358764648,2.490997859372346e-13,54.02362298965454,2.0595420835434197e-07
40,11.98815631866455,9.942300796508789,8.504572690526402e-08,54.08283305168152,4.872269983025035e-07
40,11.98827075958252,9.942522048950195,1.1547065525974176e-09,54.141780853271484,4.925796588395315e-07
40,11.988386154174805,9.942744255065918,1.6748645656136651e-12,54.200855016708374,4.926079668621242e-07
40,11.98850154876709,9.942967414855957,6.8634932806621585e-12,54.258923053741455,4.926531005366996e-07
40,11.988617897033691,9.943191528320312,7.523632411521319e-11,54.317142963409424,4.933351647196105e-07
40,11.988739013671875,9.943424224853516,4.078787529948613e-09,54.37465214729309,5.095479309602524e-07
40,11.988861083984375,9.943658828735352,2.7669355522064176e-12,54.433210134506226,5.095909045849112e-07
40,11.98901081085205,9.943964958190918,2.533920273606327e-08,54.49111199378967,6.630693860643078e-07
40,11.989161491394043,9.944273948669434,3.6413522197520365e-10,54.55039310455322,6.656987920905522e-07
40,11.989313125610352,9.944584846496582,2.0367414699240527e-10,54.610567808151245,6.668334435744327e-07
40,11.989494323730469,9.944952011108398,2.4611257032347567e-08,54.670488119125366,7.831131938473845e-07
40,11.989679336547852,9.945340156555176,3.2427893703612654e-09,54.729398012161255,8.240187412411615e-07
40,11.98986530303955,9.945730209350586,1.7915757419273426e-11,54.78758406639099,8.24286814804509e-07
40,11.990052223205566,9.946123123168945,3.051855157476524e-10,54.845741987228394,8.261224024863623e-07
40,11.990242958068848,9.946524620056152,1.9102368575829587e-09,54.90373396873474,8.386330705434375e-07
41,11.990242958068848,9.946524620056152,1.4172212665572448e-12,57.44842004776001,2.6707252728797037e-11
41,11.990249633789062,9.946551322937012,5.745907749599155e-09,57.50960087776184,5.544126935319582e-08
41,11.990256309509277,9.946581840515137,5.659673285585143e-10,57.56826686859131,6.309199562792855e-08
41,11.990265846252441,9.94663143157959,2.864351200670967e-09,57.62651014328003,1.0250153792412675e-07
41,11.990276336669922,9.946682929992676,1.3390151487602253e-10,57.68535900115967,1.0435117303586594e-07
41,11.990289688110352,9.946745872497559,2.4133763876221792e-09,57.743797063827515,1.2827007367377519e-07
41,11.990303039550781,9.946809768676758,6.798773241438461e-13,57.802876234054565,1.282854071860129e-07
41,11.990317344665527,9.946876525878906,7.01202262920475e-10,57.861953020095825,1.3460068259973923e-07
41,11.990331649780273,9.946945190429688,2.258817993761042e-10,57.92023706436157,1.37670170374804e-07
41,11.990351676940918,9.947028160095215,4.4313241964744066e-09,57.97892904281616,1.6413497405665112e-07
41,11.990413665771484,9.94726848602295,3.3791305753538836e-08,58.037169218063354,4.753793518830207e-07
41,11.99047565460205,9.947509765625,3.0378808192968454e-13,58.09568405151367,4.753865425755066e-07
41,11.9905424118042,9.947772979736328,3.957631999895739e-09,58.1536660194397,5.148524451215053e-07
41,11.990610122680664,9.948040008544922,4.595820390917993e-10,58.2115740776062,5.197611017138115e-07
41,11.990678787231445,9.948307991027832,4.176524057153408e-11,58.26891303062439,5.203456225899572e-07
41,11.990793228149414,9.948763847351074,3.61182941333027e-08,58.32947611808777,8.796395150056924e-07
41,11.990914344787598,9.94925308227539,4.613522452956431e-09,58.39015197753906,9.39749327244499e-07
41,11.991037368774414,9.949751853942871,1.206113653395846e-09,58.4502329826355,9.523105291009415e-07
41,11.991271018981934,9.950541496276855,7.417612835070031e-08,58.51319193840027,1.5004950455477228e-06
41,11.99150562286377,9.951334953308105,5.397495059407398e-13,58.57158303260803,1.5005067552920082e-06
42,11.991510391235352,9.951366424560547,3.8596881246633075e-09,58.63014197349548,5.984778539414037e-08
42,11.991515159606934,9.951398849487305,1.0710517759152105e-12,58.68889594078064,5.98647744709524e-08
42,11.991519927978516,9.951431274414062,2.641222201886506e-13,58.746817111968994,5.987039486399226e-08
42,11.991530418395996,9.951484680175781,3.750471488928042e-09,58.805432081222534,9.928882604981482e-08
42,11.991540908813477,9.9515380859375,5.446569302340609e-13,58.86411690711975,9.929987498935589e-08
42,11.991551399230957,9.951592445373535,2.3151132053089718e-11,58.92147612571716,9.953183166544477e-08
42,11.991754531860352,9.952380180358887,1.2877968913471705e-07,58.979248046875,1.439435436623171e-06
42,11.991958618164062,9.953171730041504,1.7999631733017774e-12,59.037834882736206,1.4394538538908819e-06
42,11.992168426513672,9.953998565673828,3.6322307384040187e-09,59.09614109992981,1.4953802747186273e-06
42,11.992380142211914,9.954829216003418,5.7768525206503e-13,59.15345501899719,1.4953953950680443e-06
42,11.992592811584473,9.95566463470459,7.1157064615579024e-12,59.21133804321289,1.495553533459315e-06
42,11.992850303649902,9.9567289352417,2.7776092537123986e-08,59.26879096031189,1.897264837680268e-06
42,11.993108749389648,9.95779800415039,1.757884419625877e-12,59.32691287994385,1.8972992847920978e-06
42,11.993369102478027,9.95887279510498,2.2369156874035845e-11,59.38533902168274,1.8975350712935324e-06
42,11.993630409240723,9.959952354431152,1.685756162482857e-13,59.446489095687866,1.897539277706528e-06
42,11.99389362335205,9.961037635803223,5.73020634848237e-13,59.505329847335815,1.8975538296217564e-06
42,11.994157791137695,9.962128639221191,1.0874297295959678e-10,59.5655620098114,1.8992905097547919e-06
42,11.994453430175781,9.963321685791016,1.3024663125804636e-08,59.62467002868652,2.067082959911204e-06
42,11.9947509765625,9.964520454406738,8.431127432491359e-14,59.684161901474,2.0670859157689847e-06
42,11.995050430297852,9.965728759765625,2.573120605475765e-10,59.74273896217346,2.0729555672005517e-06
43,11.995050430297852,9.965728759765625,2.9477763546087443e-12,59.801350116729736,6.082813419627797e-11
43,11.995050430297852,9.965728759765625,3.604567274002879e-13,59.860008001327515,7.099993509784852e-11
43,11.995050430297852,9.965729713439941,4.246449025746557e-11,59.918225049972534,8.330465206540794e-10
43,11.995050430297852,9.965730667114258,4.824903497568922e-12,59.97668409347534,9.658811528368005e-10
43,11.995152473449707,9.966045379638672,3.6148655624401727e-08,60.03498601913452,5.259614681563107e-07
43,11.995255470275879,9.966363906860352,2.9589172778621275e-10,60.09333920478821,5.305306558511802e-07
43,11.995359420776367,9.96668529510498,7.090909109885857e-11,60.15257000923157,5.322529545992438e-07
43,11.995465278625488,9.967020034790039,6.982900369045808e-10,60.21353101730347,5.52576409518224e-07
43,11.99557113647461,9.96735668182373,8.518089011921859e-12,60.273746967315674,5.528224846784724e-07
43,11.9957275390625,9.967843055725098,1.5463106350921407e-08,60.33317804336548,7.938403427942831e-07
43,11.995884895324707,9.968332290649414,7.205788916941902e-12,60.39225697517395,7.9408499686906e-07
43,11.996095657348633,9.968993186950684,1.56563579878366e-08,60.45082116127014,1.068611254595453e-06
43,11.996356010437012,9.96988582611084,1.5702436684250642e-08,60.50935196876526,1.4358854514284758e-06
43,11.996618270874023,9.970783233642578,9.73984348034973e-13,60.56801199913025,1.4359202396008186e-06
43,11.996881484985352,9.971684455871582,4.801556830087705e-13,60.62629294395447,1.4359455917656305e-06
43,11.997146606445312,9.972590446472168,4.169469023512784e-12,60.68449091911316,1.4361456806000206e-06
43,11.99741268157959,9.973502159118652,4.3933388177430643e-11,60.742164850234985,1.438336084902403e-06
43,11.997681617736816,9.974437713623047,6.364948013093397e-10,60.80087113380432,1.4681284028483788e-06
43,11.997953414916992,9.975384712219238,2.252898700927375e-10,60.85884404182434,1.4796972891417681e-06
43,11.998226165771484,9.976336479187012,5.429788495453329e-14,60.91679883003235,1.4797006997468998e-06
