0,0.0209241524540021,0,0.577335992096874
0.000263148119153364,0.0209241524540874,1.01935170981539e-12,0.577336014126322
0.000526296238306727,0.0209241524544781,4.5076128713271e-12,0.577336061623839
0.000789444357460091,0.020924152455542,1.19801556891789e-11,0.577336135125665
0.00169518377389263,0.0209241524750527,8.97141384838138e-11,0.577336570680896
0.00260092319032517,0.0209241525431409,2.8513252425064e-10,0.577337306873901
0.00350666260675771,0.0209241527098903,6.57266122117237e-10,0.577338349702632
0.00441240202319025,0.0209241530461807,1.2677317073834e-09,0.577339701268243
0.00665436936130533,0.0209241555530413,4.32606821285176e-09,0.57734437649557
0.00889633669942041,0.0209241619116132,1.01700112335589e-08,0.577350945202556
0.0111383040375355,0.0209241748328075,1.9704554181122e-08,0.577359406896434
0.0133802713756506,0.0209241978262277,3.38551904226033e-08,0.577369760964163
0.0187489787229469,0.0209243217150367,9.17892110968726e-08,0.577402242964598
0.0241176860702432,0.0209246058133558,1.93855230809531e-07,0.5774455633684
0.0294863934175396,0.0209251511349313,3.52517299012367e-07,0.577499711666304
0.0348551007648359,0.020926084651095,5.79980191947129e-07,0.577564676198003
0.0402238081121323,0.0209275580351526,8.88163472289251e-07,0.577640444173103
0.0491968475076651,0.0209317131562107,1.61514475729733e-06,0.577791158949843
0.058169886903198,0.0209388358765278,2.65252023204777e-06,0.577971941778269
0.0671429262987309,0.0209500628298864,4.05017168107864e-06,0.578182712883304
0.0761159656942637,0.0209666938483214,5.85503824730451e-06,0.578423384768579
0.0850890050897966,0.0209901812140371,8.11078760275222e-06,0.578693862679162
0.0940620444853294,0.0210221187715756,1.08575322888136e-05,0.578994045067436
0.1,0.0210487365573941,1.29630679063889e-05,0.57920897256464
0.1,0.0210487365573941,1.29630679063889e-05,0.57920897256464
0.100000838136515,0.0210487406534187,1.29633818663779e-05,0.579209003814634
0.10000167627303,0.0210487447495401,1.29636958310441e-05,0.579209035064621
0.100002514409544,0.0210487488457602,1.2964009800486e-05,0.579209066314601
0.100010895774693,0.0210487898164892,1.29671499069023e-05,0.579209378813773
0.100019277139841,0.0210488307969234,1.29702904821606e-05,0.579209691312237
0.100027658504989,0.0210488717872481,1.29734315351161e-05,0.579210003809977
0.100111472156472,0.0210492825445691,1.30048832439345e-05,0.579213128724998
0.100195285807955,0.0210496942751082,1.30363817959578e-05,0.579216253568965
0.100279099459438,0.0210501069987381,1.30679280559313e-05,0.579219378340464
0.101101307592679,0.0210542072805575,1.33798387849277e-05,0.57925002846316
0.10192351572592,0.0210584040558895,1.36962866028403e-05,0.579280671584825
0.10274572385916,0.0210626993369906,1.40172828110176e-05,0.579311307593399
0.103567931992401,0.0210670947640419,1.43428162588837e-05,0.579341936405673
0.105864238027436,0.0210799123825062,1.52758194095475e-05,0.579427439510702
0.108160544062471,0.0210935527378916,1.62435613313907e-05,0.579512884509319
0.110456850097506,0.0211080458031886,1.72455143023953e-05,0.579598269989286
0.112753156132541,0.0211234208745697,1.82811316923399e-05,0.579683594570022
0.115049462167576,0.0211397068107355,1.93498602811594e-05,0.579768856885156
0.122190033441827,0.0211964723686963,2.28784391875896e-05,0.580033575476768
0.129330604716078,0.0212631375933017,2.67038135870792e-05,0.580297639891359
0.136471175990329,0.0213404786868075,3.08070701717268e-05,0.580561012812087
0.14361174726458,0.0214292175532024,3.51681233126568e-05,0.580823659213373
0.150752318538831,0.0215300196123946,3.97658416602606e-05,0.581085546472394
0.16110999046231,0.0216989078065144,4.68104813237768e-05,0.581464013595207
0.17146766238579,0.0218960745821814,5.42364017139716e-05,0.581840738174499
0.181825334309269,0.0221228650543366,6.19704196282755e-05,0.582215650241784
0.192183006232749,0.0223803343394945,6.99371796207541e-05,0.58258869251607
0.202540678156229,0.0226692413553641,7.8059861149618e-05,0.582959820766181
0.212898350079708,0.0229900438624461,8.62608601528651e-05,0.583329004117697
0.227708305848751,0.0235043943205313,9.79692433647153e-05,0.583853472221561
0.242518261617794,0.0240835987870636,0.000109454902570954,0.584373928538452
0.257328217386836,0.0247258031959045,0.000120500182124619,0.584890426768615
0.272138173155879,0.0254279656554217,0.000130898395545037,0.585403075284684
0.286948128924922,0.0261859290342871,0.000140457539287676,0.585912034490541
0.298830344754026,0.0268309241828384,0.000147401931396807,0.586317851327198
0.310712560583131,0.0275054128888723,0.00015361359610586,0.586721555712141
0.322594776412236,0.0282059533212903,0.000159022044222843,0.587123292844411
0.334476992241341,0.028928808644952,0.000163567093293152,0.58752322277176
0.346359208070446,0.0296699961600582,0.000167199581690355,0.587921518328381
0.358241423899551,0.0304253390838741,0.000169881917705565,0.588318362924744
0.372523669154686,0.0313458735786588,0.000171813195281052,0.588793715361874
0.386805914409821,0.0322729555583641,0.000172313856773501,0.589267592714554
0.401088159664956,0.0331988837192429,0.000171387924019362,0.589740344941163
0.415370404920091,0.0341160456847916,0.000169064444761741,0.590212322096245
0.429652650175226,0.0350170495347115,0.000165396729482435,0.590683868256902
0.443934895430361,0.0358948525072139,0.000160461201647825,0.591155315491392
0.458217140685496,0.0367428825869881,0.000154355833217383,0.591626978060648
0.475197675709908,0.0377041423398958,0.000145738478344612,0.592188431086275
0.492178210734321,0.0386060802604832,0.000135863445231539,0.592751035264181
0.509158745758733,0.039441456622369,0.000124988121793557,0.593315160796607
0.526139280783146,0.040204751858509,0.000113391470214357,0.593881102952349
0.543119815807558,0.0408922814903738,0.000101366761580299,0.594449075578129
0.56010035083197,0.0415022641734075,8.92140667198943e-05,0.595019206757607
0.577080885856383,0.0420348409979306,7.72322677070634e-05,0.595591536675984
0.594061420880795,0.0424920416414864,6.57123513259475e-05,0.596166018174006
0.608085307820628,0.0428154860838368,5.67434585696646e-05,0.596642001707172
0.622109194760462,0.0430931638018673,4.84224077908254e-05,0.597119247524562
0.636133081700295,0.0433288521678023,4.0880425367497e-05,0.597597604257525
0.650156968640128,0.0435269853930319,3.42341132370577e-05,0.598076888595711
0.661535155091063,0.0436635807036633,2.9569416449578e-05,0.598466289181448
0.672913341541999,0.0437816557724508,2.56052742238558e-05,0.598856036400107
0.684291527992934,0.0438842948322128,2.23780673465322e-05,0.599245996299328
0.695669714443869,0.0439747218488896,1.99156232357978e-05,0.599636027456926
0.707047900894805,0.0440562619433777,1.82369534872658e-05,0.600025982713016
0.71842608734574,0.0441323021612975,1.73520955711808e-05,0.600415710940966
0.729804273796675,0.0442062529013231,1.72620891802986e-05,0.600805058800588
0.741826148082952,0.0442858702542393,1.80210507157058e-05,0.601215849518714
0.753848022369229,0.0443708766603561,1.96382657904483e-05,0.601625864436904
0.763190438369219,0.0444431168825045,2.14694540789415e-05,0.601943845782654
0.772532854369209,0.0445226606117745,2.37826187485989e-05,0.602261171808951
0.781875270369199,0.0446111665809771,2.65557052852034e-05,0.6025777650853
0.791217686369189,0.0447102113808127,2.97635200645974e-05,0.602893551479305
0.798789095176529,0.0447992397044564,3.26629911729076e-05,0.603148834803364
0.806360503983868,0.044896905666035,3.58130227536005e-05,0.603403506526608
0.813931912791208,0.0450038986469892,3.91959920105388e-05,0.603657533386145
0.821503321598548,0.0451208575255837,4.27932807649016e-05,0.603910884258776
0.829074730405887,0.045248366757947,4.65853297860912e-05,0.604163530342641
0.838800694432993,0.0454284847009585,5.17094236713091e-05,0.604486994251591
0.848526658460099,0.0456278529500017,5.70761660660032e-05,0.60480920220715
0.858252622487204,0.0458472740627791,6.26388595583189e-05,0.605130112045028
0.86797858651431,0.0460873774434341,6.83496133681532e-05,0.605449689204439
0.877704550541416,0.0463486167273018,7.4159746478715e-05,0.605767906896227
0.887430514568521,0.0466312667679476,8.00201593842822e-05,0.606084746286458
0.903349728507733,0.0471402760364354,8.95927517767844e-05,0.606600342084826
0.919268942446945,0.0477062140402097,9.89562079376678e-05,0.607112219083367
0.935188156386156,0.0483272056016846,0.000107904955385233,0.607620434113023
0.951107370325368,0.049000173219768,0.00011624517145848,0.608125099589105
0.964194143679023,0.0495894003277576,0.000122519488222193,0.608537428431226
0.977280917032677,0.0502080841609936,0.000128172644126062,0.608947585414166
0.990367690386332,0.050852962316437,0.000133125527436669,0.609355706907836
1.00345446373999,0.0515204073335553,0.000137310025752173,0.609761947363046
1.01654123709364,0.0522064842156875,0.000140670020835544,0.610166476907788
1.0296280104473,0.0529070124765269,0.000143162159476124,0.610569478704158
1.04351964482174,0.0536615609051671,0.000144824620940159,0.61099581051266
1.05741127919618,0.0544221169283177,0.000145456188952515,0.611420879309679
1.07130291357062,0.055183271655752,0.000145055000278645,0.611844930492865
1.08519454794507,0.0559396512703662,0.000143636379501657,0.612268210617828
1.09908618231951,0.0566860043222634,0.000141232407987953,0.612690963385548
1.11297781669395,0.0574172889408926,0.000137891249690259,0.613113425583922
1.12686945106839,0.0581287561069096,0.000133676199224623,0.61353582315279
1.14444640768695,0.0589937785419028,0.000127212232051087,0.614070514326334
1.1620233643055,0.0598122455092997,0.000119658294702614,0.614605825469997
1.17960032092405,0.0605776218895741,0.000111225548034357,0.615142087384554
1.1971772775426,0.0612848429736922,0.000102145717116912,0.615679567227057
1.21171141866117,0.0618231843606062,9.43236721820366e-05,0.616125064257384
1.22624555977974,0.0623182423261659,8.63701845672877e-05,0.61657160337582
1.2407797008983,0.0627696895176987,7.84290725700293e-05,0.617019222167324
1.25531384201687,0.0631779836893172,7.06423000487078e-05,0.617467922193276
1.26984798313543,0.0635443503178465,6.31473834913072e-05,0.617917669404445
1.284382124254,0.0638707504094221,5.60748966680268e-05,0.618368395258739
1.29891626537256,0.0641598356469711,4.95461594514805e-05,0.618819998454172
1.31345040649113,0.0644148920539468,4.36711219663501e-05,0.619272347224533
1.32798454760969,0.0646397727737671,3.85464976360152e-05,0.619725282169253
1.34251868872826,0.0648388209806099,3.42541470088986e-05,0.620178619571479
1.35705282984682,0.0650167846022165,3.08597614322013e-05,0.620632155128509
1.37158697096539,0.0651787247348152,2.84118482062977e-05,0.621085668008044
1.38612111208396,0.0653299195663538,2.69410680254444e-05,0.621538925145514
1.40065525320252,0.065475765535882,2.64598904610811e-05,0.621991685701479
1.41518939432109,0.0656216775347803,2.69626031456555e-05,0.622443705595237
1.42972353543965,0.0657729899857417,2.84256313603192e-05,0.622894742029851
1.44425767655822,0.0659348606387402,3.0808201473278e-05,0.623344557923926
1.45879181767678,0.0661121788000083,3.40532896825926e-05,0.623792926171182
1.47332595879535,0.0663094795851184,3.80888635262317e-05,0.62423963365491
1.48786009991391,0.0665308656760012,4.28293808614515e-05,0.624684484949954
1.50239424103248,0.0667799379125083,4.81775109563136e-05,0.62512730565163
1.51742741053542,0.0670699195797036,5.42343710941641e-05,0.625583034287821
1.53246058003836,0.0673954458226284,6.06991373550336e-05,0.626036292852771
1.54749374954131,0.0677584515684772,6.74380437555283e-05,0.62648697698472
1.56252691904425,0.068160101964278,7.43136378767181e-05,0.626935016390145
1.57756008854719,0.0686007791674243,8.11874804207953e-05,0.627380375800421
1.59259325805013,0.0690800843535484,8.79228408529679e-05,0.627823055255805
1.60762642755307,0.0695968548155148,9.43873170928267e-05,0.628263089716247
1.62265959705601,0.0701491957091764,0.000100455355943572,0.628700548011507
1.63769276655895,0.0707345256202444,0.000106010596169239,0.629135531158873
1.6527259360619,0.0713496348874698,0.000110948024835587,0.629568170087235
1.66775910556484,0.0719907553932106,0.000115175869996461,0.629998622815943
1.68279227506778,0.0726536403848087,0.000118617240731862,0.630427071144035
1.69522281393302,0.0732149105067275,0.000120825096908881,0.630779973217592
1.70765335279826,0.0737851174395427,0.000122427955883547,0.631131765111139
1.7200838916635,0.0743613829159598,0.00012340864702311,0.631482575140604
1.73251443052875,0.0749407677221228,0.000123758469298863,0.631832535684305
1.74494496939399,0.0755203115734493,0.000123477226828821,0.632181781395487
1.75737550825923,0.0760970730944252,0.000122573147434252,0.63253044738759
1.76980604712447,0.0766681689810891,0.000121062691671262,0.632878667435407
1.78929807864346,0.0775456506859791,0.000117534192070712,0.633424116491703
1.80879011016244,0.0783923391249529,0.000112707565627785,0.633969266798548
1.82828214168142,0.0791993015224091,0.000106754133585489,0.634514552053811
1.84777417320041,0.079958994844951,9.98795356011976e-05,0.635060348240761
1.86376400092885,0.0805426860754198,9.37150385121718e-05,0.635508678353932
1.87975382865729,0.0810881673440683,8.72252010962111e-05,0.635957690510169
1.89574365638574,0.0815939071495598,8.05537757959567e-05,0.636407477328002
1.91173348411418,0.0820592500488704,7.38467765542494e-05,0.636858091949381
1.92772331184262,0.0824844204477753,6.72491907066287e-05,0.637309547369388
1.94371313957106,0.0828705055211088,6.09017377851482e-05,0.637761816735551
1.95970296729951,0.0832194195822547,5.49377989955275e-05,0.63821483453212
1.97569279502795,0.0835338514071837,4.94805749759592e-05,0.63866849858686
1.99168262275639,0.0838171953043495,4.46405006750996e-05,0.639122672863494
2.00777603422806,0.0840750486654383,4.04887292285447e-05,0.639580136116563
2.02386944569973,0.0843101094761353,3.71386305936073e-05,0.640037751265103
2.0399628571714,0.084527436358396,3.46511276129267e-05,0.64049529989545
2.05605626864307,0.0847323970274916,3.30670705105787e-05,0.640952546834488
2.07214968011474,0.0849305443850952,3.2406595097919e-05,0.641409245701925
2.08824309158641,0.0851274901390309,3.26689559618198e-05,0.641865144626376
2.10433650305807,0.0853287787629086,3.3832820811923e-05,0.642319991996136
2.12225286049987,0.0855645033051299,3.61381148710622e-05,0.642824824650523
2.14016921794167,0.0858191706876804,3.94254206801976e-05,0.643327727732464
2.15808557538347,0.086099056763828,4.3585004107004e-05,0.643828405263804
2.17600193282527,0.0864096182053761,4.84846908911572e-05,0.644326595144977
2.19391829026707,0.0867553542099538,5.3973850690594e-05,0.644822075885161
2.21183464770887,0.0871396965770848,5.98878033718441e-05,0.64531467211401
2.22975100515067,0.0875649306213321,6.60525460405266e-05,0.645804258758082
2.24766736259247,0.0880321487156042,7.2289676983722e-05,0.646290763791197
2.26558372003427,0.0885412373744241,7.84213710212818e-05,0.646774169503062
2.28483940287587,0.089133560461075,8.4697562272203e-05,0.647290298964387
2.30409508571747,0.0897696727318913,9.04525607312721e-05,0.647803003368428
2.31871611818462,0.0902792284964124,9.4361495504867e-05,0.64819012455179
2.33333715065178,0.0908090489013105,9.77948648365893e-05,0.648575473505078
2.34795818311893,0.0913563443768732,0.000100692576599521,0.648959168699948
2.36257921558608,0.0919180202869954,0.000103004899951567,0.64934134390504
2.37720024805323,0.0924907379292705,0.000104693383453958,0.649722145591294
2.39182128052039,0.0930709797119108,0.000105731549395723,0.650101730112879
2.4075075869455,0.0936977253801006,0.000106106359366589,0.650507803580412
2.42319389337061,0.0943244144394068,0.000105714956509023,0.650912870687019
2.43888019979573,0.0949465539300923,0.000104572066698947,0.651317138491305
2.45456650622084,0.0955597845332364,0.000102708144711336,0.651720810422759
2.47025281264596,0.096159969461698,0.000100168552690146,0.65212408212884
2.48593911907107,0.0967432806308801,9.70124535713164e-05,0.652527137395383
2.50162542549619,0.0973062777656164,9.33114009260907e-05,0.652930144334989
2.51956912739741,0.0979215734202731,8.85156136425078e-05,0.653391278807678
2.53751282929863,0.0985027622736299,8.32517219928979e-05,0.653852732016168
2.55545653119985,0.0990471745086018,7.76678781666037e-05,0.654314649368279
2.57340023310107,0.0995531674998115,7.19190272304467e-05,0.654777130667889
2.59134393500228,0.100020157036799,6.61624998350044e-05,0.655240228024202
2.6092876369035,0.100448618903358,6.05536109254833e-05,0.655703945124037
2.62723133880472,0.100840060727659,5.52413711711009e-05,0.656168237887254
2.64517504070594,0.101196965311293,5.03644272603194e-05,0.65663301646663
2.66311874260716,0.101522707642929,4.60473499041261e-05,0.657098148506676
2.68106244450838,0.101821448390652,4.2397373762302e-05,0.657563463544805
2.6990061464096,0.102098007138771,3.9501672086546e-05,0.658028758412155
2.71694984831082,0.102357719145174,3.74252308485513e-05,0.658493803465285
2.73489355021204,0.102606279860539,3.62093718919515e-05,0.658958349457187
2.75370558675711,0.102861325013571,3.58768250458108e-05,0.659444554523096
2.77251762330219,0.103117412130934,3.64989475871184e-05,0.659929616729076
2.79132965984727,0.103381192264607,3.80372762967803e-05,0.660413233005534
2.81014169639235,0.103658945555725,4.04260711779595e-05,0.660895113291906
2.82895373293742,0.103956395949152,4.35747457583011e-05,0.661374989219098
2.8477657694825,0.10427854588745,4.73710015385165e-05,0.661852621973725
2.86657780602758,0.104629535372742,5.16845708221689e-05,0.662327809139967
2.88538984257266,0.105012529242683,5.63714500950172e-05,0.662800390336655
2.90420187911773,0.105429635779493,6.1278484147001e-05,0.663270251496843
2.92301391566281,0.105881858708448,6.62481531084862e-05,0.663737327682922
2.94182595220789,0.106369083471445,7.11234153942518e-05,0.664201604381334
2.96181102673521,0.106923662507218,7.6030053720002e-05,0.664691805251851
2.98179610126254,0.107513629868428,8.0489412059826e-05,0.665178989696425
2.99708277949902,0.107986357036713,8.35027058185496e-05,0.665549701113056
3.0123694577355,0.108475293023804,8.61057074237612e-05,0.665918832483749
3.02765613597199,0.108977926848327,8.82485003005436e-05,0.666286491384129
3.04294281420847,0.109491485527132,8.98908622702616e-05,0.666652798647452
3.05822949244495,0.110012993557743,9.10030661527216e-05,0.667017885812564
3.07351617068143,0.110539336110425,9.15664560965452e-05,0.667381892368753
3.09024156754719,0.111116981669726,9.15457713889453e-05,0.667779090799701
3.10696696441295,0.111692405560571,9.0865435351609e-05,0.668175361031394
3.12369236127871,0.112261511298372,8.95471869245402e-05,0.668570893489024
3.14041775814447,0.112820387156906,8.7627823896786e-05,0.668965872519923
3.15714315501023,0.113365396106185,8.51581356678964e-05,0.669360472155624
3.17386855187599,0.113893260989638,8.22015329587514e-05,0.669754852039084
3.19059394874175,0.114401140450424,7.88323649134628e-05,0.670149153720406
3.20873854052442,0.114926802414432,7.48078304252163e-05,0.670576963858689
3.2268831323071,0.115423936475779,7.05113332133024e-05,0.67100494490099
3.24502772408977,0.11589109581266,6.60643490768455e-05,0.671433182677919
3.26317231587245,0.116327674869965,6.15908855873237e-05,0.671861725238209
3.28131690765512,0.116733914685923,5.72139229578447e-05,0.672290582078341
3.2994614994378,0.117110884158765,5.30519376496298e-05,0.672719724486385
3.31760609122047,0.117460437836592,4.92156009474677e-05,0.673149086986278
3.33575068300315,0.11778515185582,4.58047452454364e-05,0.673578569820643
3.35389527478582,0.118088240353402,4.29056847220007e-05,0.674008042376584
3.3720398665685,0.118373455062688,4.05889630256576e-05,0.674437347438323
3.39018445835117,0.118644971136324,3.89075843672094e-05,0.674866306132532
3.40880988191377,0.118914130201872,3.78782508600993e-05,0.675306067244591
3.42743530547637,0.119178591156277,3.75700207469357e-05,0.675745035636793
3.44606072903897,0.119443408743266,3.79768020385745e-05,0.67618298456643
3.46468615260156,0.119713519766457,3.90712666830307e-05,0.676619689664512
3.48331157616416,0.119993597630624,4.08059927739297e-05,0.677054935665775
3.50193699972676,0.120287917068068,4.31151848014311e-05,0.677488522748826
3.52056242328935,0.120600232760632,4.59169146865056e-05,0.67792027231383
3.53918784685195,0.120933675232931,4.91158088944434e-05,0.678350032038823
3.55811488678078,0.121296652149078,5.26643982544299e-05,0.678784587403082
3.57704192670961,0.121685672688005,5.6395404556003e-05,0.679216870023539
3.59596896663844,0.122101603092726,6.01865501194945e-05,0.679646825986991
3.61489600656727,0.122544434940113,6.39155687622826e-05,0.68007444080392
3.6338230464961,0.123013298723545,6.7463962382387e-05,0.680499739335085
3.65275008642493,0.123506503595945,7.07205834922718e-05,0.680922784524398
3.67167712635376,0.12402160176623,7.35849400199521e-05,0.681343674989412
3.69060416628259,0.124555475249397,7.59701261735611e-05,0.681762541556312
3.70953120621141,0.125104441949991,7.78052939724018e-05,0.682179542859467
3.72845824614024,0.125664377509629,7.90375955703274e-05,0.682594860152112
3.74744152881719,0.126232537449475,7.96343479225416e-05,0.683009919208926
3.76642481149413,0.126802630505671,7.95775025995546e-05,0.683423693968982
3.78540809417107,0.127369992076121,7.88740605121494e-05,0.683836399021926
3.80439137684802,0.127930079577656,7.75509726699105e-05,0.6842482464256
3.82337465952496,0.128478611542899,7.56540135665649e-05,0.684659439244079
3.84235794220191,0.129011696568457,7.3246084692808e-05,0.685070165451476
3.86134122487885,0.129525948271799,7.04050101538529e-05,0.685480592386658
3.88032450755579,0.130018582889488,6.72209014024345e-05,0.685890861925859
3.89967266613273,0.130496266851734,6.37255931957201e-05,0.686308971556705
3.91902082470966,0.130947870631758,6.00889633390979e-05,0.686727118774708
3.9383689832866,0.131372780994645,5.64256000952778e-05,0.687145350861276
3.95771714186353,0.131771219498867,5.28492032962401e-05,0.687563677127825
3.97706530044047,0.132144222550984,4.94689286239381e-05,0.687982069288039
3.9964134590174,0.132493595581927,4.63859375254376e-05,0.688400463041919
4.01576161759434,0.1328218431139,4.36902580201122e-05,0.688818760804951
4.03510977617127,0.133132077302162,4.14580529279305e-05,0.689236835476379
4.0544579347482,0.13342790827824,3.9749379387731e-05,0.689654535104398
4.07380609332514,0.133713320167972,3.8606505346925e-05,0.690071688278508
4.09351836048596,0.133997759949786,3.80481198507598e-05,0.690495938364842
4.11323062764679,0.134280342325356,3.81053698032841e-05,0.690919225982734
4.13294289480761,0.134565593636524,3.87617420288198e-05,0.691341347056269
4.15265516196843,0.134857843324442,3.99809872231276e-05,0.691762103632064
4.17236742912926,0.135161082557158,4.17086487061322e-05,0.6921813104769
4.19207969629008,0.135478836499989,4.38741711824819e-05,0.692598801133538
4.2117919634509,0.135814054143011,4.6393512352676e-05,0.69301443325008
4.23150423061173,0.136169019052568,4.91721616522864e-05,0.69342809302114
4.25121649777255,0.136545283736786,5.21084596156429e-05,0.693839698607592
4.27092876493337,0.136943629462675,5.50971010425441e-05,0.694249202438593
4.2906410320942,0.137364052437316,5.80327028922785e-05,0.694656592340089
4.31150132495093,0.137832132358078,6.09687145865961e-05,0.695085432302443
4.33236161780767,0.138322250907436,6.36189942794978e-05,0.695511999976796
4.34936142818514,0.138736144893087,6.54972916582495e-05,0.695858019353244
4.36636123856261,0.139161128250329,6.70726377752127e-05,0.696202677431394
4.38336104894008,0.13959513402646,6.83070007162805e-05,0.696546063842337
4.40036085931755,0.140035878513962,6.91712399154157e-05,0.696888279310586
4.41736066969502,0.140480921193552,6.96457704985566e-05,0.697229433051648
4.43436048007249,0.140927728033275,6.9720993610782e-05,0.697569639981691
4.45329368492494,0.141424292978903,6.93357031576891e-05,0.697947568301203
4.47222688977739,0.141916379510125,6.84711669146274e-05,0.698324630632151
4.49116009462984,0.142400667298948,6.71571571892181e-05,0.698700983952592
4.51009329948228,0.142874096922235,6.54368362128584e-05,0.699076775423137
4.52902650433473,0.143333958286139,6.33652367641353e-05,0.699452138153525
4.54795970918718,0.143777970071975,6.10074234189409e-05,0.69982718732658
4.56689291403963,0.144204345395001,5.84363480080724e-05,0.700202016900343
4.58638512319641,0.144623575583947,5.56493576778444e-05,0.700587757798612
4.6058773323532,0.145022072392984,5.28083788432641e-05,0.70097338857998
4.62536954150998,0.145399768081534,5.0002689865546e-05,0.701358927934796
4.64486175066676,0.145757243161899,4.73190408338114e-05,0.701744364814973
4.66435395982355,0.146095697681137,4.48388567425146e-05,0.702129659332188
4.68384616898033,0.146416902585724,4.26356551598812e-05,0.702514744594187
4.70333837813712,0.146723132956563,4.07727619053789e-05,0.7028995294088
4.7228305872939,0.147017085742464,3.93013980779802e-05,0.703283901745278
4.74241522531665,0.147303118097751,3.82553197717273e-05,0.703669551375341
4.76199986333941,0.147583103331349,3.76657915816403e-05,0.704054511584606
4.78158450136216,0.147860451044338,3.7540716111067e-05,0.704438631952789
4.80116913938491,0.148138572039059,3.78725634858107e-05,0.704821759814152
4.82075377740767,0.148420765875063,3.86388657649964e-05,0.70520374541271
4.84033841543042,0.148710113913011,3.98031939154151e-05,0.705584446872877
4.85992305345317,0.149009381250316,4.13165806428027e-05,0.705963734826946
4.88235817229334,0.149367420058518,4.34018963106906e-05,0.706396345461747
4.9047932911335,0.149744342846285,4.57633542223907e-05,0.706826817296432
4.92722840997367,0.150142010170662,4.82875560959454e-05,0.707255053857613
4.94966352881383,0.150561298882215,5.08561483671092e-05,0.707681002356464
4.972098647654,0.151002082630386,5.33510235957241e-05,0.708104655309177
4.99453376649416,0.151463255321607,5.56593870893662e-05,0.708526050209518
5.01696888533433,0.151942796160214,5.76785107127575e-05,0.708945267288763
5.03940400417449,0.152437873166383,5.93199885512793e-05,0.709362425473994
5.06183912301466,0.152944980067993,6.05133065131366e-05,0.709777676744438
5.08427424185482,0.153460099890962,6.12085711699084e-05,0.710191199160408
5.10670936069499,0.153978887609833,6.13782962207323e-05,0.710603188890272
5.12914447953515,0.154496863682128,6.10181928981117e-05,0.711013851592929
5.15298870407202,0.15504154235555,6.00759485316631e-05,0.711449083267827
5.17683292860888,0.155575330303966,5.86058917920295e-05,0.711883286094067
5.20067715314575,0.15609379890223,5.66821972535563e-05,0.712316675720876
5.22452137768262,0.156593283331678,5.43997766128836e-05,0.712749436281705
5.24836560221948,0.157071046919952,5.18692502507419e-05,0.713181712200291
5.26816412639114,0.157449998129275,4.966591360058e-05,0.713540346727404
5.2879626505628,0.157812399189859,4.74460429252095e-05,0.713898746489479
5.30776117473445,0.158158390544492,4.52804649821288e-05,0.714256917955813
5.32755969890611,0.158488632920273,4.32371022072127e-05,0.714614843610452
5.34735822307777,0.158804277147178,4.13787142777943e-05,0.714972482994315
5.36715674724942,0.159106916734044,3.97608358675881e-05,0.715329774559011
5.38695527142108,0.15939852664983,3.84300115335748e-05,0.715686638190111
5.40722059351799,0.159687974622009,3.74027514722853e-05,0.716051372694929
5.42748591561489,0.159970956027481,3.67403802616092e-05,0.716415443202436
5.4477512377118,0.16025031715845,3.64559208856578e-05,0.716778725545782
5.46801655980871,0.160528951992723,3.65488543668353e-05,0.717141091465966
5.48828188190561,0.16080969923768,3.70053612205024e-05,0.717502413303634
5.50854720400252,0.161095243239166,3.77990258392039e-05,0.717862568578894
5.52881252609943,0.161388021955758,3.88919760714566e-05,0.718221444309924
5.55139201817066,0.161725321966129,4.04035194880194e-05,0.718619673084054
5.57397151024189,0.162076545793903,4.21492969866109e-05,0.719016077225384
5.59655100231311,0.162443323009597,4.40426851448285e-05,0.71941057426272
5.61913049438434,0.162826522221911,4.59921983618217e-05,0.719803115382236
5.64170998645557,0.163226227346954,4.79055799933186e-05,0.720193687082548
5.6642894785268,0.163641748183641,4.9693831629518e-05,0.720582311277815
5.68686897059803,0.164071664438295,5.12750321941595e-05,0.720969043865994
5.70944846266926,0.164513900958669,5.25777935543821e-05,0.721353971839909
5.73202795474049,0.164965830384225,5.35441989036958e-05,0.7217372090882
5.75460744681172,0.16542439813124,5.41320957054012e-05,0.722118891094447
5.77718693888295,0.165886263771961,5.43166554594706e-05,0.722499168787251
5.79976643095418,0.166347952352152,5.40911500181716e-05,0.722878201823014
5.82413030410265,0.166841953854577,5.34012904494019e-05,0.723285978187308
5.84849417725111,0.167327618732172,5.22841689257832e-05,0.723692688892002
5.87285805039958,0.167801272771945,5.07975944747528e-05,0.724098512949802
5.89722192354805,0.168259857356589,4.90170764133431e-05,0.724503604110061
5.92158579669652,0.168701073278936,4.70316284554584e-05,0.724908083725987
5.94594966984498,0.169123482872793,4.4938992521846e-05,0.725312035423336
5.97031354299345,0.169526566614993,4.28405062063572e-05,0.725715501781866
5.99467741614192,0.169910731513389,4.08355996193496e-05,0.726118483151679
6.01904128929039,0.17027726938862,3.90173086280985e-05,0.726520938892425
6.03901116738557,0.170566011004714,3.77242729154458e-05,0.726850365923161
6.05898104548074,0.170845818484234,3.66496030818471e-05,0.727179326973834
6.07895092357592,0.171118450830237,3.58226409100603e-05,0.727507749078484
6.0989208016711,0.171385856148052,3.52638794373566e-05,0.72783554944017
6.11551871479562,0.171605618303742,3.50117983416403e-05,0.728107462388816
6.13211662792013,0.171824412359288,3.49539582232628e-05,0.728378830587218
6.14871454104465,0.172043443791326,3.50868994798027e-05,0.728649600375728
6.16531245416916,0.172263883987567,3.54027085789831e-05,0.72891971899667
6.18191036729368,0.172486842000181,3.58892501666964e-05,0.729189135904471
6.19850828041819,0.172713338227877,3.65304967841663e-05,0.729457804001757
6.21862935615395,0.172993952999907,3.74870791900304e-05,0.729782436174971
6.23875043188971,0.173282453242092,3.86017660277824e-05,0.730105840865182
6.25887150762547,0.173579867566773,3.98293136390392e-05,0.730427967423853
6.27899258336122,0.173886868779013,4.11213065574011e-05,0.730748780815032
6.29911365909698,0.174203757010074,4.24278754384535e-05,0.731068262622221
6.31923473483274,0.174530454499447,4.36994437611437e-05,0.731386411534994
6.3393558105685,0.174866513618578,4.48884517135332e-05,0.731703243235627
6.36374803534494,0.175285301322381,4.61567624587932e-05,0.732085610031267
6.38368812562891,0.175635593435288,4.70078264501305e-05,0.732396842680433
6.40362821591288,0.175991548678111,4.76590047218554e-05,0.73270693136524
6.42356830619684,0.176351574770143,4.80875205991158e-05,0.733015946997932
6.44350839648081,0.176713936954837,4.82785460838972e-05,0.733323968085528
6.46344848676477,0.177076819759048,4.82255807166444e-05,0.733631077996183
6.48338857704874,0.177438390726683,4.79305758485272e-05,0.733937362097889
6.50775579484513,0.177875856153871,4.7256974164107e-05,0.73431064976891
6.53212301264153,0.178305665192493,4.62719529766792e-05,0.73468297652718
6.55649023043793,0.178725176680036,4.50250608014488e-05,0.735054473077724
6.58085744823433,0.179132263708924,4.35781890965971e-05,0.735425248654343
6.60522466603072,0.179525409592813,4.20021837979141e-05,0.735795386176162
6.62959188382712,0.179903774279139,4.03731155604906e-05,0.73616493869357
6.65395910162352,0.180267225946658,3.87683305219709e-05,0.736533927380597
6.67832631941992,0.180616334651207,3.72624719785819e-05,0.736902341243912
6.7021167956761,0.180944513214124,3.59528522970187e-05,0.737261440909574
6.72590727193228,0.181261864749782,3.48568552153173e-05,0.737619888668715
6.74477519091706,0.18150725023445,3.41687230206814e-05,0.737903648899862
6.76364310990183,0.181748365340689,3.36580694160143e-05,0.738186894578381
6.78251102888661,0.181986509501491,3.33347857784579e-05,0.738469570184005
6.80137894787139,0.182223033612603,3.32029460674196e-05,0.738751617029447
6.82024686685616,0.182459297150806,3.32607322536264e-05,0.73903297519023
6.83911478584094,0.182696625620835,3.35005384160011e-05,0.739313585444134
6.86786826048314,0.18306314689938,3.4185104641877e-05,0.739739651789627
6.89662173512533,0.183438920531355,3.51930434783773e-05,0.740163670950189
6.9197108744755,0.183749448928266,3.61766411160181e-05,0.740502579311015
6.94280001382566,0.184069004687063,3.72583239148988e-05,0.740840020653729
6.96588915317583,0.184398198222953,3.8381560009696e-05,0.741175962478334
6.98897829252599,0.184737141806836,3.94889070069755e-05,0.741510394652329
7.01206743187616,0.185085452213687,4.05246442514492e-05,0.741843329670422
7.03515657122632,0.185442277708996,4.14373625511395e-05,0.742174801810708
7.05824571057649,0.185806346594233,4.21822732260966e-05,0.742504865278691
7.08133484992665,0.186176033549374,4.2723112440323e-05,0.742833591489966
7.10442398927682,0.186549440308589,4.30336134082403e-05,0.743161065642504
7.12785029597608,0.186929965490794,4.30976146520367e-05,0.743492139810585
7.15127660267535,0.187309920401895,4.29050185679157e-05,0.743822127767745
7.17470290937461,0.187687066857661,4.24641922085688e-05,0.744151135246222
7.19812921607387,0.188059292371858,4.17950485764019e-05,0.744479263971638
7.22155552277314,0.188424707377353,4.09278919803347e-05,0.744806607095856
7.2449818294724,0.188781730043191,3.99017986634525e-05,0.745133245122035
7.26840813617167,0.189129155102261,3.87626151588522e-05,0.745459242496585
7.29183444287093,0.189466203771871,3.75606778768196e-05,0.745784645015039
7.31549965434437,0.189795825688412,3.63361220582978e-05,0.746112787953659
7.33916486581781,0.190114674815863,3.51544617374876e-05,0.746440354316949
7.36283007729125,0.190423362310569,3.40661380505359e-05,0.746767327097247
7.38649528876469,0.190722926785581,3.31161743483312e-05,0.747093669152463
7.41016050023813,0.191014776498222,3.23421160481796e-05,0.747419325526504
7.43382571171157,0.191300614938821,3.17723692577105e-05,0.747744226579048
7.45749092318501,0.191582353631134,3.14250091054609e-05,0.748068291761622
7.48189940204622,0.191870788841796,3.1307114231333e-05,0.748401567034386
7.50630788090744,0.192159249793904,3.14286155872195e-05,0.748733762206927
7.53071635976866,0.192449871349752,3.17727482637651e-05,0.749064781907341
7.55512483862987,0.192744582190246,3.23117291721786e-05,0.749394538490539
7.57953331749109,0.193045010577614,3.30083930684498e-05,0.749722956531576
7.6039417963523,0.19335240740242,3.38182701776057e-05,0.75004997660032
7.62835027521352,0.193667589908365,3.46919947191723e-05,0.750375558149426
7.65275875407473,0.193990908539105,3.55779192844403e-05,0.750699681387777
7.67716723293595,0.194322238245073,3.64247958262609e-05,0.751022348059593
7.70572065034057,0.194719197077344,3.73019215797812e-05,0.751397991667888
7.72904742480184,0.195049891517795,3.78823935158655e-05,0.751703467190744
7.75237419926311,0.195385029935045,3.83080606250209e-05,0.752007734935498
7.77570097372438,0.195723148935521,3.85569893461301e-05,0.752310860899815
7.79495038642415,0.196003261712781,3.86195630942979e-05,0.752560195357944
7.81419979912391,0.196283347742173,3.85497645647785e-05,0.752808847274144
7.83344921182367,0.196562450687123,3.83490672190176e-05,0.753056861789788
7.85269862452344,0.196839638452754,3.80230786865946e-05,0.753304283548645
7.8719480372232,0.197114033433887,3.75813204025557e-05,0.75355115529656
7.89119744992297,0.197384840604585,3.70368752140242e-05,0.753797516559528
7.91391764090035,0.197698926392157,3.62843704017034e-05,0.754087689004948
7.93663783187774,0.19800615786404,3.54424915926826e-05,0.754377247078232
7.95935802285513,0.198305916701097,3.45456481121492e-05,0.754666226465687
7.98207821383252,0.198597887728043,3.36300588202745e-05,0.754954649394043
8.0047984048099,0.198882066726868,3.27321339179687e-05,0.75524252404129
8.02751859578729,0.199158755994097,3.18868669561579e-05,0.755529844504753
8.05023878676468,0.199428546383595,3.11263040518924e-05,0.755816591392655
8.0737518224862,0.199701392435215,3.04578763615695e-05,0.756112706847541
8.09726485820772,0.199968940459324,2.99343690341435e-05,0.75640812712058
8.12077789392923,0.200232557342601,2.95730026266599e-05,0.756702795840467
8.14429092965075,0.200493727334964,2.93830037992827e-05,0.756996650166186
8.16780396537227,0.200753979759961,2.93653190201551e-05,0.757289624016481
8.19131700109379,0.201014815925168,2.95127234239934e-05,0.757581651391441
8.2148300368153,0.201277638595961,2.98103160221328e-05,0.757872669632687
8.24796991898776,0.201653794505569,3.04418245951781e-05,0.758281017814764
8.27549581808441,0.201973045325628,3.11034533127946e-05,0.75861849143784
8.30302171718106,0.202299562815058,3.18330324836474e-05,0.758954370937074
8.33054761627771,0.202633761003688,3.25742458965807e-05,0.759288634067591
8.35807351537435,0.202975469019446,3.32712987254722e-05,0.75962128508127
8.385599414471,0.203323954885249,3.38724700344227e-05,0.75995235416553
8.41312531356765,0.203677985295615,3.4333384890642e-05,0.76028189521711
8.4406512126643,0.204035916786869,3.46197581533063e-05,0.76060998212178
8.46817711176095,0.204395811590239,3.4709401030449e-05,0.760936703811953
8.4957030108576,0.204755569951769,3.45933811521567e-05,0.761262158456057
8.52322890995424,0.205113069919881,3.42763028235317e-05,0.761586447180493
8.55419168629927,0.205510019152667,3.37015905301651e-05,0.761949954524023
8.58515446264429,0.205899101139556,3.29371850684861e-05,0.762312234608383
8.61611723898932,0.206278421021095,3.20399001647808e-05,0.762673387715269
8.64137532343019,0.206579788766772,3.12555051079266e-05,0.762967214868248
8.66663340787107,0.206873628647639,3.04648497339247e-05,0.763260358253269
8.69189149231194,0.20716006014777,2.9705577369412e-05,0.763552821322913
8.71714957675282,0.207439552039552,2.90129412714515e-05,0.763844591371409
8.74240766119369,0.20771289076735,2.84179058875514e-05,0.764135640691409
8.76766574563457,0.207981130680415,2.79454866813631e-05,0.764425928586242
8.79292383007544,0.20824553046793,2.76134877259016e-05,0.764715404063673
8.81868690554437,0.208512702411449,2.74296213123408e-05,0.765009769869749
8.8444499810133,0.208778857351526,2.74034125436357e-05,0.765303164457421
8.87021305648223,0.209045497067818,2.75273090777988e-05,0.765595522352068
8.89597613195115,0.209314008696458,2.77854041037281e-05,0.765886782046638
8.92173920742008,0.209585588314687,2.81545068187595e-05,0.766176889610678
8.94750228288901,0.209861177103215,2.86056134912932e-05,0.766465801787345
8.97326535835794,0.210141413381641,2.9105680841405e-05,0.766753488416168
8.99902843382687,0.21042660279498,2.96195823207247e-05,0.767039934063244
9.02523184043421,0.210721707492195,3.01201786894169e-05,0.767330002652121
9.05143524704155,0.211021503265906,3.05637831621368e-05,0.767618803920662
9.07763865364889,0.211325270402547,3.0919569519966e-05,0.767906369554765
9.10384206025623,0.21163201223152,3.11625360576059e-05,0.768192744593406
9.13004546686357,0.211940519709632,3.12748521397195e-05,0.768477984705865
9.15624887347091,0.212249447020992,3.12467543630469e-05,0.76876215290532
9.18245228007825,0.212557393640264,3.10769521678609e-05,0.769045315898179
9.2125295641806,0.212907888128963,3.0716859164599e-05,0.769369188230234
9.24260684828294,0.213253397754376,3.0202866852663e-05,0.769691917950463
9.27268413238528,0.213592363897946,2.9569621527415e-05,0.770013585902345
9.30276141648763,0.213923672197511,2.88601722614968e-05,0.770334254035983
9.33283870058997,0.214246728064032,2.81224257056691e-05,0.770653961475569
9.36291598469231,0.214561489815316,2.74053482575742e-05,0.770972722468043
9.39299326879466,0.214868458789249,2.67551795751546e-05,0.771290526280962
9.42047194422856,0.215142929293819,2.62537394827464e-05,0.77158000747222
9.44795061966246,0.215412772164902,2.58654100945205e-05,0.771868621472271
9.47068900301326,0.215633465427347,2.56414509285686e-05,0.772106755395878
9.49342738636406,0.215852637847074,2.55108667412041e-05,0.772344228235011
9.51616576971486,0.216071093505805,2.54740640821323e-05,0.772581005911603
9.53890415306566,0.216289623429053,2.55273131931507e-05,0.77281705433422
9.56164253641646,0.216508970121509,2.56629790224338e-05,0.773052341035577
9.58438091976726,0.216729794955379,2.58699134853934e-05,0.773286836703545
9.60983578879578,0.2169794331525,2.61686023630233e-05,0.77354837792484
9.63529065782431,0.217232192328357,2.65157149739216e-05,0.773808870374362
9.66074552685283,0.217488415180102,2.68859552852061e-05,0.7740682979607
9.68620039588136,0.217748197391587,2.72532945494707e-05,0.774326655644662
9.71165526490988,0.218011388438231,2.75924069160596e-05,0.774583949610493
9.73711013393841,0.218277604193576,2.78800492155246e-05,0.774840196895487
9.76256500296693,0.218546252161756,2.80963149090612e-05,0.775095424430914
9.78943075327704,0.218831583271453,2.82300673146103e-05,0.775363731384785
9.81629650358714,0.219117725137269,2.82550624592024e-05,0.775630990912472
9.84316225389724,0.219403544462172,2.81662936189659e-05,0.775897257055575
9.87002800420735,0.219687893831037,2.79659033056397e-05,0.776162585520442
9.89689375451745,0.219969682881772,2.76628955615575e-05,0.776427030417939
9.92375950482755,0.220247944380355,2.72724365710182e-05,0.776690641173297
9.95062525513765,0.220521891491748,2.68147897994584e-05,0.776953459780743
9.98104352019728,0.220826157077356,2.62458554121333e-05,0.777250115587651
10.0114617852569,0.221123760620548,2.56596545609976e-05,0.77754582647914
10.0418800503165,0.221414727079005,2.50947290813961e-05,0.777840601892087
10.0722983153762,0.221699511319141,2.45870223818652e-05,0.778134431421243
10.1027165804358,0.22197895157393,2.41671019849433e-05,0.778427286522467
10.1331348454954,0.222254194417931,2.38578958086878e-05,0.77871912357972
10.1635531105551,0.222526597489123,2.36730791445749e-05,0.779009888073241
10.1939713756147,0.222797617736173,2.36162154750251e-05,0.779299519510974
10.224829457966,0.223072620897055,2.36824734917507e-05,0.779592118183086
10.2556875403173,0.223349046093316,2.38568623510494e-05,0.779883428786223
10.2865456226686,0.223628012336904,2.41142974502196e-05,0.780173402123877
10.31740370502,0.22391030879333,2.44236067419299e-05,0.780462003013765
10.3482617873713,0.224196339307927,2.47502119175995e-05,0.780749213183088
10.3791198697226,0.224486099578408,2.50590152431282e-05,0.781035032717933
10.4099779520739,0.224779187932662,2.53172589476326e-05,0.781319479990027
10.4442952648022,0.22510811626752,2.55116811947639e-05,0.781634245494167
10.4703910643465,0.225359486622406,2.55770020196849e-05,0.78187253625294
10.4964868638908,0.22561111137269,2.55627536205412e-05,0.782109945851161
10.5225826634351,0.225862193805098,2.54666123550888e-05,0.78234651293029
10.5486784629795,0.226111936240358,2.52910351475981e-05,0.782582276859562
10.5747742625238,0.226359587345004,2.50430535024307e-05,0.782817275565812
10.6008700620681,0.226604485977197,2.47338083936719e-05,0.783051543483025
10.6289299111678,0.226864135974644,2.43496351145664e-05,0.783302661068224
10.6569897602676,0.227119525451195,2.39326765587684e-05,0.783552994965281
10.6850496093673,0.227370430139739,2.35058266853041e-05,0.783802562227488
10.713109458467,0.227616869622411,2.30921266810524e-05,0.784051368885286
10.7411693075668,0.227859099551412,2.27132446275582e-05,0.784299410077986
10.7692291566665,0.228097590557538,2.23880620600854e-05,0.784546670804242
10.7972890057662,0.228332993282996,2.21314547475507e-05,0.784793127328436
10.8267154218505,0.228577398784223,2.19468095050833e-05,0.785050689546669
10.8561418379347,0.228820261549192,2.18534522543685e-05,0.78530729371267
10.8855682540189,0.229062590547078,2.18495119731761e-05,0.78556289795973
10.9149946701031,0.229305336825451,2.19265814924033e-05,0.78581746207965
10.9444210861873,0.229549325122578,2.20704934713666e-05,0.786070950727906
10.9738475022716,0.229795196396526,2.22624988718759e-05,0.786323336192722
11.0032739183558,0.230043365027684,2.24807579748107e-05,0.786574600545338
11.03270033444,0.230293993654232,2.27020259628723e-05,0.786824737021555
11.0621267505242,0.230546987280663,2.29034057324547e-05,0.787073750541721
11.0985776977101,0.230863132599754,2.30946849151347e-05,0.787380675307761
11.1281612113003,0.231121256729733,2.31817021492577e-05,0.787628561956126
11.1577447248904,0.231379948108864,2.31948162785571e-05,0.787875401086288
11.1873282384806,0.231638345463395,2.31283619049798e-05,0.78812123476392
11.2169117520708,0.231895557323391,2.29827477110904e-05,0.788366107286287
11.246495265661,0.232150729925762,2.27642799838032e-05,0.7886100620861
11.2760787792511,0.232403110505322,2.24845890307719e-05,0.788853138786009
11.3071202596895,0.232664274091079,2.21428512438877e-05,0.789107287304435
11.3381617401279,0.232921248879482,2.17734422232514e-05,0.789360533951222
11.3692032205662,0.23317385249776,2.14001233711914e-05,0.78961289486554
11.4002447010046,0.233422180475629,2.10463786503819e-05,0.789864373556222
11.431286181443,0.233666589903529,2.07335319151312e-05,0.790114961368667
11.4623276618813,0.233907665418995,2.04790719777181e-05,0.790364638782445
11.4933691423197,0.234146167717394,2.02953013163716e-05,0.790613377546272
11.5249439710568,0.234387026191329,2.01872820376337e-05,0.79086539190369
11.5565187997938,0.234627075447837,2.01585071098819e-05,0.79111636122006
11.5880936285309,0.23486722357588,2.02019669487149e-05,0.791366247957364
11.6196684572679,0.235108258554824,2.03047288334205e-05,0.79161501913304
11.6512432860049,0.235350785099175,2.04491857636959e-05,0.791862649356926
11.682818114742,0.235595178432889,2.06146619313197e-05,0.792109123154381
11.714392943479,0.235841558432058,2.07792444840461e-05,0.792354436400166
11.7459677722161,0.236089786089068,2.09216773626233e-05,0.792598596752257
11.7841047490086,0.236391516841889,2.10379485539408e-05,0.792891990731128
11.8144208238511,0.23663220590492,2.10706808850617e-05,0.793124070993985
11.8447368986936,0.236872922682476,2.10419062898083e-05,0.79335517115696
11.8750529735361,0.237112945152951,2.09490589530538e-05,0.793585327372047
11.9053690483786,0.237351550063734,2.07946459570001e-05,0.793814576567512
11.9356851232211,0.237588070261424,2.05859377739232e-05,0.794042953810079
11.9660011980636,0.237821946241886,2.03343211955054e-05,0.794270489879683
11.9964874644243,0.238054052691465,2.00527574432202e-05,0.794498479843111
12.026973730785,0.238282834497636,1.97592924766917e-05,0.794725660868409
12.0574599971457,0.238508256597952,1.94711700758236e-05,0.794952040886989
12.0879462635063,0.238730478042171,1.9204790502309e-05,0.795177618910779
12.118432529867,0.238949833644822,1.89744695333828e-05,0.795402385682931
12.1489187962277,0.239166804761724,1.87913639588353e-05,0.795626324845548
12.1794050625884,0.239381979265057,1.86626480537628e-05,0.795849414632109
12.213214237807,0.239619288434871,1.85866590707364e-05,0.796095796865746
12.2470234130255,0.239856065282109,1.85779309334232e-05,0.796341068421256
12.2808325882441,0.24009311476468,1.86271427198107e-05,0.796585196639293
12.3146417634627,0.240331086808456,1.87196347320608e-05,0.796828155075579
12.3484509386812,0.240570418172966,1.88369870406475e-05,0.797069926358483
12.3822601138998,0.240811296808495,1.89589018932077e-05,0.797310504073961
12.4160692891183,0.241053650870243,1.90652188595072e-05,0.79754989355443
12.4535040761246,0.241323328622008,1.91432296977157e-05,0.797813588768377
12.4909388631309,0.24159370488984,1.91611183093823e-05,0.798075884346548
12.520436870956,0.241806632075463,1.9124935597838e-05,0.79828161419285
12.549934878781,0.242018898646939,1.90425120709327e-05,0.798486530598302
12.5794328866061,0.242229999292921,1.89157982224569e-05,0.798690659948705
12.6089308944311,0.242439467030152,1.87499285622639e-05,0.798894027346147
12.6384289022562,0.24264690743938,1.85528182206275e-05,0.799096655000922
12.6679269100812,0.242852027123665,1.83345603100234e-05,0.799298560856984
12.6974249179062,0.243054653682573,1.81066266403516e-05,0.799499757573285
12.7288183747699,0.24326751804208,1.78667871530506e-05,0.799713111094986
12.7602118316336,0.243477626317696,1.7643330796758e-05,0.799925669749929
12.7916052884972,0.243685246328651,1.7448406569014e-05,0.800137426996642
12.8229987453609,0.243890775107884,1.72914771677943e-05,0.800348370044926
12.8543922022246,0.244094702298337,1.71785942898559e-05,0.800558481406623
12.8857856590883,0.244297566732739,1.71119796835258e-05,0.800767740798824
12.9171791159519,0.244499910194237,1.70899348807361e-05,0.800976127221893
12.9509212140928,0.244717371637907,1.71094598456762e-05,0.801199108257259
12.9769800059368,0.244885627594738,1.7149033223696e-05,0.801370596402797
13.0030387977809,0.245054348462032,1.72030851446342e-05,0.801541450890115
13.0290975896249,0.245223642559325,1.72646945085862e-05,0.801711667928188
13.0551563814689,0.24539354951224,1.73266881071457e-05,0.801881246789189
13.081215173313,0.245564038845333,1.73820186057241e-05,0.802050189926637
13.1213365789861,0.24582743468649,1.74395072138653e-05,0.802309073638102
13.1614579846592,0.246091350653287,1.74466385518963e-05,0.802566496790554
13.1924113435277,0.246294765787293,1.74097211869902e-05,0.802764127172853
13.2233647023961,0.24649752132465,1.73338394809538e-05,0.802960938693248
13.2543180612646,0.246699170144887,1.72206351989042e-05,0.803156955247601
13.2852714201331,0.246899301009313,1.70746686297573e-05,0.80335219951907
13.3162247790015,0.247097570469595,1.69030415675359e-05,0.803546691478719
13.34717813787,0.247293729940507,1.67148262745505e-05,0.803740447078074
13.3806330942862,0.247503216063157,1.65046456092258e-05,0.803949046231714
13.4140880507024,0.247710072654704,1.63004343990647e-05,0.804156804514891
13.4475430071186,0.247914456583932,1.61145556077712e-05,0.804363720857782
13.4809979635347,0.248116668114046,1.59572954703875e-05,0.804569787383884
13.5144529199509,0.248317117953313,1.58359825033829e-05,0.804774990772714
13.5479078763671,0.248516286690069,1.57543807513104e-05,0.804979314007901
13.5813628327833,0.24871467865029,1.57124093909345e-05,0.805182738424944
13.6227849347453,0.248959952583065,1.57093919978764e-05,0.805433335179324
13.6642070367074,0.249205521512034,1.57470216114372e-05,0.8056824980933
13.7056291386694,0.249451873991635,1.58057835046452e-05,0.805930210019367
13.7470512406315,0.249699169657551,1.58638222519462e-05,0.806176468302691
13.7884733425936,0.249947229751891,1.59004257704271e-05,0.806421285713843
13.8298954445556,0.250195580656217,1.58985802086304e-05,0.806664688857256
13.8713175465177,0.250443529098721,1.58473002843495e-05,0.806906715102122
13.9025488515391,0.25062971274837,1.57735435448132e-05,0.807088313584057
13.9337801565605,0.25081485584506,1.5671289629923e-05,0.807269173504827
13.9650114615819,0.250998646171631,1.55445475484239e-05,0.807449312781738
13.9962427666033,0.251180828261839,1.53992003573435e-05,0.807628747024574
14.0274740716247,0.251361224095958,1.52425400234883e-05,0.807807488529744
14.0587053766461,0.251539747292217,1.50826700307675e-05,0.807985545552041
14.0944302417046,0.251741678377299,1.49063334102485e-05,0.80818838688263
14.1301551067631,0.251941340737515,1.47477615591591e-05,0.808390336411474
14.1658799718217,0.25213903765364,1.46160427644944e-05,0.808591386428341
14.2016048368802,0.252335175149018,1.45171010447842e-05,0.808791524096264
14.2373297019387,0.252530214813622,1.44531518657728e-05,0.808990733506216
14.2730545669973,0.252724622090211,1.44225827764046e-05,0.809188997998468
14.310331893327,0.252927248297881,1.44204711964305e-05,0.809394854888537
14.3393571630743,0.25308510189875,1.44344377849817e-05,0.809554409092675
14.3683824328216,0.253243155884935,1.44561993879942e-05,0.809713318187196
14.3974077025689,0.253401464058692,1.44800119247092e-05,0.809871581342246
14.4264329723162,0.253560017967683,1.45001523324711e-05,0.810029200537716
14.4554582420635,0.253718748405655,1.45112927072498e-05,0.810186180549215
14.5000483794475,0.2539626517823,1.45007802850972e-05,0.810426113422565
14.5446385168315,0.254206037992614,1.444712115677e-05,0.810664591192559
14.5776914712815,0.254385652587239,1.43768753388194e-05,0.810840452234093
14.6107444257316,0.254564234814957,1.42822670937763e-05,0.811015555721051
14.6437973801816,0.254741505030315,1.41671391225613e-05,0.811189918344496
14.6768503346317,0.254917241037155,1.40370540663546e-05,0.811363554432372
14.7099032890817,0.255091297197932,1.3898809616311e-05,0.811536475012117
14.7429562435318,0.255263617307666,1.37598392994941e-05,0.811708687141658
14.7812755784356,0.255461273770612,1.36074180926693e-05,0.81190745483886
14.8195949133394,0.255656852141858,1.34739368833193e-05,0.812105271597337
14.8579142482433,0.255850683890586,1.33668949923136e-05,0.812302128797607
14.8962335831471,0.256043185109517,1.32902746872052e-05,0.812498013457554
14.9345529180509,0.25623480179021,1.32441624525628e-05,0.812692910652111
14.9728722529548,0.256425953326935,1.32248776094053e-05,0.812886806086438
15.020527303684,0.256663536020319,1.32277483481162e-05,0.813126525780644
15.0681823544132,0.256901323293658,1.32435037522404e-05,0.813364668106778
15.1057161449718,0.257088797405198,1.32520788492892e-05,0.813551124441257
15.1432499355305,0.257276308165311,1.32478695453244e-05,0.813736614232012
15.1807837260892,0.257463624749312,1.32240420374481e-05,0.813921151688923
15.2183175166478,0.257650438864722,1.31762705709303e-05,0.814104754860307
15.2558513072065,0.257836399690784,1.31032413959428e-05,0.814287444130223
15.2933850977652,0.258021157832014,1.30067644451517e-05,0.814469240249161
15.3339027575209,0.25821891446798,1.28818603113233e-05,0.814664507887931
15.3652055912147,0.258370316051593,1.27755875444144e-05,0.814814681367034
15.3965084249085,0.25852043905723,1.26659925520003e-05,0.814964264903616
15.4278112586022,0.258669273339844,1.25579441530971e-05,0.815113262329854
15.459114092296,0.258816864185064,1.24560589714847e-05,0.815261674923539
15.4904169259898,0.258963308130028,1.23643558550119e-05,0.815409501546706
15.5296421897452,0.259145409320877,1.22685043743575e-05,0.815593909486503
15.5688674535007,0.259326265970842,1.21970397034071e-05,0.81577738267402
15.6080927172561,0.259506248207569,1.21502046910825e-05,0.815959909545841
15.6473179810116,0.259685704421231,1.21249970065056e-05,0.816141479022202
15.686543244767,0.259864915817558,1.211571097725e-05,0.816322082640855
15.7257685085224,0.260044063577936,1.21147975960907e-05,0.816501716167924
15.7649937722779,0.260223210056409,1.21139048778105e-05,0.816680380600195
15.8076785128398,0.260418082003552,1.21036144636252e-05,0.816873709087919
15.8503632534017,0.260612655775606,1.20753046035949e-05,0.817065913137085
15.8930479939636,0.260806592358697,1.20235103127133e-05,0.817257013661227
15.9357327345254,0.26099949448665,1.19466572881412e-05,0.817447034735704
15.9784174750873,0.261190971731437,1.18471753184019e-05,0.817636000671274
16.0211022156492,0.261380702133672,1.17309736136129e-05,0.817823933152351
16.0679860125699,0.261586841032794,1.15941095898275e-05,0.818029182158047
16.1148698094906,0.261790558027278,1.14597443114423e-05,0.818233217630799
16.1617536064112,0.261992006217486,1.13393412460153e-05,0.818436042481022
16.2086374033319,0.262191515978565,1.12415166132692e-05,0.818637651127081
16.2555212002526,0.262389530553297,1.11705737190554e-05,0.818838032205492
16.3011540341309,0.262581275179988,1.11264163843076e-05,0.819031874968834
16.3467868680092,0.262772434864615,1.11018693864756e-05,0.819224531270805
16.3820887416365,0.262920102528241,1.1091461317191e-05,0.819372753045208
16.4173906152637,0.263067653147414,1.10833784661318e-05,0.819520260593059
16.452692488891,0.263215085573057,1.10729052282131e-05,0.819667056630405
16.4879943625183,0.263362339567567,1.10557811650943e-05,0.819813146595113
16.5232962361455,0.263509303455017,1.10285852344951e-05,0.81995853835666
16.563338522674,0.263675461880726,1.09826779217537e-05,0.820122620809953
16.6033808092025,0.263840802279501,1.09197165271034e-05,0.820285833506795
16.643423095731,0.264005071061407,1.08410231590401e-05,0.820448192864598
16.6834653822595,0.264168052679441,1.07500991469027e-05,0.82060971387544
16.7235076687881,0.264329598998496,1.06520329376667e-05,0.820770408691791
16.7635499553166,0.264489646643292,1.05527449123317e-05,0.820930285730246
16.8067822885701,0.264660795187141,1.0450963135227e-05,0.821101986460409
16.8500146218237,0.264830372191123,1.03610569399984e-05,0.82127273919797
16.8932469550772,0.264998610318364,1.02874287507128e-05,0.821442539866636
16.9364792883308,0.265165793544732,1.02317969823254e-05,0.821611381648134
16.9797116215844,0.265332210781309,1.0193009762197e-05,0.82177925705267
17.0229439548379,0.265498110276501,1.01673318755842e-05,0.821946160021777
17.0824617090012,0.265725959223595,1.01428989544956e-05,0.822174338892647
17.1304094702929,0.26590912500222,1.01216630456041e-05,0.822356820679566
17.1783572315845,0.2660918258698,1.00902126606629e-05,0.822538118878837
17.2263049928762,0.266273820188703,1.00428078803744e-05,0.822718251175106
17.2742527541679,0.266454792728826,9.97697155952846e-06,0.822897239011074
17.3222005154596,0.26663441608485,9.89395224775181e-06,0.82307510486674
17.3597851292618,0.266774090807656,9.81973088972311e-06,0.82321375690894
17.397369743064,0.266912679485871,9.74118316302781e-06,0.823351740223184
17.4349543568662,0.267050146425981,9.66201437825979e-06,0.823489060507619
17.4725389706684,0.267186508607973,9.58591161797978e-06,0.823625721057757
17.5101235844705,0.26732183286566,9.51616002445751e-06,0.823761722838846
17.5557281036985,0.267484794491433,9.44359971041189e-06,0.8239258589413
17.6013326229265,0.267646634056658,9.38636864156697e-06,0.824089019006197
17.6469371421545,0.267807618528881,9.3440018138222e-06,0.8242511970751
17.6925416613825,0.267967983265107,9.31342369153956e-06,0.824412388199826
17.7381461806105,0.268127891096157,9.28963201084587e-06,0.824572590391954
17.7837506998385,0.268287408142866,9.26668247148135e-06,0.824731805860574
17.8299145266417,0.268448445854716,9.23838179070262e-06,0.824891976050534
17.8760783534449,0.268608912494408,9.20017354505954e-06,0.825051153702241
17.9222421802481,0.268768607327902,9.14924299655301e-06,0.825209353657455
17.9684060070513,0.268927301296534,9.08523280664898e-06,0.825366592358066
18.0145698338544,0.269084780516873,9.01022401673904e-06,0.825522885876637
18.0607336606576,0.269240885592113,8.92827339521552e-06,0.825678248072263
18.1097814905838,0.269405151566226,8.83950022376079e-06,0.825842307312467
18.1588293205099,0.269567805280367,8.7553303603147e-06,0.826005333789687
18.207877150436,0.26972898658219,8.68107794357146e-06,0.826167329095925
18.2569249803622,0.269888914229143,8.61986794509545e-06,0.826328290884658
18.3059728102883,0.270047838204675,8.57212688818504e-06,0.826488214954087
18.3550206402144,0.270205990311525,8.53563678230181e-06,0.826647097493203
18.4040684701405,0.270363540935485,8.50609001883199e-06,0.826804937121653
18.4564750413696,0.270531303369162,8.47602040370351e-06,0.826972435902384
18.5088816125986,0.270698434442849,8.44099023268416e-06,0.827138755933553
18.5612881838276,0.270864780525075,8.39585186919967e-06,0.827303911729435
18.6136947550566,0.27103011079654,8.33812016840537e-06,0.827467921624163
18.6661013262857,0.271194176528204,8.2684357723445e-06,0.827630805160729
18.7185078975147,0.27135677142749,8.19025853316481e-06,0.827792580318878
18.7709144687437,0.271517778845014,8.10893207204372e-06,0.827953261242717
18.8241158302279,0.271679601707068,8.02922472832547e-06,0.828115269037235
18.877317191712,0.271839899880158,7.95768577971499e-06,0.828276162407662
18.9305185531961,0.271998875156945,7.89756128797709e-06,0.828435940985774
18.9837199146802,0.272156767172034,7.84933599544089e-06,0.828594602231314
19.0369212761644,0.272313796616267,7.81073926084406e-06,0.82875214400174
19.0901226376485,0.272470115501168,7.77740979089565e-06,0.828908566898952
19.1433239991326,0.272625776061387,7.74402833972007e-06,0.829063875841324
19.1965253606168,0.272780724800603,7.70562308794662e-06,0.829218080523979
19.2634541910924,0.272974431202142,7.64523263890218e-06,0.829410527137968
19.3151445251803,0.273122874648147,7.58800000102883e-06,0.829557996372256
19.3668348592682,0.273270123216484,7.52317290815036e-06,0.829704470443478
19.4185251933561,0.273416060050034,7.45416019950173e-06,0.829849962255063
19.4702155274439,0.273560643751673,7.385226558859e-06,0.829994481375678
19.5219058615318,0.273703916639031,7.32050677720318e-06,0.830138033522394
19.5735961956197,0.27384599366762,7.26310334670225e-06,0.830280620930887
19.6353460431556,0.274014373534281,7.20592977835635e-06,0.830449692768805
19.6970958906916,0.274181552113243,7.15980187408531e-06,0.830617386701065
19.7588457382275,0.274347742982543,7.12045847867632e-06,0.830783704085763
19.8054242505772,0.274472518566958,7.09163148327485e-06,0.830908251469564
19.8520027629268,0.274596772060073,7.06033269572508e-06,0.831032024397319
19.8985812752764,0.274720439185966,7.02438983879184e-06,0.831155030349196
19.945159787626,0.27484342710631,6.9826456806003e-06,0.831277278211976
19.9917382999756,0.274965632421044,6.93508729946947e-06,0.831398777484431
20.0551116895241,0.275130485801125,6.86332763822878e-06,0.831562899908224
20.106992432405,0.275264127164664,6.80146763831851e-06,0.831696253897319
20.1588731752859,0.275396562639202,6.74060949991047e-06,0.831828711481876
20.2107539181667,0.275527843281168,6.68404403280833e-06,0.83196027730961
20.2626346610476,0.275658075810079,6.63404239676167e-06,0.832090953324035
20.3145154039285,0.275787398274971,6.59138756751041e-06,0.832220739797865
20.3686547408669,0.275921529375228,6.55376861006067e-06,0.832355227975714
20.4227940778052,0.276054941532569,6.52071761998073e-06,0.832488748788751
20.4769334147436,0.276187695470192,6.48875524854579e-06,0.832621306122794
20.5310727516819,0.276319778610499,6.45429553174207e-06,0.832752907110694
20.5852120886203,0.276451111398447,6.41453562728492e-06,0.832883561972537
20.6472978380126,0.276600638825312,6.36065872216828e-06,0.83303224525283
20.7093835874048,0.276748812880834,6.29875166116488e-06,0.833179720279779
20.7618376134491,0.276872827251838,6.24283446862228e-06,0.833303388358657
20.8142916394935,0.276995730097776,6.18693296892328e-06,0.833426214952966
20.8667456655378,0.277117550405828,6.13400029943441e-06,0.833548205332261
20.9191996915821,0.27723836986025,6.08627159780808e-06,0.833669362236036
20.9716537176264,0.277358303635368,6.04481323353697e-06,0.833789686677978
21.025379578384,0.277480355635794,6.00848975769842e-06,0.83391206604376
21.0791054391416,0.277601718475796,5.97665460118905e-06,0.834033573694978
21.1328312998993,0.277722458253822,5.94660111858912e-06,0.834154212644202
21.1865571606569,0.277842582451167,5.91532719435629e-06,0.834273988466469
21.2402830214145,0.277962040857218,5.88027329935179e-06,0.834392909361836
21.3128324409652,0.278122134707441,5.8244481952676e-06,0.83455215707032
21.3712321126927,0.278249810950866,5.7724839715379e-06,0.834679245642581
21.4296317844202,0.278376294706125,5.71676208456691e-06,0.8348053676377
21.4880314561476,0.278501539584879,5.66087502015908e-06,0.834930533495409
21.5464311278751,0.278625581841602,5.60837192033566e-06,0.835054749867023
21.6048307996026,0.278748526904457,5.56172153142571e-06,0.835178020065642
21.66323047133,0.278870516842888,5.521675614456e-06,0.835300345438566
21.7216301430575,0.278991689753697,5.48714844357913e-06,0.835421727183651
21.7855683891069,0.279123523518449,5.45261508846182e-06,0.835553542238131
21.8378598812294,0.279230730981954,5.4242301916709e-06,0.835660513131219
21.890151373352,0.279337359658363,5.39343529521974e-06,0.835766740959964
21.9424428654745,0.279443347117395,5.35882755121713e-06,0.835872233629333
21.994734357597,0.279548612754113,5.31998364089145e-06,0.835976999970489
22.0470258497195,0.279653077407455,5.27751905770127e-06,0.83608104886195
22.1219218908732,0.27980120575057,5.21356694956826e-06,0.836228841506239
22.1799294529463,0.279914697004804,5.16473075269434e-06,0.836342319432692
22.2246155460913,0.280001410470673,5.12921563046856e-06,0.836429152673264
22.2693016392363,0.280087547985037,5.09648191266898e-06,0.836515478947863
22.30505291197,0.280156078796677,5.07252775227286e-06,0.836584180048755
22.3408041847036,0.280224299758184,5.05053645630275e-06,0.836652557521424
22.3765554574372,0.280292235515452,5.03024959085418e-06,0.8367206118018
22.4123067301709,0.280359906005884,5.01124940150706e-06,0.836788343505203
22.4639182541841,0.280457152997439,4.98508004741039e-06,0.836885555655101
22.5155297781974,0.280553890270074,4.95884022372079e-06,0.836982101033672
22.5671413022106,0.280650102680733,4.93084756008825e-06,0.837077984877911
22.6187528262239,0.280745744838059,4.8998773736943e-06,0.83717321377438
22.6703643502371,0.280840753242428,4.86545767071384e-06,0.837267795151624
22.7321927382894,0.280953645872532,4.82033672120704e-06,0.837380257632568
22.7940211263417,0.281065456838369,4.77276897458722e-06,0.837491813376736
22.855849514394,0.281176157958728,4.72546923609631e-06,0.837602471799614
22.9176779024463,0.281285784999457,4.68114148574779e-06,0.83771223936109
22.9795062904986,0.281394428448591,4.64160703600251e-06,0.83782111986069
23.0454099015233,0.281509282784787,4.60522608152465e-06,0.837936202769866
23.111313512548,0.281623289746248,4.57326247723611e-06,0.838050283198574
23.1772171235726,0.281736527870752,4.54259558522631e-06,0.83816336618956
23.2431207345973,0.281848989325183,4.50980337196303e-06,0.838275460549531
23.309024345622,0.281960588168681,4.47251915960648e-06,0.838386578671117
23.3749279566467,0.282071200218448,4.43030018315835e-06,0.838496734866696
23.4408315676714,0.282180715542601,4.38470860110176e-06,0.838605943020123
23.5015793524303,0.282280648156082,4.34217064028935e-06,0.83870577758792
23.5623271371892,0.282379624560168,4.30158460159093e-06,0.838804822475473
23.623074921948,0.28247770896233,4.26466963695683e-06,0.838903081682784
23.6838227067069,0.282574993921485,4.23207632885063e-06,0.839000557721464
23.7445704914658,0.282671574123361,4.20322817778563e-06,0.839097252779766
23.8255747559627,0.282799368883145,4.1676280645661e-06,0.839224981990394
23.8861865416386,0.282894287732389,4.14059445824473e-06,0.839319658470125
23.9467983273145,0.282988565229062,4.11098078508918e-06,0.839413575209993
24.0074101129904,0.283082129079705,4.07778410422708e-06,0.839506741611761
24.0680218986663,0.283174897958565,4.04124716629071e-06,0.839599167609969
24.1286336843422,0.283266808343547,4.00272343592907e-06,0.839690862441186
24.2016468890069,0.283376356983236,3.95652779976986e-06,0.839800357839277
24.2604849534672,0.283463730309056,3.92165276537754e-06,0.839887837614329
24.3193230179275,0.283550363946974,3.89026131785039e-06,0.839974644182191
24.3781610823879,0.283636340309184,3.86258530733438e-06,0.840060779322235
24.4369991468482,0.283721735126258,3.83781787763151e-06,0.840146244930543
24.4958372113085,0.283806597561985,3.81439037830399e-06,0.840231043954041
24.5598763281828,0.283898366432273,3.78826628709737e-06,0.840322586801273
24.6239154450571,0.283989478926684,3.75957302879532e-06,0.840413353756304
24.6879545619315,0.284079860329218,3.72730128870235e-06,0.840503354833307
24.7519936788058,0.284169425418751,3.69175224620636e-06,0.840592600643735
24.8160327956801,0.28425810988136,3.65442855425633e-06,0.840681100961363
24.889979027383,0.284359399645935,3.61195999348309e-06,0.840782375111223
24.9500461898701,0.284440828187288,3.58003521772363e-06,0.840863922701986
25.0101133523573,0.284521568449345,3.55157239795411e-06,0.84094482899942
25.0701805148444,0.284601701477613,3.52655782851711e-06,0.841025095654544
25.1302476773315,0.284681296285462,3.50398029645462e-06,0.841104724683541
25.1903148398186,0.284760391232882,3.48217802159176e-06,0.84118371935393
25.2533838691768,0.284842898145239,3.45817598831116e-06,0.841265984627544
25.3164528985349,0.284924807390211,3.43150880270274e-06,0.841347563847518
25.3795219278931,0.285006047607365,3.40159060037652e-06,0.841428466064839
25.4425909572512,0.285086545861384,3.3689922663991e-06,0.841508700511381
25.5056599866093,0.285166253732443,3.3352410558703e-06,0.841588275393405
25.5761350288921,0.285254382638701,3.29855604663285e-06,0.841676421809085
25.6466100711748,0.285341573907216,3.26516305251566e-06,0.841763758237835
25.7170851134575,0.285427930041547,3.23616950801942e-06,0.841850288087595
25.7875601557403,0.285513563925762,3.21102304521626e-06,0.841936014000182
25.858035198023,0.285598555851777,3.18771871969986e-06,0.842020939825863
25.9308222266066,0.285685679624416,3.16278694158342e-06,0.842107818799987
26.0036092551902,0.28577208319073,3.13463112358686e-06,0.842193861813096
26.0763962837738,0.285857664801658,3.10237697799643e-06,0.842279081650323
26.1491833123574,0.285942321595505,3.06704577305632e-06,0.842363491316643
26.221970340941,0.28602599767277,3.03112170950763e-06,0.842447101806217
26.2947573695246,0.286108711992542,2.99748053413197e-06,0.842529920700587
26.3675443981082,0.286190553788259,2.96813751733338e-06,0.842611952212884
26.4535773896352,0.286286331356653,2.93938012473169e-06,0.842707899986822
26.5396103811621,0.286381231805189,2.91410029853359e-06,0.84280275593002
26.6028957754421,0.28645051246391,2.8948280936577e-06,0.842871840159679
26.6661811697222,0.286519309145711,2.87315176694146e-06,0.842940345854838
26.7143825889225,0.286571347085162,2.85464746273918e-06,0.842992139390313
26.7625840081229,0.286623034442593,2.83446540679858e-06,0.843043605267545
26.8107854273233,0.286674344837676,2.81305878337067e-06,0.843094746906375
26.8589868465237,0.286725262517395,2.7911112004888e-06,0.843145567266829
26.9177785153089,0.286786834422057,2.7648062467318e-06,0.843207121927487
26.9765701840942,0.286847843104993,2.74007156027756e-06,0.843268205066532
27.0353618528795,0.286908331281232,2.71770498826472e-06,0.843328818679508
27.0814127800935,0.286955379157847,2.70202451344276e-06,0.843375969642199
27.1274637073074,0.287002167071623,2.68781310385266e-06,0.843422834017919
27.1735146345214,0.287048716706234,2.6746540617704e-06,0.843469412582685
27.2195655617354,0.287095041209903,2.66198301403443e-06,0.843515706453525
27.276680594755,0.287152186845516,2.64610372147478e-06,0.843572729478387
27.3337956277745,0.287208978942794,2.62904358936842e-06,0.843629320617311
27.390910660794,0.28726538512817,2.61005467837417e-06,0.843685484698064
27.4480256938135,0.287321361591679,2.58896691859299e-06,0.843741227070599
27.5051407268331,0.287376866738371,2.56624170192917e-06,0.843796552996973
27.5917333139166,0.287460075880875,2.53088524253929e-06,0.843879648382818
27.6783259010001,0.28754217036764,2.49779676985629e-06,0.843961808720554
27.7317699775888,0.287592315408907,2.47941074312838e-06,0.844012053090422
27.7852140541775,0.287642108411285,2.46295651981443e-06,0.844061944731883
27.8386581307662,0.287691585324495,2.44813389569336e-06,0.844111484502853
27.8921022073549,0.287740772432216,2.43432232868025e-06,0.844160673657093
27.9566656783845,0.287799822941232,2.41795736310194e-06,0.8442196318078
28.0212291494141,0.28785846396754,2.40062001704152e-06,0.844278085304072
28.0857926204437,0.287916661005461,2.38123370473254e-06,0.844336040148368
28.1503560914732,0.287974360235124,2.35948287384773e-06,0.844393503211159
28.2149195625028,0.28803150916923,2.33594206983381e-06,0.844450481314619
28.3077406558787,0.288112661983852,2.30156321216597e-06,0.844531558334947
28.3952324215384,0.288188100601989,2.2718015836369e-06,0.844607084506259
28.4485339671088,0.288233593365275,2.25570773877735e-06,0.844652672493636
28.5018355126792,0.288278778849738,2.24134089608735e-06,0.844697940800747
28.5551370582497,0.288323687884896,2.22830110588955e-06,0.84474289024235
28.6084386038201,0.288368340407354,2.21594133209344e-06,0.844787522103824
28.6710164835821,0.288420444723212,2.20138132188048e-06,0.8448395185577
28.7335943633442,0.288472193247254,2.18569336902901e-06,0.84489108377867
28.7961722431062,0.288523551666219,2.16810333376485e-06,0.844942223023096
28.8587501228683,0.288574473448888,2.14850814245075e-06,0.844992942098466
28.9213280026303,0.288624916842359,2.1275212397993e-06,0.845043246600925
29.0061843117193,0.288692526554285,2.09886191630657e-06,0.845110805748322
29.0857162369866,0.288755095696601,2.07411851618527e-06,0.845173448811554
29.1400335862135,0.288797417415364,2.05905545595969e-06,0.845215857033168
29.1943509354405,0.288839446334155,2.04560821813417e-06,0.845257962258392
29.2486682846675,0.288881211732473,2.03341291402421e-06,0.845299765316406
29.3029856338945,0.288922732770603,2.02186509181479e-06,0.845341267467845
29.3678145447991,0.288971977064435,2.00803710549077e-06,0.845390409669086
29.4326434557038,0.289020870945758,1.99310543090719e-06,0.845439129806609
29.4974723666085,0.289069379822317,1.97632612333636e-06,0.845487433203604
29.5623012775131,0.289117457399749,1.9576464922345e-06,0.8455353257127
29.6271301884178,0.289165063649448,1.93773880317167e-06,0.845582812908112
29.7277972178383,0.289238032418107,1.90707418953261e-06,0.845655757953363
29.8022963856839,0.289291304478635,1.88655843998664e-06,0.845709126000596
29.8767955535294,0.28934403593519,1.86900625435485e-06,0.845761973223655
29.951294721375,0.289396308474191,1.85403423440805e-06,0.845814301220948
30.0257938892206,0.289448177138853,1.84013138205646e-06,0.845866112598941
30.1002930570661,0.289499647828031,1.82536211705983e-06,0.845917412076921
30.1644322677654,0.289543604626543,1.81077195952428e-06,0.845961173431696
30.2285714784647,0.289587185302463,1.7942720309496e-06,0.846004566194614
30.292710689164,0.289630351912823,1.77640234475177e-06,0.846047595256274
30.3568498998633,0.28967308342812,1.75808999976127e-06,0.846090264856487
30.4279731815261,0.289719963602037,1.73855476886968e-06,0.846137164383976
30.499096463189,0.289766346689832,1.72082192595543e-06,0.846183628719225
30.5551101270877,0.289802557157099,1.70846162330984e-06,0.846219916903251
30.6111237909864,0.289838520290893,1.69744980938504e-06,0.846255937157296
30.6671374548851,0.289874259599879,1.68735610437947e-06,0.846291690422094
30.7231511187838,0.289909787698738,1.6775667478113e-06,0.84632717807632
30.7932374398826,0.289953940715763,1.66472810418789e-06,0.846371210780414
30.8633237609814,0.289997734416187,1.65051815910084e-06,0.846414835795376
30.9334100820802,0.290041130151985,1.63463939037953e-06,0.846458058717061
31.003496403179,0.290084089995587,1.61742883597439e-06,0.846500885189629
31.1168406983968,0.290152600208502,1.58883652438407e-06,0.846569317022099
31.2301849936146,0.290219953955523,1.56284966181347e-06,0.846636740744832
31.2946390827171,0.290257777684847,1.54997645000468e-06,0.846674635178579
31.3590931718196,0.290295304679081,1.53856945948275e-06,0.846712207951955
31.423547260922,0.290332563236458,1.52803149468279e-06,0.84674946045893
31.4880013500245,0.290369564562297,1.51755856638929e-06,0.846786394839404
31.5706917602041,0.290416641345434,1.50300108782452e-06,0.846833318821797
31.6533821703838,0.290463233879232,1.48661501045006e-06,0.846879732100828
31.7210929011764,0.290500990798871,1.47187202729425e-06,0.846917362437711
31.7888036319689,0.290538364883884,1.45648521294769e-06,0.846954660081719
31.8565143627615,0.29057535013817,1.44124984701154e-06,0.846991628542491
31.9242250935541,0.290611959735346,1.4269166017042e-06,0.847028270400845
31.9924114474694,0.290648475337492,1.41385674585576e-06,0.847064841458744
32.0605978013847,0.290684672990992,1.40219893147405e-06,0.847101084695453
32.1287841552999,0.290720582507889,1.3915391174583e-06,0.847137001764837
32.1969705092152,0.290756220237755,1.38119679995936e-06,0.847172594870272
32.2748041616997,0.290796564779473,1.3688412205201e-06,0.847212831938252
32.3526378141843,0.290836527639857,1.35529790833123e-06,0.847252656285143
32.4304714666688,0.290876074304256,1.34046811551849e-06,0.847292073851644
32.5083051191533,0.290915175918355,1.32484120670191e-06,0.847331090374182
32.6156471227435,0.290968358303884,1.30342886980481e-06,0.847384249187897
32.7229891263336,0.291020712513064,1.28404883054576e-06,0.847436663800307
32.8303311299238,0.291072334161947,1.26761761573128e-06,0.847488341237557
32.937673133514,0.291123322357293,1.25299758872795e-06,0.847539287834815
33.0450151371041,0.291173708246671,1.23767235774297e-06,0.84758951259702
33.1304829745372,0.291213359967618,1.2234473156678e-06,0.847628994861891
33.2159508119703,0.291252528642724,1.20736825678316e-06,0.847668035877107
33.3014186494034,0.291291169729073,1.19071082406471e-06,0.847706643005439
33.3868864868364,0.291329288975746,1.17526716003528e-06,0.847744821331613
33.4723543242695,0.291366943885231,1.16229055183234e-06,0.847782573470527
33.5749890192327,0.291411659120904,1.14990424047366e-06,0.847827347281956
33.677623714196,0.291455913906628,1.13849084361986e-06,0.847871512556064
33.7802584091592,0.291499679768045,1.12468311677084e-06,0.847915079424365
33.8463103285292,0.29152754782588,1.11403203863451e-06,0.847942805825619
33.9123622478993,0.291555138655404,1.10221889278347e-06,0.847970293153079
33.9784141672694,0.291582432456679,1.08999644102085e-06,0.847997544542452
34.0444660866394,0.291609429823473,1.07824033479115e-06,0.848024562218896
34.1264749770822,0.291642571615345,1.06533436358288e-06,0.848057783671221
34.1890203588644,0.291667596075542,1.05700092297821e-06,0.848082880469812
34.2515657406465,0.291692437408552,1.04986501512582e-06,0.848107770109412
34.3141111224286,0.29171711742059,1.04342551289254e-06,0.848132453317165
34.3766565042107,0.291741644431951,1.03701778408606e-06,0.848156931379626
34.4659718164968,0.291776383438645,1.02667708808953e-06,0.848191535263461
34.5393215788957,0.291804631975234,1.0167379782545e-06,0.848219648590671
34.6126713412947,0.291832588542021,1.00551229483562e-06,0.848247491821985
34.6860211036937,0.291860227294506,9.9361096089134e-07,0.848275068965934
34.7593708660926,0.291887542178264,9.8190854690872e-07,0.848302383118662
34.8480321592015,0.291920154000794,9.69153104640077e-07,0.848335050919932
34.9173946045548,0.291945387537637,9.60565746931127e-07,0.848360343397359
34.9867570499082,0.291970410889358,9.531336694587e-07,0.848385404667277
35.0561194952615,0.291995246871237,9.46348810311728e-07,0.848410235832901
35.1254819406148,0.292019903166034,9.3952760829182e-07,0.84843483862433
35.2260874775607,0.292055319808447,9.28354939954606e-07,0.848470123489207
35.3063446400644,0.292083249231756,9.1809610504148e-07,0.848497936662188
35.3866018025681,0.292110854687465,9.06855037877756e-07,0.848525458020087
35.4668589650717,0.292138118836425,8.95372591131293e-07,0.848552691708542
35.5471161275754,0.292165047414372,8.84503515547345e-07,0.848579640773225
35.6330440834795,0.292193537900617,8.74200941916618e-07,0.848608180828469
35.7189720393837,0.292221717417047,8.65316221644922e-07,0.848636398787568
35.8048999952878,0.292249620867265,8.57293605429575e-07,0.848664296763694
35.8908279511919,0.292277261071665,8.4925151288059e-07,0.848691877805963
35.9954880069628,0.292310548857446,8.38344033469581e-07,0.84872504998883
36.1001480627337,0.292343377271382,8.26010003402676e-07,0.848757767091557
36.2048081185046,0.292375707467144,8.12922857016183e-07,0.848790037487505
36.3094681742755,0.292407534956098,8.00270130886573e-07,0.848821867985514
36.4134538673372,0.292438692721043,7.89042165575247e-07,0.848853062584756
36.4957485340908,0.292463054550704,7.81255479361396e-07,0.848877448012498
36.5780432008443,0.292487182963109,7.74096734525687e-07,0.848901568764963
36.6603378675979,0.292511087592141,7.66956809814568e-07,0.848925427308457
36.7426325343515,0.292534760936629,7.59288932643927e-07,0.848949026848651
36.8506039173388,0.292565435329491,7.48136771535967e-07,0.848979603723398
36.9585753003262,0.292595642633426,7.36237845561241e-07,0.849009749435898
37.0665466833135,0.292625374096913,7.24545542927482e-07,0.849039470865504
37.1745180663008,0.292654654141272,7.13891136181905e-07,0.849068773309077
37.2824894492882,0.292683525647528,7.04456717136213e-07,0.849097661034523
37.3928579467955,0.292712652980625,6.95639248436801e-07,0.849126765607016
37.5032264443028,0.292741406832276,6.86627661876116e-07,0.849155446728985
37.6135949418101,0.292769766209211,6.76542369468566e-07,0.849183711943207
37.7239634393175,0.292797688900992,6.65427693310958e-07,0.84921156962496
37.8343319368248,0.292825150122634,6.54318669708006e-07,0.849239027224677
37.9677791117831,0.292857774289579,6.42543670171121e-07,0.849271699160972
38.1012262867413,0.2928898520918,6.32994349891776e-07,0.849303799933306
38.2346734616996,0.292921460392117,6.24087904178424e-07,0.849335336229587
38.3681206366579,0.292952572136486,6.13395726115089e-07,0.849366320209763
38.4616418403898,0.292974039488936,6.04669920060818e-07,0.849387711251742
38.5551630441217,0.292995197145392,5.95590429042258e-07,0.849408842099922
38.6486842478537,0.293016048508324,5.870885493287e-07,0.849429716028529
38.7422054515856,0.293036623066579,5.79778937501796e-07,0.849450335048248
38.8357266553176,0.293056960000249,5.73640542289013e-07,0.849470700623312
38.9475058786701,0.293080993153877,5.67085134187705e-07,0.849494712045972
39.0592851020227,0.293104737675156,5.6000552670386e-07,0.849518368685957
39.1710643253753,0.293128154907321,5.51333257042117e-07,0.849541677772705
39.2828435487279,0.293151184325366,5.41342158066236e-07,0.849564647514214
39.3946227720805,0.293173797458974,5.31572323434276e-07,0.84958728462069
39.5108423863062,0.29319690842717,5.23358823199013e-07,0.849610472072643
39.6270620005319,0.293219700065648,5.17407011290157e-07,0.849633305377588
39.7432816147576,0.293242241654767,5.12088954841924e-07,0.849655786787108
39.8595012289834,0.293264507558336,5.04950657289947e-07,0.849677923247518
39.9399288366325,0.293279717143089,4.98620834079003e-07,0.849693044462459
40.0203564442816,0.293294726734078,4.91566918626042e-07,0.84970800780246
40.1007840519307,0.293309526830073,4.84614962893239e-07,0.849722815541915
40.1812116595798,0.293324131486425,4.78530435677407e-07,0.849737468861918
40.261071755379,0.293338469754466,4.73715887878257e-07,0.849751866362139
40.3409318511782,0.293352678280583,4.69968874229428e-07,0.849766112125406
40.4207919469774,0.293366779236969,4.66704699281242e-07,0.849780206713493
40.5006520427766,0.29338077578202,4.63183833691913e-07,0.849794151520419
40.6072323033106,0.293399259847785,4.57173794273433e-07,0.849812533226232
40.6935304435007,0.29341403198117,4.51153640091738e-07,0.849827228547147
40.7798285836908,0.293428600601369,4.44541199501882e-07,0.84984175903215
40.8661267238808,0.293442959539381,4.38102594347493e-07,0.849856127048963
40.9524248640709,0.293457124781047,4.32508046764826e-07,0.849870333899739
41.052840054439,0.293473405070559,4.27332143456085e-07,0.849886662715241
41.1532552448071,0.293489505580793,4.23118632627529e-07,0.849902775096925
41.2536704351751,0.293505443513753,4.18947175385378e-07,0.84991867307641
41.3540856255432,0.293521205423524,4.13984793095307e-07,0.849934360089673
41.457909123262,0.293537282567365,4.07759899175778e-07,0.849950362398985
41.5617326209809,0.293553106074411,4.00902964769642e-07,0.849966148462037
41.6655561186997,0.293568669766961,3.94290856899241e-07,0.849981721778812
41.7693796164185,0.293583995978532,3.88630169253231e-07,0.849997084467787
41.8775016317227,0.293599744106371,3.83844286343919e-07,0.8500128607824
41.9856236470269,0.29361530558047,3.79610744890261e-07,0.850028411947086
42.0937456623311,0.293630684989811,3.75092048430979e-07,0.850043740948466
42.2018676776352,0.293645861487039,3.69754226220053e-07,0.850058851951813
42.3227831018825,0.293662558312468,3.62990242521838e-07,0.85007549850858
42.4436985261297,0.293678949972445,3.56185095250254e-07,0.85009188340706
42.5646139503769,0.293695052938521,3.50152466197497e-07,0.850108010338739
42.6855293746241,0.293710904266922,3.45113887421375e-07,0.850123881901687
42.8064447988714,0.293726534890293,3.40589073463336e-07,0.850139500818783
42.9706584069013,0.2937474150993,3.34085261870776e-07,0.850160314726324
43.1348720149313,0.293767856258878,3.26268296248156e-07,0.850180681579761
43.2990856229613,0.293787802089327,3.17845248991954e-07,0.850200614432879
43.4632992309912,0.293807263356486,3.10670326266262e-07,0.850220122886736
43.6275128390212,0.293826328813964,3.05440133016652e-07,0.850239212366478
43.7933709670942,0.293845257320668,3.00454074172377e-07,0.850258073562515
43.9422332251525,0.293861928739476,2.9426647277752e-07,0.850274652771707
44.0512154663631,0.293873901720725,2.8878807756913e-07,0.850286586522262
44.1601977075736,0.293885657357505,2.83422220982162e-07,0.85029835211809
44.2691799487841,0.293897215290084,2.7898892141658e-07,0.850309951242489
44.3781621899947,0.293908614225734,2.75667408924702e-07,0.850321384599337
44.4889279259945,0.293920069588872,2.72999184321941e-07,0.850332835975488
44.5996936619944,0.293931405189664,2.70040213396519e-07,0.850344118855551
44.7104593979943,0.293942596371926,2.65945888057154e-07,0.85035523692538
44.8212251339942,0.293953598407035,2.60778820043102e-07,0.850366194794856
44.9319908699941,0.29396438439623,2.55562220783959e-07,0.850376996266834
45.0651238107369,0.293977094614698,2.50809814494335e-07,0.850389774018167
45.1982567514797,0.293989607440721,2.48078421784715e-07,0.850402328319057
45.3313896922225,0.294001990061717,2.45815254633546e-07,0.850414659948038
45.4645226329653,0.29401420879709,2.41705410273303e-07,0.850426774564119
45.5560378210897,0.294022473033363,2.37648090011493e-07,0.850434979752333
45.6475530092141,0.294030594303242,2.33200259570386e-07,0.850443088446873
45.7390681973384,0.294038573682598,2.29232426221473e-07,0.850451101928006
45.8305833854628,0.294046436309331,2.26328886059676e-07,0.850459020321138
45.9234400312451,0.294054330540862,2.24472703073825e-07,0.850466957193411
46.0162966770275,0.294062166820788,2.23153241822634e-07,0.850474795710421
46.1091533228098,0.294069949443887,2.21575773105975e-07,0.850482536799583
46.2020099685921,0.294077660086624,2.19150145104305e-07,0.850490182443213
46.3085436551689,0.294086379328104,2.15282568478611e-07,0.850498840059199
46.4150773417458,0.294094936171484,2.10913906937353e-07,0.850507378619254
46.5216110283226,0.294103330247942,2.06976221961926e-07,0.850515800027001
46.6281447148995,0.294111589222625,2.04073076272731e-07,0.850524104820628
46.7346784014763,0.294119749987001,2.02125305770015e-07,0.850532292996317
46.8595159627082,0.294129217267175,2.00265296324686e-07,0.850541740282579
46.9843535239402,0.294138577650512,1.97605999178753e-07,0.850551030804989
47.1091910851721,0.294147783314762,1.9347644116805e-07,0.850560169439815
47.234028646404,0.294156781992852,1.88622860286695e-07,0.850569161324422
47.3588662076359,0.294165571101619,1.84667866949506e-07,0.850578009299667
47.4178940467556,0.294169668572704,1.8351685395394e-07,0.850582142863924
47.4769218858753,0.294173745822361,1.82858276203252e-07,0.850586243963552
47.5359497249949,0.294177810455708,1.82429244836297e-07,0.850590312434873
47.5949775641146,0.294181864319641,1.81943661669572e-07,0.850594348393252
47.7144826525284,0.294190010013929,1.79891922371849e-07,0.850602422349561
47.8097370214442,0.294196417093342,1.77154052764101e-07,0.850608766834269
47.90499139036,0.294202715338067,1.73739130003185e-07,0.850615033296454
48.0002457592759,0.294208894491533,1.70367298970205e-07,0.850621223343731
48.0955001281917,0.294214967644995,1.67706120061151e-07,0.850627337482851
48.1945397742243,0.294221200355456,1.65943085054169e-07,0.850633613816349
48.2935794202569,0.294227378512735,1.64870576599491e-07,0.850639807518991
48.3926190662895,0.294233513820467,1.63800589291319e-07,0.850645919065528
48.4916587123221,0.29423959522404,1.621072450573e-07,0.850651949977334
48.6033531646722,0.294246356562615,1.59244330791083e-07,0.850658657624575
48.7150476170223,0.294252988242587,1.55839817140431e-07,0.850665268474618
48.8267420693723,0.294259485556046,1.52687697487265e-07,0.850671784348358
48.9384365217224,0.29426586995279,1.50364323702846e-07,0.850678205806046
49.0576736435191,0.294272596860438,1.4875105211508e-07,0.850684956708323
49.1769107653158,0.294279253519001,1.47387719260262e-07,0.850691600605861
49.2961478871125,0.294285834444542,1.45538389682828e-07,0.850698139376301
49.4153850089093,0.294292313968564,1.4292223023569e-07,0.850704575878437
49.5379445640388,0.294298843479564,1.3980126875495e-07,0.850711088131647
49.6605041191684,0.294305238012591,1.36926850975032e-07,0.850717497329058
49.783063674298,0.294311518163457,1.34759128626297e-07,0.850723804321929
49.9056232294276,0.294317711428703,1.33201093837846e-07,0.850730009537108
50.0657398930782,0.294325691931291,1.31294602120447e-07,0.850737964554771
50.2258565567288,0.294333532350168,1.28531598764796e-07,0.850745751808276
50.3859732203793,0.294341183516221,1.24824788815822e-07,0.850753377364799
50.5460898840299,0.294348621793006,1.2139653746834e-07,0.850760846066751
50.7062065476805,0.294355889721849,1.19393882977257e-07,0.850768159482205
50.866323211331,0.294363056592937,1.1834280853929e-07,0.850775317665942
51.0403192752348,0.294370740508445,1.16250606232483e-07,0.850782923556536
51.1774403427432,0.294376669227797,1.13015647399356e-07,0.850788795722126
51.3145614102517,0.29438242478676,1.09308778525638e-07,0.850794565709228
51.4516824777602,0.294388019056624,1.0693127003096e-07,0.850800235110118
51.5888035452686,0.294393531763909,1.06565579059351e-07,0.85080580218175
51.7259246127771,0.294399033791962,1.06763712719949e-07,0.85081126535476
51.9272419178532,0.294406991841373,1.04016621608012e-07,0.850819106575082
51.9826080330213,0.29440914545308,1.02512820953214e-07,0.850821226356604
52.0379741481893,0.294411266151956,1.00735737545223e-07,0.850823331506297
52.0933402633574,0.294413350482997,9.89612148497846e-08,0.850825422304368
52.1487063785254,0.29441540092839,9.7444627349323e-08,0.850827498773203
52.2472970433815,0.294418997328518,9.58369216369132e-08,0.850831160027192
52.3458877082375,0.294422557440132,9.54854425471599e-08,0.850834773642197
52.4444783730936,0.2944261132118,9.5752936025166e-08,0.850838338693068
52.5430690379497,0.294429669611614,9.57156846196794e-08,0.850841855463961
52.6587824392117,0.294433810843628,9.44284860920336e-08,0.850845923762958
52.7534385743466,0.294437140534195,9.23747964596946e-08,0.850849206174629
52.8480947094815,0.294440392665744,8.99458309992943e-08,0.850852449458716
52.9427508446164,0.294443567261261,8.78765115820275e-08,0.850855654242276
53.0374069797514,0.294446684928801,8.66660958755917e-08,0.850858820161677
53.1404169490183,0.294450047069008,8.629338630914e-08,0.850862220373283
53.2434269182852,0.294453399848268,8.63192144693962e-08,0.850865573058802
53.3464368875521,0.294456743239235,8.59737785538918e-08,0.850868878765797
53.4494468568191,0.294460055156389,8.47842765089021e-08,0.850872139093534
53.5594807870454,0.294463525753054,8.27121652634415e-08,0.850875573856001
53.6695147172718,0.294466909930296,8.04677226093594e-08,0.850878960764097
53.7795486474982,0.294470215643891,7.87768755605428e-08,0.850882300289743
53.8895825777246,0.294473470098115,7.7946411720361e-08,0.850885591945929
54.0009374552024,0.294476738790385,7.77833091881241e-08,0.850888873780708
54.1122923326802,0.29447999687407,7.75516961227288e-08,0.85089210599298
54.223647210158,0.294483230461617,7.65232362997186e-08,0.850895289901971
54.3350020876358,0.294486405047384,7.45709147058204e-08,0.850898427811779
54.4463569651136,0.294489492742687,7.23193594379667e-08,0.850901521784481
54.6194387743929,0.294494161540727,7.02590321819833e-08,0.850906243801594
54.7362464400808,0.2944972549277,6.99524035888752e-08,0.850909370062351
54.8530541057687,0.294500337254717,6.99759931057753e-08,0.850912446874406
54.9698617714567,0.294503405680148,6.95121965950425e-08,0.850915475011156
55.0866694371446,0.294506432848828,6.81719146583986e-08,0.85091845644195
55.2036590523214,0.29450939439864,6.62419142378005e-08,0.850921397835397
55.3206486674982,0.294512276872107,6.44268249398355e-08,0.850924295744825
55.437638282675,0.294515096937185,6.32966618118653e-08,0.850927150190982
55.5546278978519,0.294517882857364,6.28867092953589e-08,0.850929960571116
55.6889373473855,0.29452106290088,6.27615765418374e-08,0.850933132360324
55.8232467969192,0.294524221380916,6.20672402077806e-08,0.850936246744166
55.9575562464529,0.294527321748873,6.03112698597752e-08,0.850939306433591
56.0918656959865,0.294530325242018,5.80999243571757e-08,0.850942314314696
56.2261751455202,0.294533234018117,5.66485187471838e-08,0.850945271393859
56.2966117401989,0.294534737016099,5.64976265783724e-08,0.850946801505404
56.3670483348776,0.294536240404594,5.66930160219316e-08,0.85094831687664
56.4374849295563,0.294537748844994,5.69309680109286e-08,0.850949817377161
56.507921524235,0.29453925971697,5.69274954671621e-08,0.850951303217451
56.6302747887246,0.29454185924181,5.59920918841054e-08,0.850953851214472
56.7526280532142,0.294544397280315,5.42198302769909e-08,0.850956359237771
56.8749813177038,0.294546856383336,5.23939245212774e-08,0.850958828870853
56.9973345821934,0.294549250664245,5.12556315794835e-08,0.850961260221248
57.1206687723697,0.294551631159972,5.09574392353371e-08,0.850963671486214
57.2440029625459,0.294554003029406,5.10079226092018e-08,0.850966042464989
57.3673371527221,0.294556365142018,5.0693632575113e-08,0.850968373774918
57.4906713428984,0.294558694553423,4.96653902701519e-08,0.850970667091219
57.6202324664854,0.294561079768652,4.81016694959219e-08,0.850973037269228
57.7497935900724,0.294563395905622,4.66906554476741e-08,0.850975368623483
57.8793547136595,0.294565660638694,4.59013331550031e-08,0.850977661098408
58.0089158372465,0.294567899451535,4.56581713904665e-08,0.850979914186425
58.1726697487102,0.2945707092958,4.54305380770652e-08,0.850982705666802
58.3364236601739,0.294573481357011,4.44112864609671e-08,0.850985436330768
58.5001775716375,0.294576170379113,4.2566723940192e-08,0.850988109696482
58.6639314831012,0.29457875615108,4.10016877301929e-08,0.850990728143632
58.8276853945649,0.294581277345244,4.06694836069485e-08,0.850993291186073
58.9914393060286,0.294583792034138,4.10427052684624e-08,0.850995797239237
59.1840191781737,0.294586724618635,4.0227853602672e-08,0.850998673825513
59.3212345365655,0.294588760216188,3.87268549697695e-08,0.851000679453962
59.4584498949573,0.294590722204356,3.71453902883625e-08,0.851002650822158
59.5956652533491,0.294592624608183,3.62456300969708e-08,0.851004588052387
59.7328806117409,0.294594501245193,3.61381601744297e-08,0.851006490223367
59.8713650400014,0.294596393397335,3.63528965880792e-08,0.85100837385716
60,0.294598147925749,3.60535329203058e-08,0.851010091573556
