Iteration,M2,D2,Loss
0,14.399913787841797,11.99999713897705,1.2956530293095625e-10
0,14.300004959106445,12.099778175354004,0.00010421805200167
0,14.229084014892578,12.17056941986084,3.110676232154219e-07
0,14.171046257019043,12.22852611541748,3.882052457271357e-09
0,14.073873519897461,12.223560333251953,0.0009132634731940925
1,14.073861122131348,12.223576545715332,9.905219400252463e-08
1,14.073848724365234,12.223592758178711,3.953502858422553e-09
1,14.073836326599121,12.223608016967773,1.9549493135428975e-09
1,14.073822975158691,12.223624229431152,7.878458774257524e-09
1,14.073533058166504,12.224645614624023,1.6213721210078802e-06
2,14.073471069335938,12.2246675491333,5.562486080634699e-07
2,14.073409080505371,12.224689483642578,3.729517139561267e-09
2,14.055184364318848,12.229055404663086,0.0001671408099355176
2,14.037166595458984,12.233444213867188,1.1937046018317687e-08
2,14.019347190856934,12.2378511428833,1.966706131284468e-09
3,13.978775024414062,12.290327072143555,0.00035462804953567684
3,13.940996170043945,12.337002754211426,2.1012431261624442e-07
3,13.905496597290039,12.37946891784668,3.962870209761604e-08
3,13.807825088500977,12.478039741516113,0.0037660503294318914
3,13.737772941589355,12.548416137695312,1.9744089030382383e-08
4,13.737772941589355,12.548415184020996,3.566331940874079e-08
4,13.731897354125977,12.555935859680176,0.0002748951083049178
4,13.725992202758789,12.563477516174316,5.685860173798574e-07
4,13.719900131225586,12.570785522460938,1.3724290511163417e-05
4,13.713788032531738,12.578110694885254,6.763927729025454e-08
5,13.711653709411621,12.557931900024414,0.00039684868534095585
5,13.709508895874023,12.538055419921875,2.4867876646794684e-08
5,13.70728874206543,12.51846694946289,3.906586698576575e-06
5,13.704939842224121,12.49912166595459,7.515182915085461e-06
5,13.69265079498291,12.480515480041504,0.0005932984640821815
6,13.68942928314209,12.477269172668457,0.00023511855397373438
6,13.666268348693848,12.478169441223145,0.0011620760196819901
6,13.64359188079834,12.478880882263184,2.9029836241534213e-06
6,13.59912395477295,12.50253963470459,0.001302268821746111
6,13.55797290802002,12.52550983428955,3.2039104553405195e-05
7,13.515616416931152,12.560039520263672,0.002696972107514739
7,13.476228713989258,12.588367462158203,9.738683729665354e-05
7,13.43941879272461,12.61574935913086,2.0807672740374983e-07
7,13.404719352722168,12.642280578613281,3.316022798571794e-07
7,13.371789932250977,12.668045043945312,2.2354434747740015e-08
8,13.371784210205078,12.668055534362793,3.4487698030716274e-07
8,13.371777534484863,12.668066024780273,9.128429123705928e-10
8,13.371768951416016,12.668075561523438,1.9419290708810877e-07
8,13.371760368347168,12.668085098266602,1.078309552760004e-09
8,13.371661186218262,12.668098449707031,7.5064372140332125e-06
9,13.371661186218262,12.668098449707031,1.2341876853838585e-08
9,13.371660232543945,12.668098449707031,6.977475663916266e-08
9,13.349287033081055,12.675503730773926,0.001753169926814735
9,13.327348709106445,12.682926177978516,1.1932252519386566e-08
9,13.305816650390625,12.690364837646484,2.5373170231546283e-08
10,13.305816650390625,12.690364837646484,2.4322872604898294e-09
10,13.30578899383545,12.690165519714355,5.640162726194831e-06
10,13.305760383605957,12.68996524810791,1.6348677966959713e-09
10,13.30497932434082,12.690388679504395,5.069333565188572e-05
10,13.304062843322754,12.690923690795898,8.790367246547248e-06
11,13.288125991821289,12.659879684448242,0.0018311893800273538
11,13.272303581237793,12.630088806152344,7.012106379988836e-07
11,13.256595611572266,12.601408004760742,1.644153115876179e-07
11,13.241002082824707,12.573710441589355,5.556249349503162e-10
11,13.225515365600586,12.546896934509277,2.500558480278414e-07
12,13.225515365600586,12.546887397766113,1.616334373011341e-07
12,13.225394248962402,12.546378135681152,1.8702621673583053e-05
12,13.225139617919922,12.545796394348145,1.1531913514772896e-05
12,13.223176956176758,12.544002532958984,0.00015298787911888212
12,13.221203804016113,12.542200088500977,5.908589528758057e-08
13,13.221200942993164,12.542190551757812,4.170319982677029e-07
13,13.221195220947266,12.542179107666016,2.5206438181157864e-07
13,13.209403991699219,12.539166450500488,0.0009417264955118299
13,13.165977478027344,12.539986610412598,0.0026269122026860714
13,13.12597370147705,12.540812492370605,2.2957334522288875e-07
14,13.125907897949219,12.54050350189209,1.0907533578574657e-05
14,13.125813484191895,12.540017127990723,5.36666675543529e-06
14,13.12562084197998,12.539297103881836,1.206025444844272e-05
14,13.12542724609375,12.538573265075684,3.647961654973386e-10
14,13.125232696533203,12.537845611572266,3.245575683208379e-11
15,13.125221252441406,12.53782844543457,1.255610300177068e-06
15,13.125080108642578,12.537971496582031,7.599826403748011e-06
15,13.124937057495117,12.538115501403809,3.334265841203887e-08
15,13.12479305267334,12.538261413574219,4.251272400779271e-08
15,13.124648094177246,12.538407325744629,7.428884618576603e-09
16,13.124648094177246,12.538407325744629,3.6860974272912017e-09
16,13.124564170837402,12.53816032409668,1.0678444596123882e-05
16,13.124545097351074,12.534788131713867,4.693771552410908e-05
16,13.114446640014648,12.534276962280273,0.0007325179758481681
16,13.104349136352539,12.533754348754883,1.6673088509833178e-07
17,13.104344367980957,12.533758163452148,3.341341994200775e-07
17,13.104338645935059,12.53376293182373,3.762173506061117e-08
17,13.10433292388916,12.533766746520996,1.5377695561369364e-08
17,13.102323532104492,12.52008056640625,0.00037159732892178
17,13.100078582763672,12.506804466247559,1.0954091521853115e-05
18,13.100078582763672,12.50680160522461,7.047804473359065e-08
18,13.100076675415039,12.50680160522461,1.0502975555937155e-07
18,13.096692085266113,12.502653121948242,0.00031183668761514127
18,13.093292236328125,12.49848747253418,8.062692180565989e-11
18,13.089837074279785,12.494338989257812,2.340143510082271e-06
19,13.080704689025879,12.474422454833984,0.000967949687037617
19,13.07155990600586,12.454804420471191,1.7255624129575153e-07
19,13.018680572509766,12.43689250946045,0.0036706815008074045
19,12.963766098022461,12.443363189697266,0.0005836350610479712
19,12.915446281433105,12.44985294342041,1.3391313835597884e-08
20,12.914260864257812,12.44680404663086,0.00015842918946873397
20,12.912171363830566,12.44689655303955,3.412703154026531e-05
20,12.91007137298584,12.446989059448242,1.748526123890315e-08
20,12.907955169677734,12.447084426879883,4.879519224232354e-07
20,12.905827522277832,12.44717788696289,1.397361728550095e-07
21,12.905759811401367,12.44716739654541,6.250955721043283e-06
21,12.905691146850586,12.447155952453613,3.375419055373641e-08
21,12.905622482299805,12.447144508361816,2.660490938666271e-09
21,12.903707504272461,12.415823936462402,0.0006601709173992276
21,12.897260665893555,12.386468887329102,0.00038721502642147243
22,12.897260665893555,12.386468887329102,1.5696622668315285e-08
22,12.897177696228027,12.38635540008545,9.005359970615245e-06
22,12.896964073181152,12.386157035827637,1.2545853678602725e-05
22,12.873692512512207,12.340368270874023,0.0028413119725883007
22,12.85085678100586,12.298481941223145,7.5287266554369126e-06
23,12.85085678100586,12.298481941223145,3.5229124062396977e-09
23,12.850854873657227,12.298482894897461,1.1852503689624427e-07
23,12.850850105285645,12.29848575592041,2.2411437328173633e-07
23,12.850814819335938,12.298504829406738,2.2584379166801227e-06
23,12.85077953338623,12.298523902893066,1.276630329227757e-10
24,12.85074234008789,12.298495292663574,3.6173598800814943e-06
24,12.850690841674805,12.29846477508545,1.1451368209236534e-06
24,12.850639343261719,12.298433303833008,1.1253071807715287e-09
24,12.821638107299805,12.313623428344727,0.002189366612583399
24,12.793655395507812,12.328715324401855,9.560193747759627e-10
25,12.793655395507812,12.328715324401855,4.5626122324726737e-10
25,12.793645858764648,12.328725814819336,5.791095532003965e-07
25,12.793634414672852,12.32873249053955,2.606298323826195e-07
25,12.793606758117676,12.32874870300293,1.075154727914196e-06
25,12.7935791015625,12.328764915466309,2.6320290391623757e-09
26,12.788797378540039,12.330964088439941,0.00034128225524909794
26,12.783806800842285,12.333335876464844,1.2176684322184883e-05
26,12.7786865234375,12.335931777954102,4.9001364459400065e-06
26,12.773544311523438,12.338522911071777,5.089125352242263e-07
26,12.760248184204102,12.331350326538086,0.0007999765803106129
27,12.760248184204102,12.331350326538086,5.86948933900544e-09
27,12.759634017944336,12.331193923950195,4.8593414248898625e-05
27,12.759016990661621,12.331036567687988,1.2997695364447281e-08
27,12.7583589553833,12.330927848815918,1.9083149709331337e-06
27,12.757698059082031,12.330818176269531,1.2196488263782612e-09
28,12.757614135742188,12.33073902130127,7.503183041990269e-06
28,12.75751781463623,12.330648422241211,9.914900829244289e-07
28,12.757421493530273,12.330557823181152,1.6396350943637117e-09
28,12.757323265075684,12.330466270446777,1.2283621231290454e-07
28,12.75715446472168,12.330337524414062,5.561686521105003e-06
29,12.757155418395996,12.330320358276367,1.8437083326716674e-07
29,12.756978034973145,12.329745292663574,2.1793777705170214e-05
29,12.75679874420166,12.329169273376465,4.588869018107289e-08
29,12.75661849975586,12.328590393066406,1.0132764072245948e-10
29,12.756436347961426,12.32800579071045,1.1215217199378458e-07
30,12.754273414611816,12.330025672912598,0.00011742178321583197
30,12.752099990844727,12.33205509185791,2.1623904056244925e-10
30,12.744475364685059,12.332093238830566,0.00040454865666106343
30,12.736834526062012,12.332131385803223,1.514386116507893e-10
30,12.729177474975586,12.332169532775879,4.235848649614127e-08
31,12.729177474975586,12.332169532775879,9.122139488226821e-09
31,12.727094650268555,12.33321475982666,0.00011967369209742174
31,12.724632263183594,12.334376335144043,2.2278436517808586e-05
31,12.72215747833252,12.335543632507324,3.3194975657124814e-08
31,12.719670295715332,12.336716651916504,2.8532816997994814e-08
32,12.719452857971191,12.337003707885742,9.358737770526204e-06
32,12.707503318786621,12.355818748474121,0.0004550608864519745
32,12.695575714111328,12.37440299987793,1.3027388945374696e-07
32,12.683673858642578,12.392763137817383,1.0956123119854055e-08
32,12.671966552734375,12.38955307006836,0.00034018902806565166
33,12.671963691711426,12.389559745788574,6.590195056332959e-08
33,12.671952247619629,12.389569282531738,4.4914463614986744e-07
33,12.660585403442383,12.377121925354004,0.0008673128322698176
33,12.649195671081543,12.364770889282227,1.3045762443653075e-06
33,12.637822151184082,12.352452278137207,1.446978981078928e-09
34,12.637822151184082,12.352452278137207,1.8430429404858728e-09
34,12.635886192321777,12.350724220275879,0.00013412916450761259
34,12.633940696716309,12.348987579345703,5.1956980384737506e-11
34,12.63198184967041,12.347244262695312,2.098308442555208e-07
34,12.630012512207031,12.345484733581543,1.4981218043885747e-07
35,12.630012512207031,12.345484733581543,5.778537648382098e-09
35,12.630012512207031,12.345483779907227,1.8066621976231545e-08
35,12.626856803894043,12.34225082397461,0.00021633837604895234
35,12.623686790466309,12.339003562927246,5.3516213682769376e-09
35,12.620502471923828,12.33574104309082,2.623314010463673e-09
36,12.620100975036621,12.328052520751953,0.0001354975684080273
36,12.619696617126465,12.32034683227539,4.1230393321711745e-08
36,12.618926048278809,12.312642097473145,1.8313330656383187e-05
36,12.618041038513184,12.304184913635254,1.648363468120806e-05
36,12.617152214050293,12.295705795288086,1.1797477128538958e-07
37,12.595147132873535,12.311466217041016,0.000894411641638726
37,12.573566436767578,12.327019691467285,6.85797772348451e-07
37,12.551841735839844,12.342307090759277,2.9621069188578986e-05
37,12.514444351196289,12.339735984802246,0.0011396132176741958
37,12.479263305664062,12.336986541748047,2.4119506178976735e-06
38,12.47926139831543,12.336982727050781,1.3812820043312968e-07
38,12.479259490966797,12.336978912353516,4.639942208228831e-09
38,12.479257583618164,12.336974143981934,3.215728483496605e-08
38,12.478025436401367,12.33334732055664,0.00010899405606323853
38,12.476142883300781,12.32821273803711,5.087503086542711e-05
39,12.476142883300781,12.32821273803711,1.4038570306240672e-09
39,12.476142883300781,12.32821273803711,3.8825591630597955e-09
39,12.465469360351562,12.32498836517334,0.000523136870469898
39,12.453473091125488,12.31067180633545,0.00021793667110614479
39,12.438420295715332,12.29846477508545,0.00010484417725820094
40,12.4384126663208,12.29841423034668,1.0124496157004614e-06
40,12.43840217590332,12.298362731933594,1.4402941417301918e-07
40,12.437993049621582,12.297657012939453,2.538389526307583e-05
40,12.434449195861816,12.294175148010254,0.00016557025082875043
40,12.430880546569824,12.290594100952148,1.5350535704783397e-06
41,12.430397033691406,12.290690422058105,1.7809185010264628e-05
41,12.429910659790039,12.290786743164062,1.307220443003132e-09
41,12.429421424865723,12.290884017944336,2.68728483909797e-10
41,12.428930282592773,12.29098129272461,1.4449774710101337e-08
41,12.428434371948242,12.29096508026123,1.5984359151843819e-06
42,12.428428649902344,12.290964126586914,2.2892756135206582e-07
42,12.428422927856445,12.290963172912598,3.5480087756667444e-09
42,12.428413391113281,12.290964126586914,1.273181879923868e-07
42,12.428403854370117,12.290964126586914,6.161412269278799e-09
42,12.428393363952637,12.290952682495117,1.891771574946688e-07
43,12.428380012512207,12.290961265563965,3.827999819350225e-07
43,12.428589820861816,12.289612770080566,9.28052486415254e-06
43,12.428624153137207,12.28605842590332,3.4912260161945596e-05
43,12.428656578063965,12.28248405456543,1.369386950500484e-07
43,12.428689002990723,12.278892517089844,2.1297392294172823e-08
44,12.42868709564209,12.278885841369629,1.6289843074446253e-07
44,12.42676067352295,12.28168773651123,3.441144872340374e-05
44,12.424824714660645,12.284502029418945,4.877183990004141e-09
44,12.422879219055176,12.28732967376709,6.305327371336489e-09
44,12.42092227935791,12.290162086486816,1.7596511270312476e-07
45,12.414922714233398,12.298447608947754,0.00010656141967047006
45,12.407890319824219,12.308562278747559,1.2076679013262037e-05
45,12.400884628295898,12.31845760345459,1.263859985556337e-06
45,12.393868446350098,12.32831859588623,1.8718161243214126e-07
45,12.386834144592285,12.338179588317871,2.2301714253103455e-08
46,12.386834144592285,12.338179588317871,4.988119362003829e-10
46,12.386720657348633,12.338314056396484,1.8735119056145777e-06
46,12.386584281921387,12.338460922241211,5.563999252444773e-07
46,12.386446952819824,12.338608741760254,6.87610468563804e-10
46,12.386302947998047,12.338754653930664,2.1069456579425605e-07
47,12.386287689208984,12.338741302490234,6.415633606593474e-07
47,12.386367797851562,12.338242530822754,3.0301546303235227e-06
47,12.386102676391602,12.3383207321167,3.4517415770096704e-06
47,12.385836601257324,12.338397979736328,1.9314539301262812e-08
47,12.383916854858398,12.334612846374512,9.641468204790726e-05
48,12.382664680480957,12.30345630645752,0.00043071695836260915
48,12.380794525146484,12.274271011352539,8.20938112156e-06
48,12.378914833068848,12.246124267578125,9.86938619718103e-09
48,12.377022743225098,12.218792915344238,1.7228658180101775e-06
48,12.375121116638184,12.192305564880371,3.439281082151524e-10
49,12.375112533569336,12.192315101623535,9.82695951279311e-08
49,12.372058868408203,12.189282417297363,0.0001271611690754071
49,12.36899185180664,12.186235427856445,2.643067154028955e-10
49,12.365910530090332,12.183175086975098,1.8841874727115737e-09
49,12.362814903259277,12.180098533630371,2.719549918595021e-08
50,12.36281967163086,12.180047988891602,5.558234761338099e-07
50,12.362824440002441,12.179996490478516,2.8289573461570683e-10
50,12.362828254699707,12.17994499206543,7.490804421195207e-09
50,12.362832069396973,12.179888725280762,6.562941479160145e-08
50,12.36262321472168,12.179903984069824,4.671820533985738e-06
51,12.332963943481445,12.164253234863281,0.0010149645386263728
51,12.304397583007812,12.148715019226074,5.634217536965025e-09
51,12.276433944702148,12.124944686889648,0.00012302484537940472
51,12.24887466430664,12.102067947387695,7.495041245419998e-06
51,12.222121238708496,12.079459190368652,4.245854142936878e-06
52,12.22212028503418,12.079459190368652,1.7953716735519265e-08
52,12.222366333007812,12.078932762145996,2.2281344627117505e-06
52,12.222602844238281,12.07840633392334,1.605306323426703e-07
52,12.222826957702637,12.07776165008545,1.758969347065431e-06
52,12.220120429992676,12.077646255493164,4.785001146956347e-05
53,12.220120429992676,12.077646255493164,1.4310538309914023e-09
53,12.220121383666992,12.077635765075684,1.225550789740737e-07
53,12.220122337341309,12.077624320983887,5.883135312245713e-09
53,12.220123291015625,12.077610969543457,1.828925100255674e-08
53,12.220124244689941,12.077597618103027,4.306794476605091e-09
54,12.219566345214844,12.066141128540039,0.00015408563194796443
54,12.218966484069824,12.054641723632812,1.4848156979496707e-06
54,12.217700004577637,12.041738510131836,2.9714941774727777e-05
54,12.216426849365234,12.028878211975098,6.590819556784311e-10
54,12.214841842651367,12.016159057617188,4.015302693005651e-06
55,12.214603424072266,12.016343116760254,1.8043035652226536e-06
55,12.215576171875,12.013900756835938,1.1578190424188506e-05
55,12.216623306274414,12.011251449584961,1.207962782245886e-06
55,12.217630386352539,12.008399963378906,3.066227691306267e-06
55,12.218645095825195,12.005529403686523,2.5331871711387066e-08
56,12.217592239379883,12.004758834838867,2.6990359401679598e-05
56,12.216521263122559,12.003996849060059,8.548437335775816e-08
56,12.215444564819336,12.003231048583984,1.4309502471832047e-09
56,12.214362144470215,12.002460479736328,4.1625232150011016e-09
56,12.21408748626709,11.999831199645996,8.460651770292316e-06
57,12.214003562927246,11.999885559082031,7.210209105323884e-07
57,12.213920593261719,11.999921798706055,1.853554181252548e-07
57,12.213837623596191,11.999958038330078,3.808525050885692e-09
57,12.211732864379883,11.997482299804688,6.082953041186556e-05
57,12.209617614746094,11.9949951171875,4.0018680036446597e-10
58,12.209617614746094,11.9949951171875,7.442930716194951e-10
58,12.208999633789062,11.994413375854492,1.60102681547869e-05
58,12.208378791809082,11.993828773498535,2.3005368443573815e-10
58,12.206891059875488,11.989949226379395,4.964909021509811e-05
58,12.20539665222168,11.986053466796875,1.011894568136995e-09
59,12.205363273620605,11.986041069030762,6.189012538015959e-07
59,12.205318450927734,11.986023902893066,2.2002559774136898e-07
59,12.205273628234863,11.986006736755371,4.882353202284584e-12
59,12.205208778381348,11.985795021057129,2.3935085664561484e-06
59,12.205160140991211,11.9855318069458,3.1089518870430766e-07
60,12.20421314239502,11.986390113830566,4.38262350144214e-06
60,12.203180313110352,11.987196922302246,1.7567572285770439e-06
60,12.202141761779785,11.988006591796875,1.9379372773187242e-08
60,12.201102256774902,11.988759994506836,5.786238830296497e-07
60,12.200112342834473,11.989396095275879,5.074243176750315e-07
61,12.200111389160156,11.989395141601562,1.5517850115998044e-08
61,12.200111389160156,11.98939323425293,8.047551069978454e-09
61,12.20008659362793,11.989185333251953,2.464089675413561e-06
61,12.200182914733887,11.987702369689941,1.1495317266962957e-05
61,12.2002592086792,11.986077308654785,1.6568308183195768e-06
62,12.200237274169922,11.98603630065918,7.074684162944322e-07
62,12.200215339660645,11.985994338989258,3.593181654992783e-11
62,12.199475288391113,11.977997779846191,8.987070759758353e-05
62,12.198731422424316,11.969986915588379,3.91385190923188e-09
62,12.197980880737305,11.961946487426758,1.9931407280182611e-07
63,12.197980880737305,11.961946487426758,6.892442172556912e-10
63,12.197513580322266,11.959867477416992,2.6437714041094296e-05
63,12.196986198425293,11.957791328430176,6.164450496726204e-07
63,12.195474624633789,11.952117919921875,4.734292451757938e-05
63,12.189983367919922,11.93631362915039,0.00014904675481375307
64,12.189982414245605,11.93631362915039,1.3604108062281739e-08
64,12.189940452575684,11.936314582824707,4.796679604623932e-07
64,12.1898832321167,11.936234474182129,9.542651469018892e-07
64,12.189833641052246,11.936047554016113,9.160024774246267e-07
64,12.189789772033691,11.935839653015137,1.2678354721629148e-07
65,12.189789772033691,11.935839653015137,2.541481469719997e-10
65,12.189624786376953,11.93542766571045,5.784881068393588e-06
65,12.189458847045898,11.935012817382812,3.5480587357028526e-09
65,12.189303398132324,11.934556007385254,2.389724613749422e-07
65,12.189144134521484,11.934099197387695,8.805264073430408e-09
66,12.18913745880127,11.934099197387695,8.088564840136314e-08
66,12.189130783081055,11.934099197387695,3.6850859169712535e-11
66,12.189125061035156,11.934096336364746,7.023579495779586e-09
66,12.189016342163086,11.934000968933105,1.9934343526983866e-06
66,12.176335334777832,11.935214042663574,0.00012946898641530424
67,12.176335334777832,11.935214042663574,4.432017686878398e-12
67,12.176331520080566,11.935213088989258,4.246432894206009e-08
67,12.176328659057617,11.935211181640625,6.719340639449456e-09
67,12.176234245300293,11.934564590454102,6.627079528698232e-06
67,12.176139831542969,11.933914184570312,1.5400403174936628e-09
68,12.174224853515625,11.931761741638184,3.8201542338356376e-05
68,12.172301292419434,11.929598808288574,5.044349382643531e-10
68,12.170368194580078,11.927425384521484,2.0780687934318642e-11
68,12.158244132995605,11.909279823303223,0.00023858108033891767
68,12.145611763000488,11.89047908782959,1.2701971172646154e-05
69,12.145611763000488,11.89047908782959,3.4428582207368663e-10
69,12.146000862121582,11.88838005065918,1.4738954632775858e-05
69,12.146391868591309,11.886270523071289,1.1708514713326679e-10
69,12.146784782409668,11.884150505065918,2.857204695061455e-09
69,12.147183418273926,11.882001876831055,1.23869227763862e-07
70,12.147183418273926,11.882000923156738,5.672110336973901e-09
70,12.147183418273926,11.881999969482422,1.695797252621034e-10
70,12.147183418273926,11.881999015808105,4.3670719818145187e-10
70,12.147174835205078,11.882001876831055,3.621743971393698e-08
70,12.14716625213623,11.882003784179688,1.0230833069613254e-08
71,12.14716625213623,11.882002830505371,1.0715585752052448e-08
71,12.14716625213623,11.882001876831055,2.219096240096974e-09
71,12.14716625213623,11.882000923156738,3.2887556566940646e-10
71,12.14716625213623,11.881999015808105,2.3262802795187554e-09
71,12.147164344787598,11.88199520111084,3.3960635192897826e-08
72,12.147164344787598,11.881994247436523,7.641184573969895e-09
72,12.147178649902344,11.881940841674805,3.0882429769008013e-07
72,12.146841049194336,11.881942749023438,2.2692936454404844e-06
72,12.146486282348633,11.881804466247559,1.2119691064071958e-06
72,12.146130561828613,11.881665229797363,7.123716616597164e-10
73,12.146129608154297,11.881664276123047,1.9261687356220136e-08
73,12.146092414855957,11.88166618347168,2.4404388909715635e-07
73,12.146055221557617,11.881668090820312,2.9078016036687693e-11
73,12.145942687988281,11.881534576416016,1.5866229432504042e-06
73,12.145513534545898,11.881208419799805,3.7804006751684938e-06
74,12.145406723022461,11.881163597106934,1.121412879001582e-06
74,12.145298957824707,11.881117820739746,4.461573888114856e-10
74,12.145203590393066,11.881014823913574,3.3519535236337106e-07
74,12.145079612731934,11.880904197692871,2.596363515294797e-07
74,12.144950866699219,11.8807954788208,1.3333360193712451e-08
75,12.144944190979004,11.8807954788208,4.6967162603550605e-08
75,12.143939971923828,11.880757331848145,7.3253490882052574e-06
75,12.142925262451172,11.88070011138916,1.789331491863777e-07
75,12.141592979431152,11.880724906921387,1.5517039173573721e-06
75,12.144877433776855,11.872974395751953,2.480062175891362e-05
76,12.144877433776855,11.872974395751953,1.8270646107154676e-10
76,12.144882202148438,11.872952461242676,1.2318022868385015e-07
76,12.14488697052002,11.872930526733398,4.826835597881995e-10
76,12.144891738891602,11.872907638549805,1.140219030304479e-09
76,12.144950866699219,11.872169494628906,4.656327746488387e-06
77,12.144886016845703,11.872109413146973,8.584665351918375e-07
77,12.144821166992188,11.872048377990723,7.626357878542933e-11
77,12.136892318725586,11.863431930541992,0.00011209046351723373
77,12.128948211669922,11.854804992675781,6.647400685455551e-11
77,12.120989799499512,11.846166610717773,1.263257831674025e-09
78,12.119820594787598,11.8461332321167,6.705597115796991e-06
78,12.118609428405762,11.846073150634766,3.777921335768042e-07
78,12.117392539978027,11.846012115478516,2.6608142772444054e-11
78,12.116168975830078,11.845945358276367,4.213845272715844e-08
78,12.114938735961914,11.845877647399902,7.871664431391423e-10
79,12.114956855773926,11.845833778381348,1.9654295613236172e-07
79,12.114974975585938,11.845785140991211,2.5945604775756692e-08
79,12.115056991577148,11.845643043518066,2.8966078957637365e-07
79,12.11513614654541,11.845495223999023,5.1117048371907003e-08
79,12.115216255187988,11.845346450805664,2.540697652264612e-10
80,12.115216255187988,11.845346450805664,8.044843957666359e-11
80,12.115328788757324,11.843003273010254,1.4469739653577562e-05
80,12.11544132232666,11.840648651123047,1.6836853022894616e-09
80,12.11552906036377,11.838107109069824,1.2396052397889434e-06
80,12.113127708435059,11.832348823547363,3.2518801162950695e-05
81,12.113127708435059,11.832348823547363,2.061674025943816e-10
81,12.113127708435059,11.832348823547363,8.240969018302735e-10
81,12.11309814453125,11.832337379455566,2.1021007512445067e-07
81,12.113067626953125,11.83232593536377,1.7393883642441432e-12
81,12.113044738769531,11.83229923248291,6.102601446400513e-08
82,12.108491897583008,11.833918571472168,1.1454309969849419e-05
82,12.106112480163574,11.830068588256836,2.344841050216928e-05
82,12.103713989257812,11.82618236541748,1.5440338074768079e-07
82,12.10129165649414,11.822271347045898,1.0118236559719662e-07
82,12.098857879638672,11.818343162536621,6.867317270398132e-10
83,12.098857879638672,11.818331718444824,6.528324547616648e-08
83,12.098852157592773,11.818319320678711,3.29915472718767e-08
83,12.098844528198242,11.818304061889648,2.499468365613211e-08
83,12.076492309570312,11.797930717468262,0.00021136220311746
83,12.054298400878906,11.777856826782227,1.0161558066101861e-06
84,12.054158210754395,11.777390480041504,3.048520284210099e-06
84,12.054017066955566,11.776921272277832,8.708178067529104e-10
84,12.053890228271484,11.776420593261719,1.3561442813170288e-07
84,12.052335739135742,11.773110389709473,1.932791928993538e-05
84,12.050773620605469,11.769784927368164,5.658334356617445e-10
85,12.050773620605469,11.769784927368164,1.0101801339867933e-11
85,12.050773620605469,11.769784927368164,9.535101597180073e-10
85,12.048501014709473,11.759659767150879,6.194959132699296e-05
85,12.045568466186523,11.749173164367676,3.315469029985252e-06
85,12.042622566223145,11.738692283630371,2.854819713959955e-10
86,12.039074897766113,11.738261222839355,8.330494893016294e-06
86,12.035587310791016,11.737675666809082,7.224673481687205e-07
86,12.032084465026855,11.73708724975586,3.692613229078212e-11
86,12.028566360473633,11.736495971679688,2.4328314363053494e-10
86,12.024948120117188,11.735675811767578,1.3179134157326189e-06
87,12.024951934814453,11.73567008972168,2.611854910128386e-08
87,12.024955749511719,11.735664367675781,2.1562553131904139e-10
87,12.028975486755371,11.727508544921875,3.979123357567005e-05
87,12.033138275146484,11.719278335571289,1.8660007583548577e-07
87,12.037322044372559,11.711030960083008,1.9846714494065054e-08
88,12.037067413330078,11.71023178100586,4.542868282442214e-06
88,12.036809921264648,11.709426879882812,7.548334401974444e-09
88,12.036551475524902,11.708582878112793,1.8059583339891105e-07
88,12.036233901977539,11.707582473754883,8.652088467897556e-07
88,12.03598690032959,11.706377029418945,9.276621995013556e-07
89,12.03598690032959,11.706377029418945,1.2328976728426255e-09
89,12.03598690032959,11.706377029418945,3.5849828661227434e-10
89,12.036275863647461,11.706191062927246,5.574979127231927e-07
89,12.02684497833252,11.699295997619629,4.649102993425913e-05
89,12.01806354522705,11.691549301147461,3.5389582535572117e-06
90,12.009415626525879,11.676139831542969,8.269594400189817e-05
90,12.000760078430176,11.660833358764648,5.609927633543066e-09
90,11.992093086242676,11.645628929138184,5.212462128589834e-10
90,11.983415603637695,11.630522727966309,6.738947733175848e-10
90,11.974729537963867,11.615480422973633,1.6716890627321845e-07
91,11.97391414642334,11.614413261413574,4.449701464181999e-06
91,11.97309398651123,11.613247871398926,4.5026436623629706e-07
91,11.972270011901855,11.612076759338379,5.7070560083305466e-11
91,11.971434593200684,11.610894203186035,1.8483715891193242e-08
91,11.970586776733398,11.609699249267578,2.562925871529842e-08
92,11.970636367797852,11.609694480895996,7.277098035274321e-08
92,11.973443984985352,11.608988761901855,6.102521638240432e-06
92,11.976264953613281,11.6082763671875,1.6198692165403372e-08
92,11.97909927368164,11.607555389404297,2.1546190609456062e-08
92,11.981947898864746,11.606830596923828,1.3664943621094494e-09
93,11.981927871704102,11.606794357299805,1.5287150745280087e-07
93,11.981901168823242,11.606459617614746,1.3649137144966517e-06
93,11.981874465942383,11.606122970581055,6.889837311785385e-11
93,11.981847763061523,11.60578441619873,4.857774738020737e-10
93,11.981931686401367,11.60530948638916,6.753232355549699e-07
94,11.981931686401367,11.60530948638916,9.613048135292956e-10
94,11.981931686401367,11.60530948638916,5.085823984174453e-10
94,11.981931686401367,11.60530948638916,7.600272494689975e-11
94,11.982053756713867,11.604874610900879,1.9921581042581238e-06
94,11.979317665100098,11.5829439163208,9.520109597360715e-05
95,11.979317665100098,11.5829439163208,3.6643309914152766e-11
95,11.979317665100098,11.5829439163208,5.348297915652722e-10
95,11.976877212524414,11.580641746520996,8.45291287987493e-06
95,11.974425315856934,11.578329086303711,2.6160547686449043e-11
95,11.971962928771973,11.575944900512695,2.594360921648331e-07
96,11.971962928771973,11.575944900512695,1.7112864458823651e-09
96,11.971962928771973,11.575944900512695,2.745601489217986e-12
96,11.972010612487793,11.575901985168457,2.2354086581799493e-07
96,11.972057342529297,11.575855255126953,1.1931770238504669e-08
96,11.9721040725708,11.57580852508545,8.25558545136662e-12
97,11.971805572509766,11.57522201538086,2.1968446617393056e-06
97,11.97126293182373,11.574482917785645,4.13887420336323e-07
97,11.969246864318848,11.57299518585205,1.788968233995547e-06
97,11.967223167419434,11.571478843688965,8.756669700460407e-08
97,11.965189933776855,11.569950103759766,2.130163423430531e-08
98,11.965205192565918,11.569942474365234,4.764097027987191e-08
98,11.962631225585938,11.565258979797363,1.6235764633165672e-05
98,11.960044860839844,11.560556411743164,2.8083093628339384e-09
98,11.957358360290527,11.555604934692383,8.174541221706022e-07
98,11.954660415649414,11.550633430480957,3.567801609705157e-09
99,11.954660415649414,11.55063247680664,4.892673377554502e-09
99,11.95499324798584,11.54819107055664,9.985782526200637e-06
99,11.955327033996582,11.545738220214844,1.0892955981667285e-10
99,11.955665588378906,11.54326057434082,5.770318978193245e-08
99,11.956668853759766,11.54024600982666,2.8625117920455523e-06
100,11.956772804260254,11.539972305297852,1.1696846513586934e-06
100,11.957099914550781,11.527976989746094,4.506831101025455e-05
100,11.957383155822754,11.515862464904785,5.054315010966093e-07
100,11.957677841186523,11.503775596618652,1.4865690012300092e-08
100,11.957974433898926,11.491716384887695,3.847442642257448e-10
101,11.957972526550293,11.491710662841797,1.9392723871192175e-08
101,11.958000183105469,11.491670608520508,1.5891644977727992e-07
101,11.97260856628418,11.48274040222168,4.985811028745957e-05
101,11.987133979797363,11.473800659179688,8.55678930489212e-11
101,12.002355575561523,11.462424278259277,9.236694495484699e-06
102,12.002352714538574,11.462422370910645,7.164122184377675e-09
102,12.002349853515625,11.462419509887695,2.517775987698201e-09
102,12.002339363098145,11.462404251098633,4.650096485647737e-08
102,12.002327919006348,11.462388038635254,6.164465604641123e-10
102,12.001935005187988,11.46181583404541,1.9908441117877373e-06
103,12.001935958862305,11.46181583404541,1.514803504854001e-09
103,12.00195598602295,11.461810111999512,1.6758201937250305e-08
103,12.004389762878418,11.459482192993164,7.965847544255666e-06
103,12.006834983825684,11.45714282989502,1.9828255704013031e-10
103,12.009291648864746,11.454792022705078,1.0902569645698801e-11
104,12.008920669555664,11.443235397338867,3.987644231528975e-05
104,12.010039329528809,11.4185152053833,4.6857134293532e-05
104,12.011308670043945,11.394320487976074,2.7246147737969295e-07
104,12.012584686279297,11.370692253112793,2.7640372629589294e-12
104,12.011916160583496,11.346333503723145,5.400882855610689e-06
105,12.011970520019531,11.344320297241211,7.040905984467827e-06
105,12.012025833129883,11.342297554016113,1.1901493124355511e-09
105,12.010231018066406,11.33915901184082,4.404674200486625e-06
105,12.00837230682373,11.335866928100586,4.939237783219141e-07
105,12.006492614746094,11.33250904083252,1.7798232931909297e-07
106,12.006492614746094,11.33250904083252,2.2278177566614765e-11
106,12.006494522094727,11.332508087158203,4.427514355143103e-09
106,12.00642204284668,11.332489967346191,6.698927990100856e-08
106,12.006172180175781,11.332157135009766,1.0811307902258704e-06
106,12.010063171386719,11.304991722106934,9.198239422403276e-05
107,12.01004695892334,11.304986000061035,2.263881526687328e-08
107,12.010030746459961,11.304980278015137,5.453148488321347e-10
107,12.009995460510254,11.304817199707031,5.274201271276979e-07
107,12.009864807128906,11.304254531860352,1.3446303910313873e-06
107,12.007752418518066,11.303364753723145,1.5426826394104864e-06
108,12.007746696472168,11.30334758758545,5.718434437085307e-08
108,12.00774097442627,11.303330421447754,2.3702986795548497e-10
108,12.007808685302734,11.303091049194336,7.055039077386027e-07
108,12.0078763961792,11.302848815917969,5.153828031012608e-09
108,12.007944107055664,11.302605628967285,1.8049107130754805e-12
109,12.008269309997559,11.301506042480469,3.4526403851486975e-06
109,12.010417938232422,11.298441886901855,5.872549991181586e-06
109,12.012577056884766,11.295363426208496,7.906862942164139e-10
109,12.022598266601562,11.288661003112793,9.035788934852462e-06
109,12.03261947631836,11.281939506530762,1.9944886020528685e-10
110,12.03261947631836,11.281939506530762,1.2900143453453694e-10
110,12.03261947631836,11.281939506530762,3.094677292203585e-13
110,12.044095039367676,11.255658149719238,7.45231009204872e-05
110,12.0521821975708,11.230487823486328,2.2428357624448836e-06
110,12.059938430786133,11.204742431640625,4.614865247276612e-06
111,12.059931755065918,11.20472526550293,6.396459184543346e-08
111,12.059919357299805,11.204657554626465,1.637651507735427e-07
111,12.059906959533691,11.20458984375,1.4409529125458675e-10
111,12.059894561767578,11.204521179199219,2.823981049004942e-09
111,12.059885025024414,11.204449653625488,2.8254723005716187e-09
112,12.059891700744629,11.204426765441895,6.163327270769514e-08
112,12.059901237487793,11.204401016235352,4.579242318669685e-09
112,12.059910774230957,11.204375267028809,3.126512243545321e-11
112,12.06004810333252,11.204205513000488,2.61889283592609e-07
112,12.060187339782715,11.204033851623535,6.022088383517143e-10
113,12.040033340454102,11.175882339477539,0.00011483024718472734
113,12.018562316894531,11.146472930908203,9.02077226783149e-06
113,11.997467994689941,11.118127822875977,2.647531360810973e-10
113,11.976728439331055,11.090729713439941,7.072534780050432e-10
113,11.961730003356934,11.060578346252441,1.5828083633095957e-05
114,11.959832191467285,11.058777809143066,3.971321802964667e-06
114,11.957901954650879,11.05648422241211,1.495549099672644e-06
114,11.957801818847656,11.054110527038574,2.021169848376303e-06
114,11.957700729370117,11.051725387573242,1.103020366016727e-11
114,11.957694053649902,11.049139976501465,6.729416668349586e-07
115,11.957694053649902,11.049139976501465,8.387593397607418e-10
115,11.957697868347168,11.049025535583496,3.4884044453065144e-07
115,11.957701683044434,11.048911094665527,8.077213897728086e-11
115,11.95827865600586,11.048686981201172,8.742733257349755e-07
115,11.958858489990234,11.0484619140625,5.915837264502954e-10
116,11.958942413330078,11.048462867736816,7.440593208229984e-08
116,11.960119247436523,11.048171043395996,1.8631041029948392e-06
116,11.96259880065918,11.047255516052246,2.9756554340565344e-06
116,11.965089797973633,11.046335220336914,2.618194827608278e-10
116,11.967591285705566,11.04541015625,1.2167297169796143e-09
117,11.96740436553955,11.045270919799805,2.709045361370954e-07
117,11.967216491699219,11.045130729675293,1.2394345966226794e-11
117,11.96702766418457,11.044989585876465,7.428339887649571e-11
117,11.966830253601074,11.044842720031738,9.977377146697108e-09
117,11.966650009155273,11.044682502746582,4.7257454838245394e-08
118,11.966615676879883,11.044666290283203,2.211282179587215e-08
118,11.96657943725586,11.044648170471191,2.9625426556378898e-09
118,11.966543197631836,11.04463005065918,6.365463711688335e-13
118,11.966506958007812,11.044611930847168,7.108130924138312e-12
118,11.966469764709473,11.044593811035156,7.868265761157289e-11
119,11.964912414550781,11.043654441833496,1.4899289908498758e-06
119,11.963347434997559,11.04271125793457,1.496323204230876e-11
119,11.96203899383545,11.04177188873291,1.7671416685516306e-07
119,11.960723876953125,11.040826797485352,1.8780030863752017e-09
119,11.959641456604004,11.039653778076172,7.894178111200745e-07
120,11.959646224975586,11.039628028869629,7.386517353324962e-08
120,11.959698677062988,11.039607048034668,2.3831804085716612e-08
120,11.959708213806152,11.039545059204102,7.258560685841076e-08
120,11.960371017456055,11.039342880249023,8.932340733736055e-07
120,11.961040496826172,11.039135932922363,1.3396632247975049e-08
121,11.961040496826172,11.039135932922363,6.51001405560514e-11
121,11.961919784545898,11.038581848144531,2.1054574972367845e-06
121,11.96280288696289,11.038023948669434,2.5651274437876737e-09
121,11.963689804077148,11.037463188171387,9.25270450535809e-12
121,11.965267181396484,11.035890579223633,3.047827249247348e-06
122,11.965267181396484,11.035890579223633,7.828668269205252e-11
122,11.965019226074219,11.035771369934082,1.335373269739648e-07
122,11.964770317077637,11.035651206970215,3.611207687048701e-12
122,11.964520454406738,11.035531044006348,2.3729117629156526e-12
122,11.964268684387207,11.035409927368164,2.583402936018331e-10
123,11.964271545410156,11.035408020019531,5.6383000490711765e-09
123,11.964265823364258,11.035385131835938,4.61827660558356e-08
123,11.964259147644043,11.035362243652344,2.3771959400953335e-10
123,11.964252471923828,11.03533935546875,1.1689459122887769e-10
123,11.964247703552246,11.03531551361084,1.0218906831838126e-09
124,11.96424674987793,11.035314559936523,1.496116897037325e-09
124,11.964245796203613,11.035313606262207,2.1204980479860858e-11
124,11.964197158813477,11.035286903381348,2.9133859769103765e-08
124,11.964153289794922,11.035261154174805,2.2548583000769895e-09
124,11.963526725769043,11.034941673278809,3.1394199595524697e-07
125,11.965499877929688,11.034889221191406,1.4120104196990724e-06
125,11.9756498336792,11.0219144821167,3.540039688232355e-05
125,11.972591400146484,10.990419387817383,4.075318429386243e-05
125,11.974605560302734,10.938508033752441,7.066995021887124e-05
125,11.976630210876465,10.892252922058105,6.84143575124807e-11
126,11.976630210876465,10.892252922058105,3.9176398236584475e-10
126,11.976643562316895,10.891793251037598,1.267316974917776e-06
126,11.976658821105957,10.891329765319824,5.6822391236721614e-09
126,11.975170135498047,10.888250350952148,6.495459274447057e-06
126,11.973690032958984,10.885156631469727,5.697237348556428e-09
127,11.97417163848877,10.88514232635498,2.5519943847029936e-07
127,11.974655151367188,10.885127067565918,9.1408397517867e-10
127,11.975144386291504,10.885111808776855,1.5692742660888825e-09
127,11.975634574890137,10.885096549987793,5.761572330342801e-10
127,11.976125717163086,10.885078430175781,6.214252223912808e-09
128,11.976125717163086,10.885078430175781,2.8068050661467225e-10
128,11.976125717163086,10.885078430175781,6.203754177036558e-11
128,11.976125717163086,10.885078430175781,8.220052416518797e-11
128,11.976968765258789,10.885055541992188,3.8953675129960175e-07
128,11.977816581726074,10.885032653808594,1.8630970030630856e-11
129,11.977816581726074,10.885032653808594,5.1205272660892476e-11
129,11.977816581726074,10.885031700134277,1.1754286433074412e-09
129,11.977776527404785,10.88494873046875,1.9353326763393852e-07
129,11.979110717773438,10.88428783416748,1.9372828319319524e-06
129,11.983899116516113,10.88345718383789,1.567795379742165e-06
130,11.983906745910645,10.883455276489258,7.301619753263822e-09
130,11.982251167297363,10.883007049560547,6.746649887645617e-07
130,11.98058795928955,10.882555961608887,7.251559908105776e-10
130,11.97891616821289,10.882102012634277,2.344156257994001e-10
130,11.977869033813477,10.881601333618164,3.182688601555128e-07
131,11.977869033813477,10.881601333618164,8.132244010139456e-12
131,11.97786808013916,10.881601333618164,3.0477728674149773e-10
131,11.964115142822266,10.871986389160156,1.829806569730863e-05
131,11.950423240661621,10.862367630004883,5.945030578935473e-10
131,11.936790466308594,10.852745056152344,4.953697174681082e-11
132,11.937914848327637,10.85252857208252,1.602343672857387e-06
132,11.945815086364746,10.838468551635742,3.845599349006079e-05
132,11.9537992477417,10.824490547180176,2.639550977789895e-08
132,11.961797714233398,10.810578346252441,7.634524089306094e-12
132,11.969840049743652,10.796706199645996,7.412131708406378e-08
133,11.970012664794922,10.7966947555542,1.0547040574238054e-07
133,11.970185279846191,10.79668140411377,3.912919321891195e-09
133,11.969427108764648,10.787575721740723,1.9288041585241444e-05
133,11.96866512298584,10.778462409973145,8.176896659772837e-11
133,11.967899322509766,10.769341468811035,1.3568221199355968e-11
134,11.967933654785156,10.76933765411377,2.513530894532323e-08
134,11.967968940734863,10.769333839416504,5.963644855722094e-11
134,11.967998504638672,10.769323348999023,1.0269043393407173e-08
134,11.969273567199707,10.768770217895508,1.6998346836771816e-06
134,11.959840774536133,10.760595321655273,1.0710863534768578e-05
135,11.95984172821045,10.760595321655273,1.296976970266428e-09
135,11.959842681884766,10.760595321655273,1.0081753140656069e-11
135,11.961139678955078,10.760229110717773,1.4856938150842325e-06
135,11.963590621948242,10.75887393951416,2.597572802187642e-06
135,11.966052055358887,10.757511138916016,1.2835827956081403e-09
136,11.966048240661621,10.75750732421875,5.209698006325425e-09
136,11.966044425964355,10.757503509521484,1.1584815745591115e-10
136,11.966045379638672,10.757489204406738,2.295911194494238e-08
136,11.966045379638672,10.757469177246094,1.040061725632313e-08
136,11.965712547302246,10.757267951965332,1.874629163012287e-07
137,11.965725898742676,10.75724983215332,4.091009131457213e-08
137,11.965739250183105,10.757200241088867,5.978397865646912e-08
137,11.965760231018066,10.757147789001465,6.997605606073876e-09
137,11.965781211853027,10.757095336914062,5.506832767565584e-10
137,11.965802192687988,10.757041931152344,7.51336406284997e-12
138,11.965174674987793,10.753824234008789,5.684255029336782e-06
138,11.964564323425293,10.750585556030273,2.2064481797201552e-08
138,11.963950157165527,10.747332572937012,1.1171159830514199e-10
138,11.963523864746094,10.744014739990234,1.8327843065435445e-07
138,11.963095664978027,10.740681648254395,3.1218375107222585e-11
139,11.962979316711426,10.740307807922363,6.060558916942682e-07
139,11.962862968444824,10.7399320602417,2.2706959923457504e-10
139,11.962745666503906,10.739554405212402,6.30921079269875e-11
139,11.96263599395752,10.739171981811523,1.0000585248803873e-08
139,11.954471588134766,10.727747917175293,1.5368612366728485e-05
140,11.954472541809082,10.727747917175293,4.752813698161162e-10
140,11.954473495483398,10.727747917175293,1.6382144252258257e-10
140,11.954480171203613,10.727746963500977,4.31805391443163e-09
140,11.954486846923828,10.72774600982666,8.374734933314087e-12
140,11.954684257507324,10.727590560913086,3.6965400340704946e-07
141,11.954683303833008,10.727584838867188,9.868805328494545e-09
141,11.949867248535156,10.724906921386719,1.6803896869532764e-06
141,11.945038795471191,10.722208976745605,1.6002605462972497e-08
141,11.940192222595215,10.719498634338379,2.983273350576354e-10
141,11.935484886169434,10.716288566589355,9.076273954633507e-07
142,11.935600280761719,10.716278076171875,1.0899240976414148e-07
142,11.935300827026367,10.715906143188477,2.471387858804519e-07
142,11.934920310974121,10.715142250061035,5.548276362787874e-07
142,11.934534072875977,10.714366912841797,9.496189612434591e-09
142,11.934146881103516,10.713586807250977,1.3232139828289746e-09
143,11.934139251708984,10.7135591506958,3.7136995700848274e-08
143,11.93396282196045,10.709981918334961,5.363293439586414e-06
143,11.933785438537598,10.706389427185059,1.8195206452631396e-10
143,11.933625221252441,10.702770233154297,2.9576801452435575e-08
143,11.93349838256836,10.699067115783691,1.3006047083763406e-07
144,11.933497428894043,10.699066162109375,7.854022987530129e-10
144,11.933502197265625,10.699064254760742,5.095815325262265e-09
144,11.933512687683105,10.699064254760742,1.9944277340755434e-09
144,11.933523178100586,10.699064254760742,2.8040314514754527e-10
144,11.933533668518066,10.699064254760742,2.349744288032696e-10
145,11.93908405303955,10.70031452178955,2.431334223729209e-06
145,11.944653511047363,10.701570510864258,1.3470463893633378e-12
145,11.954228401184082,10.701696395874023,4.186398200545227e-06
145,11.963807106018066,10.701823234558105,1.0825786794788073e-10
145,11.966537475585938,10.694990158081055,7.149775228754152e-06
146,11.9693021774292,10.695306777954102,6.044606948307774e-07
146,11.97208023071289,10.695625305175781,9.09622420788847e-13
146,11.976210594177246,10.694913864135742,1.871792505880876e-06
146,11.980859756469727,10.69407844543457,3.027753621154261e-07
146,11.985527992248535,10.693238258361816,5.7619103932538e-10
147,11.985527992248535,10.693238258361816,1.5874317138564464e-10
147,11.985505104064941,10.693222999572754,1.7692100229282914e-08
147,11.98549747467041,10.693188667297363,2.7552385262197276e-08
147,11.985489845275879,10.693154335021973,3.4246527055165066e-12
147,11.98592758178711,10.693053245544434,1.6145953907198418e-07
148,11.98592758178711,10.693053245544434,1.0929155800851187e-12
148,11.98592758178711,10.693053245544434,1.1075616986044867e-11
148,11.992155075073242,10.690028190612793,4.976322998118121e-06
148,11.998547554016113,10.686905860900879,1.2321802955739258e-07
148,12.017216682434082,10.679438591003418,5.89408227824606e-06
149,12.017216682434082,10.679438591003418,6.686429881996858e-11
149,12.017216682434082,10.679438591003418,2.6087663279605877e-11
149,12.017215728759766,10.679438591003418,5.377039924425731e-10
149,12.017313957214355,10.674535751342773,6.240493348741438e-06
149,12.017413139343262,10.6696138381958,1.843782423830223e-13
150,12.017416000366211,10.669551849365234,7.61318119657517e-08
150,12.017419815063477,10.669483184814453,8.488621361379955e-09
150,12.017423629760742,10.669411659240723,2.312375180224535e-09
150,12.015528678894043,10.665355682373047,5.2413333833101206e-06
150,12.013623237609863,10.661282539367676,3.610659826680518e-10
151,12.012199401855469,10.661173820495605,3.317036316730082e-07
151,12.01076889038086,10.661064147949219,2.599350734655559e-10
151,11.998686790466309,10.658612251281738,3.967349584854674e-06
151,11.98217487335205,10.65518856048584,1.0702359531933325e-06
151,11.965803146362305,10.651749610900879,1.7953055708730403e-11
152,11.965803146362305,10.651749610900879,2.70373723409989e-10
152,11.965803146362305,10.651749610900879,4.3646881248138314e-11
152,11.965816497802734,10.65174674987793,7.739072493961885e-09
152,11.965829849243164,10.65174388885498,4.721313964783924e-11
152,11.96584415435791,10.651741027832031,2.394018837337253e-11
153,11.959155082702637,10.646411895751953,3.678188022604445e-06
153,11.952447891235352,10.641063690185547,2.0147983281759707e-10
153,11.945769309997559,10.635701179504395,1.732360566109037e-08
153,11.939082145690918,10.630318641662598,6.525755047448456e-09
153,11.932398796081543,10.62470817565918,2.3771282542384142e-07
154,11.932757377624512,10.624856948852539,8.52385184657578e-08
154,11.934159278869629,10.619464874267578,6.525535354739986e-06
154,11.937947273254395,10.610574722290039,5.1903216444770806e-06
154,11.94172191619873,10.601601600646973,5.829055282902118e-08
154,11.945513725280762,10.592619895935059,4.3205802824353157e-10
155,11.948586463928223,10.589580535888672,4.649381025956245e-06
155,11.95167350769043,10.586527824401855,3.817943357298237e-12
155,11.954773902893066,10.583460807800293,2.5516830315375216e-10
155,11.958026885986328,10.58039379119873,4.6739042858234825e-08
155,11.961291313171387,10.577292442321777,1.8125831502402434e-08
156,11.961292266845703,10.577291488647461,1.6067918107154355e-09
156,11.96129322052002,10.577289581298828,2.1728617169425313e-11
156,11.961318969726562,10.5772705078125,2.569441726052446e-08
156,11.961344718933105,10.577251434326172,5.249895136671956e-12
156,11.961164474487305,10.57709789276123,4.9862386219956534e-08
157,11.961165428161621,10.57709789276123,3.0525570959838433e-10
157,11.961139678955078,10.577065467834473,2.0534070444000463e-08
157,11.964674949645996,10.574745178222656,3.3657968288025586e-06
157,11.96796989440918,10.572139739990234,1.6466849217522395e-07
157,11.967781066894531,10.563654899597168,4.258563421899453e-06
158,11.967782020568848,10.563653945922852,1.230381907468825e-09
158,11.976821899414062,10.543314933776855,2.0864659745711833e-05
158,11.985869407653809,10.52328109741211,6.545976205529769e-09
158,12.003400802612305,10.495882987976074,8.141123544191942e-06
158,12.024849891662598,10.467790603637695,1.2991108633286785e-06
159,12.024826049804688,10.467782974243164,1.1397890631315022e-08
159,12.024805068969727,10.4677734375,1.0302791952909729e-09
159,12.024755477905273,10.467679977416992,7.366890741877796e-08
159,12.02470588684082,10.467586517333984,2.030365632565978e-11
159,12.024649620056152,10.467487335205078,5.367823963098317e-09
160,12.024649620056152,10.467487335205078,7.056469297772594e-11
160,12.024648666381836,10.467487335205078,1.9780220517073843e-10
160,12.02464771270752,10.467487335205078,3.955385324827532e-11
160,12.024796485900879,10.46742057800293,1.827553397504289e-08
160,12.024945259094238,10.467353820800781,4.2480727269200713e-10
161,12.024971008300781,10.467323303222656,1.7447389311087136e-08
161,12.024996757507324,10.467292785644531,2.7264716634563257e-13
161,12.025022506713867,10.467262268066406,3.02829462894838e-11
161,12.024524688720703,10.467300415039062,6.273443631243936e-08
161,12.02402400970459,10.467338562011719,9.30123339459854e-11
162,12.024023056030273,10.467338562011719,2.659618358880067e-10
162,12.024027824401855,10.467334747314453,1.683232442317717e-09
162,12.024026870727539,10.467329025268555,2.1438013586561055e-09
162,12.024023056030273,10.46731948852539,3.5900109551789683e-09
162,12.023687362670898,10.466829299926758,4.210561428408255e-07
163,12.023527145385742,10.466680526733398,1.4046935348233092e-07
163,12.02336597442627,10.466530799865723,1.875650607052748e-10
163,12.02311897277832,10.465545654296875,6.199963991093682e-07
163,12.022866249084473,10.464536666870117,1.438558250299593e-08
163,12.022607803344727,10.463520050048828,2.703683277260893e-09
164,12.021717071533203,10.463106155395508,4.585966735248803e-07
164,12.020812034606934,10.462691307067871,1.1863057203242988e-09
164,12.01906967163086,10.462069511413574,2.846487348051596e-07
164,12.027920722961426,10.4467191696167,8.702443665242754e-06
164,12.036782264709473,10.431471824645996,3.070081688871795e-10
165,12.03652286529541,10.431547164916992,2.795391296217531e-08
165,12.036263465881348,10.431619644165039,1.3581032964893325e-09
165,12.036002159118652,10.431693077087402,4.558829008738385e-12
165,12.031781196594238,10.430129051208496,2.2012757199263433e-06
165,12.027517318725586,10.428094863891602,3.038587976789131e-07
166,12.014327049255371,10.42392349243164,5.553272785618901e-06
166,12.001192092895508,10.419733047485352,6.342282254934162e-10
166,11.987019538879395,10.414688110351562,5.293439357956231e-07
166,11.972918510437012,10.409624099731445,5.953792320267937e-11
166,11.958888053894043,10.404541015625,6.950549025219743e-10
167,11.958888053894043,10.404541015625,1.8400761817027877e-11
167,11.958683967590332,10.403976440429688,2.6232430627715075e-07
167,11.958478927612305,10.403409004211426,3.0018373203821724e-11
167,11.958272933959961,10.402838706970215,8.278746611856125e-13
167,11.9580717086792,10.402264595031738,2.549437327914461e-09
168,11.961649894714355,10.400156021118164,2.3809145659470232e-06
168,11.965469360351562,10.396061897277832,1.1823926797660533e-06
168,11.969305038452148,10.391950607299805,1.3815767974101334e-10
168,11.97315788269043,10.387822151184082,5.926171359194043e-11
168,11.97702693939209,10.383676528930664,1.9626980162640306e-12
169,11.977133750915527,10.383679389953613,1.7167938182183207e-08
169,11.980565071105957,10.383782386779785,5.286149189487332e-07
169,11.98401165008545,10.383886337280273,1.4172207678242454e-11
169,11.987473487854004,10.383990287780762,3.4538191751032343e-11
169,11.990740776062012,10.383970260620117,4.5244913593478486e-08
170,11.990740776062012,10.383970260620117,2.021411683872376e-11
170,11.991157531738281,10.38382339477539,1.0471707412307296e-07
170,11.9915771484375,10.383675575256348,1.9683599195019497e-10
170,11.99211597442627,10.383522033691406,9.928919908475109e-09
170,11.992657661437988,10.383367538452148,8.72273520774458e-12
171,11.992654800415039,10.383365631103516,7.44949546493956e-10
171,11.992802619934082,10.383111000061035,1.3556990552388015e-07
171,11.992953300476074,10.382850646972656,1.9708010778884955e-09
171,11.993278503417969,10.382194519042969,2.0535772193852608e-07
171,11.993600845336914,10.381525039672852,4.52476012213765e-09
172,11.99372386932373,10.381427764892578,5.3442292369254574e-08
172,11.993847846984863,10.381330490112305,7.52986065969026e-14
172,11.993971824645996,10.381232261657715,2.2649325991108693e-12
172,11.994096755981445,10.381133079528809,8.022263409124264e-11
172,11.992847442626953,10.380155563354492,3.652833697742608e-07
173,11.988543510437012,10.371902465820312,3.73797956854105e-06
173,11.984222412109375,10.363636016845703,3.331827869157422e-10
173,11.978590965270996,10.354836463928223,9.69337250467106e-08
173,11.972940444946289,10.346027374267578,5.467373082046478e-12
173,11.96727180480957,10.33720874786377,1.6562214100179773e-10
174,11.967263221740723,10.337201118469238,1.539620764212657e-09
174,11.967272758483887,10.337187767028809,6.0782507915746464e-09
174,11.972066879272461,10.336345672607422,1.4047232070879545e-06
174,12.001949310302734,10.32059383392334,1.1228973562538158e-05
174,12.0306978225708,10.304952621459961,2.1936674698963543e-09
175,12.030696868896484,10.304952621459961,1.0957737495154163e-10
175,12.030695915222168,10.304952621459961,2.041144475661838e-10
175,12.030597686767578,10.304954528808594,2.0918237808587037e-08
175,12.030550956726074,10.30477523803711,5.6251408864227415e-08
175,12.03050422668457,10.304594993591309,1.6280331249785007e-10
176,12.03050422668457,10.304594993591309,2.1744151618152685e-11
176,12.03050422668457,10.304594993591309,2.4461819288917885e-12
176,12.03050422668457,10.304594993591309,6.318193190857357e-11
176,12.03050422668457,10.304594039916992,1.8832332915330596e-10
176,12.029333114624023,10.301335334777832,1.4359701481225784e-06
177,12.025859832763672,10.301974296569824,4.821312700187264e-07
177,12.022371292114258,10.302616119384766,1.4741796672268492e-10
177,12.018867492675781,10.303260803222656,2.1710640230043765e-10
177,12.00139045715332,10.298196792602539,3.881728844135068e-06
177,11.984038352966309,10.293107032775879,2.8677999974746626e-09
178,11.984038352966309,10.293107032775879,1.9467663592287465e-11
178,11.983992576599121,10.292999267578125,3.125000702652869e-08
178,11.983946800231934,10.292890548706055,2.1787843751397418e-10
178,11.986241340637207,10.291769027709961,5.982893185318972e-07
178,11.986845016479492,10.288827896118164,4.407451399401907e-07
179,11.986845016479492,10.288827896118164,1.1707932366655793e-11
179,11.995473861694336,10.284371376037598,2.22518451664655e-06
179,12.004114151000977,10.27989673614502,2.0300015141083705e-11
179,12.012871742248535,10.275247573852539,4.618373949938359e-08
179,12.022383689880371,10.269903182983398,1.4235257594918949e-07
180,12.02242660522461,10.269710540771484,5.113738410500446e-08
180,12.02245807647705,10.269519805908203,1.0498891755972295e-09
180,12.022491455078125,10.269327163696289,1.1444003383820345e-10
180,12.0225248336792,10.269132614135742,2.7117516565589028e-11
180,12.02254581451416,10.26893138885498,3.6615210863288894e-09
181,12.02254581451416,10.26893138885498,2.7045071043785285e-11
181,12.02254581451416,10.26893138885498,7.169863119015074e-13
181,12.02254581451416,10.26893138885498,1.761780131503965e-11
181,12.02254581451416,10.26893138885498,3.7061374802416225e-11
181,12.022549629211426,10.26890754699707,6.092551352310238e-09
182,12.015475273132324,10.257603645324707,4.2669598769862205e-06
182,12.008380889892578,10.24631404876709,6.293470189433492e-10
182,12.00126838684082,10.235040664672852,1.4781741802805115e-11
182,11.99417495727539,10.223774909973145,1.4323918717806805e-09
182,11.987064361572266,10.2125244140625,1.1937624500024668e-11
183,11.987133979797363,10.21252155303955,6.312871114744212e-09
183,11.987197875976562,10.212512969970703,8.538435514182652e-10
183,11.987261772155762,10.212504386901855,4.3168451452357814e-11
183,11.987325668334961,10.212495803833008,2.722353375714248e-12
183,11.987394332885742,10.212485313415527,6.104377558990848e-10
184,11.987394332885742,10.212485313415527,1.7786494499461014e-11
184,11.98740005493164,10.212484359741211,6.979892774872098e-10
184,11.987410545349121,10.212480545043945,8.217669877907952e-10
184,11.987421989440918,10.212477684020996,5.331038735456595e-11
184,11.987434387207031,10.212474822998047,3.626493896846661e-11
185,11.987434387207031,10.212474822998047,6.730148556510773e-12
185,11.987730979919434,10.212409973144531,3.635867074081034e-08
185,11.988029479980469,10.2123441696167,1.3739792723704847e-12
185,11.98832893371582,10.212278366088867,1.1607805862345888e-11
185,11.988631248474121,10.212207794189453,1.0277512174639014e-09
186,11.988631248474121,10.212207794189453,1.6492714041260043e-13
186,11.988631248474121,10.212207794189453,4.1820037016693234e-12
186,11.988899230957031,10.211936950683594,7.359862763678393e-08
186,11.989301681518555,10.211587905883789,2.4497175843407604e-08
186,11.989801406860352,10.21102523803711,4.9001609880861e-08
187,11.989801406860352,10.21102523803711,8.049780980678989e-11
187,11.989802360534668,10.211023330688477,3.446448404442748e-10
187,11.990318298339844,10.211033821105957,2.759455597356464e-08
187,11.990837097167969,10.211044311523438,9.145413376251965e-13
187,11.991358757019043,10.211054801940918,1.0851774340236986e-11
188,11.991338729858398,10.21104621887207,6.883916214839303e-10
188,11.988877296447754,10.196544647216797,2.7598164251685375e-06
188,11.988227844238281,10.179264068603516,6.591650958398532e-07
188,11.992650985717773,10.16109848022461,5.180081075195631e-07
188,11.997108459472656,10.143134117126465,1.3011931532247445e-09
189,11.997108459472656,10.143134117126465,2.4652250726897584e-11
189,11.997108459472656,10.143134117126465,8.254055425260809e-12
189,11.997108459472656,10.143134117126465,1.386969749120337e-12
189,11.996012687683105,10.14226245880127,1.0184847099026229e-07
189,11.99492359161377,10.141386032104492,2.144484728683338e-10
190,11.995010375976562,10.141341209411621,8.259535277943542e-09
190,11.995097160339355,10.14129638671875,2.562415882777225e-13
190,11.995183944702148,10.141251564025879,7.222400628947856e-12
190,11.995271682739258,10.141206741333008,1.037204089976429e-11
190,11.99537467956543,10.141160011291504,5.41184319580168e-10
191,11.996689796447754,10.141007423400879,5.1419679181208267e-08
191,11.998011589050293,10.140854835510254,7.994368188268819e-12
191,11.999340057373047,10.140701293945312,2.449626439193775e-12
191,12.000675201416016,10.140546798706055,2.9711170047679036e-13
191,12.001729965209961,10.13917064666748,1.559128151029654e-07
192,12.001712799072266,10.139169692993164,2.7403185276497766e-10
192,11.994471549987793,10.13550853729248,5.18246622505103e-07
192,11.987213134765625,10.131831169128418,7.467700069430094e-11
192,11.979939460754395,10.128137588500977,4.9535840707104484e-11
192,11.972647666931152,10.124420166015625,9.296864944552397e-10
193,11.972532272338867,10.123547554016113,7.929465795086799e-08
193,11.972415924072266,10.122671127319336,4.235911101047041e-12
193,11.975598335266113,10.12232494354248,3.947054949549056e-07
193,11.978702545166016,10.121771812438965,1.0326257182668996e-08
193,11.981870651245117,10.121240615844727,2.6973256961326797e-09
194,12.00146770477295,10.113816261291504,2.5464119062235113e-06
194,12.018667221069336,10.099397659301758,7.077937880239915e-07
194,12.0346040725708,10.085357666015625,8.106817972475255e-08
194,12.050419807434082,10.071385383605957,5.741785627684515e-13
194,12.066117286682129,10.057477951049805,2.8831886877966895e-10
