Iteration,M2,D2,Loss,Time,Gradient Norm
0,12.590357780456543,10.506685256958008,7.864819053793326e-07,0.020519018173217773,2.0168823766653077e-07
0,12.583447456359863,10.511931419372559,8.214593449906715e-10,0.043740034103393555,2.0173710879589635e-07
0,12.575372695922852,10.5079345703125,9.175320201393333e-07,0.06878399848937988,1.7244686034700862e-07
0,12.56542682647705,10.51762580871582,1.910177707031835e-05,0.08737897872924805,3.612512955442071e-06
0,12.558358192443848,10.524565696716309,3.3934255405654312e-09,0.1057291030883789,3.6142948829365196e-06
0,12.550782203674316,10.52230453491211,1.4610818652727176e-05,0.12387681007385254,1.2035650343023008e-06
0,12.544719696044922,10.519965171813965,6.24378699853878e-08,0.14212393760681152,1.2752959719364299e-06
0,12.53951644897461,10.517680168151855,5.647548206866304e-09,0.15996193885803223,1.2739744761347538e-06
0,12.534754753112793,10.514394760131836,1.3474530078383395e-06,0.17770791053771973,1.931369979502051e-06
0,12.530438423156738,10.511262893676758,1.265358512414494e-10,0.1959691047668457,1.931352926476393e-06
0,12.526453018188477,10.508243560791016,6.533488772220153e-08,0.21433091163635254,1.9444487406872213e-06
0,12.522727012634277,10.505461692810059,5.565330596368767e-08,0.2327430248260498,1.8575125295683392e-06
0,12.519071578979492,10.5038480758667,1.4311335689853877e-06,0.251384973526001,1.086395855054434e-06
0,12.51555061340332,10.502400398254395,8.112768909995793e-07,0.27005505561828613,9.801904070627643e-07
0,12.512214660644531,10.50096321105957,1.1113570064225087e-09,0.28905701637268066,9.789855539565906e-07
0,12.508322715759277,10.501538276672363,8.784190868027508e-06,0.30797386169433594,3.9026440390443895e-07
0,12.504679679870605,10.502100944519043,5.90571236358528e-09,0.3264777660369873,3.8094762544460536e-07
0,12.500067710876465,10.49664306640625,1.9488692487357184e-05,0.34485578536987305,4.3981299313600175e-06
0,12.495781898498535,10.491856575012207,1.4306526736618252e-06,0.3639190196990967,4.378705853014253e-06
0,12.48990249633789,10.483614921569824,4.504321259446442e-05,0.3826889991760254,1.3358871001400985e-05
1,12.48990249633789,10.483616828918457,1.570309438037043e-09,2.599010944366455,2.5808817305517096e-09
1,12.489901542663574,10.483609199523926,1.1207328398654681e-08,2.618705987930298,1.1651357212372204e-08
1,12.489897727966309,10.483613967895508,4.7015973336783645e-08,2.638286828994751,7.619055608643066e-09
1,12.489893913269043,10.48361873626709,4.839578737758643e-10,2.657761812210083,7.57364038150854e-09
1,12.489890098571777,10.483623504638672,1.17835685653489e-10,2.6772079467773438,7.617418695815559e-09
1,12.489886283874512,10.483628273010254,7.066186828372234e-13,2.6966710090637207,7.619306074957422e-09
1,12.489882469177246,10.483633041381836,3.2567326613275327e-10,2.7150158882141113,7.54796225521659e-09
1,12.489497184753418,10.483871459960938,6.378797024808591e-06,2.73321795463562,3.7137766639716574e-07
1,12.489097595214844,10.48410415649414,2.1167906538721581e-07,2.7518019676208496,3.6061194919057016e-07
1,12.488696098327637,10.48434066772461,1.163759577593737e-08,2.7702858448028564,3.6444330930862634e-07
1,12.488292694091797,10.484578132629395,9.789904442669695e-10,2.7887990474700928,3.650170299351885e-07
1,12.487887382507324,10.48481559753418,1.2006770688799406e-08,2.807682991027832,3.631482172750111e-07
1,12.487480163574219,10.4850492477417,5.618530529716281e-09,2.826590061187744,3.553182921223197e-07
1,12.486710548400879,10.481345176696777,7.524993179686135e-06,2.8449199199676514,6.040083007974317e-06
1,12.48593521118164,10.477855682373047,7.087262332561295e-08,2.8631739616394043,6.045011105015874e-06
1,12.48515796661377,10.474547386169434,3.322270930583571e-11,2.88126802444458,6.045001555321505e-06
1,12.484156608581543,10.47206974029541,3.3356104722770397e-06,2.899359941482544,4.650629762181779e-06
1,12.483155250549316,10.469654083251953,1.823701606396e-11,2.9175901412963867,4.650611117540393e-06
1,12.48215389251709,10.467294692993164,3.909087463449534e-12,2.935851812362671,4.650616119761253e-06
1,12.481152534484863,10.464987754821777,8.481358948486672e-10,2.954469919204712,4.650636128644692e-06
2,12.481152534484863,10.464987754821777,2.5482160825873734e-10,2.9732398986816406,6.58016141574791e-11
2,12.481146812438965,10.46495532989502,1.0950560636047157e-07,2.991816997528076,6.500437876866272e-08
2,12.480079650878906,10.461579322814941,1.8686036128201522e-05,3.010313034057617,7.125184765754966e-06
2,12.479013442993164,10.458367347717285,2.5264816905234966e-09,3.029035806655884,7.1254476097237784e-06
2,12.477948188781738,10.45529556274414,6.49504200422868e-11,3.0475568771362305,7.125441698008217e-06
2,12.476831436157227,10.452292442321777,8.698998499312438e-07,3.066326141357422,7.2677285061217844e-06
2,12.475712776184082,10.449395179748535,5.953360115995565e-08,3.0855140686035156,7.291620477190008e-06
2,12.47459602355957,10.446599960327148,3.860794062920947e-12,3.104253053665161,7.291630026884377e-06
2,12.473474502563477,10.443893432617188,9.480809382012012e-08,3.1230080127716064,7.298736818484031e-06
2,12.472304344177246,10.441343307495117,7.645370487807668e-07,3.141618013381958,7.078336238919292e-06
2,12.471136093139648,10.438859939575195,1.9084386848611246e-10,3.1601901054382324,7.078647740854649e-06
2,12.469969749450684,10.436439514160156,4.959577193375253e-09,3.1788880825042725,7.0784567469672766e-06
2,12.467604637145996,10.43852424621582,1.7050982933142222e-05,3.1974191665649414,6.20249693383812e-06
2,12.465262413024902,10.440624237060547,4.779320761372219e-07,3.216188907623291,6.359480266837636e-06
2,12.462970733642578,10.442689895629883,2.7879021313736985e-09,3.234834909439087,6.359991857607383e-06
2,12.460612297058105,10.445069313049316,1.801546773094742e-06,3.253371000289917,7.508086127927527e-06
2,12.458145141601562,10.447563171386719,2.8450770059862407e-06,3.27158784866333,8.085700756055303e-06
2,12.45573902130127,10.449994087219238,7.693376101111649e-13,3.290292978286743,8.085700756055303e-06
2,12.453388214111328,10.45236587524414,6.548735775879777e-09,3.3092539310455322,8.079841791186482e-06
2,12.449873924255371,10.45258617401123,2.6638168492354453e-05,3.3286380767822266,7.480953172489535e-07
3,12.449873924255371,10.45258617401123,5.37122343130525e-12,3.348801851272583,3.1256418894093363e-12
3,12.449873924255371,10.45258617401123,1.031685986641051e-10,3.368082046508789,1.5227225036440473e-10
3,12.449189186096191,10.451704025268555,1.3560059414885473e-05,3.3878870010375977,2.957906872325111e-06
3,12.448501586914062,10.450820922851562,3.859817798712584e-09,3.4155149459838867,2.956816615551361e-06
3,12.4478120803833,10.449936866760254,1.3527079456565616e-10,3.4405529499053955,2.9567190722445957e-06
3,12.446866035461426,10.448235511779785,5.398464054451324e-06,3.4701688289642334,5.74832120037172e-06
3,12.44591999053955,10.446550369262695,1.6160740801129947e-10,3.491938829421997,5.748343937739264e-06
3,12.444971084594727,10.444873809814453,5.217394871692704e-08,3.514392852783203,5.771343694505049e-06
3,12.442014694213867,10.444103240966797,3.869945794576779e-05,3.535568952560425,2.648195732035674e-06
3,12.439166069030762,10.443330764770508,1.915362035642687e-10,3.5568227767944336,2.648434247021214e-06
3,12.43605899810791,10.441242218017578,8.990787137008738e-06,3.577889919281006,7.284947969310451e-06
3,12.433070182800293,10.439126014709473,2.3981718300092325e-07,3.5998659133911133,7.515209745179163e-06
3,12.430188179016113,10.436949729919434,2.0943521406024956e-07,3.6289329528808594,7.880828889028635e-06
3,12.42740535736084,10.434813499450684,3.1686564483379698e-09,3.650775909423828,7.87956923886668e-06
3,12.424708366394043,10.432721138000488,9.42066193942992e-08,3.671083927154541,7.853665920265485e-06
3,12.42209243774414,10.430663108825684,1.8395821532735113e-09,3.6900579929351807,7.854159775888547e-06
3,12.419548988342285,10.428637504577637,5.047563061966187e-12,3.708728790283203,7.854174327803776e-06
3,12.417071342468262,10.426643371582031,4.282455989823575e-08,3.7272441387176514,7.852137969166506e-06
3,12.414647102355957,10.424683570861816,1.93817712101918e-07,3.7462270259857178,7.82953247835394e-06
3,12.412280082702637,10.422751426696777,1.403197974481074e-10,3.764986991882324,7.829575224604923e-06
4,12.411871910095215,10.423420906066895,9.855375537881628e-06,3.784993886947632,2.7042924557463266e-06
4,12.41146183013916,10.424091339111328,8.210249147211357e-10,3.803946018218994,2.7024857445212547e-06
4,12.411049842834473,10.424763679504395,4.5302001039360107e-10,3.8227570056915283,2.702582378333318e-06
4,12.410635948181152,10.425437927246094,2.2157351509122236e-09,3.8416950702667236,2.702672645682469e-06
4,12.4102201461792,10.426114082336426,1.7528065665572967e-09,3.8599398136138916,2.703391373870545e-06
4,12.40980339050293,10.42679214477539,9.133608452893682e-11,3.878307819366455,2.7033306650992017e-06
4,12.409384727478027,10.427472114562988,4.681246015825202e-11,3.8965530395507812,2.7032992875319906e-06
4,12.408244132995605,10.430206298828125,1.6083073205663823e-05,3.9150869846343994,1.124733989854576e-05
4,12.407102584838867,10.432815551757812,9.332328687605695e-08,3.935791015625,1.1060948054364417e-05
4,12.405962944030762,10.435351371765137,3.468247564142324e-11,3.9544830322265625,1.1060963515774347e-05
4,12.404825210571289,10.437821388244629,3.8310568606370055e-10,3.9731521606445312,1.106087802327238e-05
4,12.40368938446045,10.440230369567871,1.8155602021785455e-11,3.991532802581787,1.106087802327238e-05
4,12.402515411376953,10.442663192749023,8.988056947600853e-07,4.009927034378052,1.1460964742582291e-05
4,12.401341438293457,10.445043563842773,4.845671952580233e-08,4.029068946838379,1.148916271631606e-05
4,12.400169372558594,10.447370529174805,2.613122829231429e-09,4.047552108764648,1.1491198165458627e-05
4,12.398865699768066,10.45042610168457,2.3774468900228385e-06,4.06605076789856,1.5767318473081104e-05
4,12.397562026977539,10.453300476074219,1.9424403774337407e-07,4.084910869598389,1.5411840649903752e-05
4,12.396262168884277,10.456075668334961,4.282167953562066e-10,4.10394287109375,1.5411476852023043e-05
4,12.394940376281738,10.458680152893066,7.763328540022485e-07,4.122794151306152,1.4905042917234823e-05
4,12.393604278564453,10.461268424987793,4.031570313145494e-07,4.141758918762207,1.5259878637152724e-05
5,12.39352798461914,10.46168327331543,1.3030660284130136e-06,4.160928010940552,2.433342615404399e-06
5,12.393450736999512,10.462099075317383,1.6742797426250178e-10,4.180285930633545,2.433117288092035e-06
5,12.392889022827148,10.461491584777832,1.3107579434290528e-05,4.199713945388794,3.5431978631095262e-06
5,12.392325401306152,10.460882186889648,1.4206137655126128e-10,4.218774080276489,3.543058710420155e-06
5,12.391758918762207,10.460267066955566,1.9168194143048822e-08,4.237950086593628,3.560296818250208e-06
5,12.391190528869629,10.459650039672852,4.360704158878903e-11,4.257142066955566,3.560292043403024e-06
5,12.390620231628418,10.459031105041504,2.146018474036282e-09,4.276051044464111,3.561266794349649e-06
5,12.390048027038574,10.458410263061523,1.0613358109035076e-10,4.295399904251099,3.561240191629622e-06
5,12.389473915100098,10.45778751373291,1.392430337698869e-10,4.315223932266235,3.5612054034572793e-06
5,12.38888931274414,10.457135200500488,2.500634934676782e-07,4.3346240520477295,3.7193274238234153e-06
5,12.387665748596191,10.456130027770996,1.5425363017129712e-05,4.353692054748535,5.733842499466846e-06
5,12.386435508728027,10.455145835876465,1.892879311071738e-07,4.372779846191406,5.613857410935452e-06
5,12.385209083557129,10.454161643981934,4.1364089237161394e-11,4.391950845718384,5.6138519539672416e-06
5,12.38398551940918,10.453177452087402,2.3704754825715213e-10,4.411095857620239,5.6144367590604816e-06
5,12.382750511169434,10.452215194702148,3.1378323228636873e-07,4.430766820907593,5.487558155437e-06
5,12.381421089172363,10.450703620910645,3.0394510304176947e-06,4.450094938278198,8.675466233398765e-06
5,12.380075454711914,10.449200630187988,5.034188461650047e-07,4.4693520069122314,8.678571248310618e-06
5,12.377742767333984,10.44714641571045,2.496695378795266e-05,4.488479137420654,1.2063643225701526e-05
5,12.375460624694824,10.445124626159668,5.950093195927764e-11,4.507561922073364,1.2063677786500193e-05
5,12.373208045959473,10.442952156066895,6.949887279006361e-07,4.526745796203613,1.3212790690886322e-05
6,12.373200416564941,10.442972183227539,1.5262881447597465e-07,4.5464699268341064,1.2280371208817087e-07
6,12.37317180633545,10.443020820617676,4.647924356504518e-07,4.565469026565552,2.9405481427602354e-07
6,12.373143196105957,10.443069458007812,1.0340987614820829e-11,4.584704160690308,2.940836907328048e-07
6,12.3731107711792,10.443117141723633,1.0112752590885066e-07,4.604140758514404,2.866121633360308e-07
6,12.371997833251953,10.44332504272461,2.5602415917092003e-05,4.623183965682983,1.2320190307946177e-06
6,12.370882034301758,10.443535804748535,9.294866742948216e-08,4.642421007156372,1.2417231118888594e-06
6,12.369767189025879,10.443746566772461,1.4124634795109614e-08,4.6617889404296875,1.2401059166222694e-06
6,12.368654251098633,10.443958282470703,1.0695408100835913e-11,4.68153715133667,1.2400666946632555e-06
6,12.367541313171387,10.444173812866211,2.5882007648192484e-08,4.700818061828613,1.2543566754175117e-06
6,12.36642074584961,10.444395065307617,2.0543146206364327e-07,4.720006942749023,1.2796916735169361e-06
6,12.365301132202148,10.444607734680176,3.310979934667557e-08,4.73907995223999,1.226184394909069e-06
6,12.364175796508789,10.444793701171875,2.029152881277696e-07,4.75764799118042,1.0686544555937871e-06
6,12.363051414489746,10.444979667663574,3.691762229252049e-09,4.776347875595093,1.0610332310534432e-06
6,12.361928939819336,10.44516658782959,2.5125105121426294e-11,4.794912099838257,1.0611158813844668e-06
6,12.360807418823242,10.445354461669922,2.8564171427464258e-12,4.813467979431152,1.0611238394631073e-06
6,12.359687805175781,10.44554328918457,5.827190396878734e-10,4.831894159317017,1.06126242371829e-06
6,12.35855484008789,10.445688247680664,3.8923712963878643e-07,4.850373029708862,8.11636425623874e-07
6,12.357011795043945,10.444847106933594,1.1065994840464555e-05,4.868895053863525,4.703354079538258e-06
6,12.35547924041748,10.444005012512207,2.0160428881865755e-09,4.8874828815460205,4.701666512119118e-06
6,12.353934288024902,10.443177223205566,5.397479867497168e-07,4.905781984329224,4.6163036131474655e-06
7,12.352783203125,10.445232391357422,2.449310341035016e-05,4.924339056015015,1.1648017789411824e-05
7,12.35163402557373,10.44725513458252,3.0451197119418794e-11,4.9431188106536865,1.1647985957097262e-05
7,12.350395202636719,10.449596405029297,1.6937567579589086e-06,4.96174693107605,1.3800287888443563e-05
7,12.349159240722656,10.451887130737305,1.4384197166705803e-09,4.980271816253662,1.3800740816805046e-05
7,12.347725868225098,10.454543113708496,4.186706973996479e-06,4.998607873916626,1.651580532779917e-05
7,12.346251487731934,10.457191467285156,1.0650450121829635e-06,5.017121076583862,1.698921187198721e-05
7,12.34476089477539,10.459620475769043,8.295475595332391e-07,5.0354859828948975,1.5984676792868413e-05
7,12.343276023864746,10.46189022064209,2.499060940408526e-07,5.053972959518433,1.526345295133069e-05
7,12.34179973602295,10.46411418914795,5.1954590629677e-10,5.072468042373657,1.5263254681485705e-05
7,12.34033203125,10.46629524230957,2.677221222491255e-10,5.0910279750823975,1.5263714885804802e-05
7,12.338872909545898,10.468437194824219,1.1028545854330218e-09,5.109416961669922,1.5264731700881384e-05
7,12.337418556213379,10.470538139343262,8.738477674796741e-08,5.128002882003784,1.5240145330608357e-05
7,12.33597183227539,10.472603797912598,2.9018976110961603e-09,5.146309852600098,1.5239081221807282e-05
7,12.3345308303833,10.474642753601074,3.471604159699382e-08,5.1647398471832275,1.5287159840227105e-05
7,12.333096504211426,10.476655006408691,2.0847224391218333e-08,5.1832358837127686,1.532591340946965e-05
7,12.331464767456055,10.4786958694458,4.910713869321626e-06,5.201736927032471,1.5797302694409154e-05
7,12.329846382141113,10.480705261230469,1.8146492086756894e-09,5.220093011856079,1.5797466403455473e-05
7,12.328240394592285,10.482684135437012,4.181492485599847e-09,5.238239049911499,1.57927097461652e-05
7,12.32664680480957,10.484634399414062,5.950811891863861e-12,5.25687575340271,1.5792722479091026e-05
7,12.325065612792969,10.486557960510254,7.706782767513687e-09,5.275167942047119,1.5797055311850272e-05
8,12.325045585632324,10.486613273620605,3.696775934258767e-07,5.293680906295776,4.482990902943129e-07
8,12.32430648803711,10.484710693359375,2.1201967683737166e-05,5.312269926071167,1.575708120071795e-05
8,12.323565483093262,10.482831954956055,2.792341878554705e-11,5.330409049987793,1.5757084838696755e-05
8,12.322768211364746,10.481006622314453,1.2350875522315619e-06,5.348999977111816,1.5497742424486205e-05
8,12.321954727172852,10.47907829284668,6.194246111590473e-07,5.3674139976501465,1.659654481045436e-05
8,12.32070255279541,10.4769868850708,1.0828274753293954e-05,5.385705947875977,1.8316104615223594e-05
8,12.319454193115234,10.474929809570312,8.390250161305346e-10,5.403927803039551,1.831906774896197e-05
8,12.318197250366211,10.472933769226074,2.373886189843688e-07,5.422167778015137,1.8047549019684084e-05
8,12.316943168640137,10.470967292785645,1.9041070942193983e-08,5.4403321743011475,1.8045950127998367e-05
8,12.315691947937012,10.46902847290039,1.1216627453236594e-11,5.458431005477905,1.8045950127998367e-05
8,12.314444541931152,10.467116355895996,3.037365064323394e-12,5.477063894271851,1.804594649001956e-05
8,12.313200950622559,10.465229034423828,5.340319766261592e-12,5.495537042617798,1.804592648113612e-05
8,12.311955451965332,10.463351249694824,1.617217719740438e-07,5.513638973236084,1.8187416571890935e-05
8,12.310711860656738,10.461499214172363,1.2487134881666861e-08,5.531739950180054,1.8164610082749277e-05
8,12.309468269348145,10.459671974182129,7.067718854614213e-08,5.550087928771973,1.8137923689209856e-05
8,12.308184623718262,10.45797348022461,7.742557386336557e-07,5.56855583190918,1.7019901861203834e-05
8,12.306722640991211,10.456755638122559,3.252266196795972e-06,5.586944103240967,1.2230113497935236e-05
8,12.304610252380371,10.455266952514648,1.666487514739856e-05,5.605362892150879,1.505137697677128e-05
8,12.302528381347656,10.453788757324219,1.403924017040481e-07,5.623569965362549,1.5030719623609912e-05
8,12.300479888916016,10.452319145202637,1.4270956812112434e-11,5.641874074935913,1.5030694157758262e-05
9,12.300479888916016,10.452319145202637,8.283450592116992e-10,5.660271883010864,8.815121965710659e-10
9,12.300220489501953,10.45154857635498,7.95417872723192e-06,5.6787638664245605,7.82451024861075e-06
9,12.299960136413574,10.450777053833008,6.144788844419935e-11,5.697374105453491,7.82449023972731e-06
9,12.299697875976562,10.449994087219238,2.8356589965028434e-08,5.715767860412598,7.91783895692788e-06
9,12.299434661865234,10.449210166931152,8.155653929975415e-09,5.734219074249268,7.91963429946918e-06
9,12.299169540405273,10.448424339294434,6.598035451332862e-10,5.752452850341797,7.92142964201048e-06
9,12.298903465270996,10.447636604309082,1.798872495406556e-09,5.770828008651733,7.921731594251469e-06
9,12.298349380493164,10.446287155151367,7.889402695582248e-06,5.789143800735474,1.3633322851092089e-05
9,12.297792434692383,10.444945335388184,2.586723724107287e-08,5.807761907577515,1.3614406270789914e-05
9,12.297231674194336,10.443608283996582,3.891777211606495e-08,5.826292991638184,1.3619263881992083e-05
9,12.296669006347656,10.442276000976562,5.305142176253996e-13,5.844817876815796,1.3619266610476188e-05
9,12.296104431152344,10.440946578979492,7.699582305065178e-09,5.863326072692871,1.3643456441059243e-05
9,12.295154571533203,10.439922332763672,7.968314093886875e-06,5.881920099258423,1.051058825396467e-05
9,12.294203758239746,10.438899040222168,1.7652055372963105e-09,5.900284051895142,1.051294839271577e-05
9,12.293248176574707,10.437862396240234,1.4327444830541936e-07,5.918736934661865,1.064638672687579e-05
9,12.292291641235352,10.436826705932617,1.8557735903534933e-10,5.937195777893066,1.0646277587511577e-05
9,12.291327476501465,10.435805320739746,1.3121699282692134e-07,5.955770969390869,1.0494393791304901e-05
9,12.290346145629883,10.43476676940918,4.0906766685111506e-07,5.974355936050415,1.0678861144697294e-05
9,12.288724899291992,10.4334716796875,1.4968699360906612e-05,5.9927167892456055,1.3364098776946776e-05
9,12.287116050720215,10.432181358337402,1.886511835635929e-09,6.011303901672363,1.336399327556137e-05
10,12.287071228027344,10.43188762664795,1.642318466110737e-06,6.029871940612793,3.0253775094024604e-06
10,12.287012100219727,10.431608200073242,2.692034684059763e-07,6.048484802246094,2.8648742045334075e-06
10,12.286945343017578,10.431326866149902,1.7234367533092154e-07,6.066819906234741,2.871794777092873e-06
10,12.28687858581543,10.431044578552246,4.809534992489262e-10,6.0852601528167725,2.871392098313663e-06
10,12.286792755126953,10.430726051330566,4.7141674031081493e-07,6.10374903678894,3.2207271942752413e-06
10,12.28670597076416,10.43040657043457,1.3632143192054968e-09,6.12211799621582,3.220586449970142e-06
10,12.286616325378418,10.43008041381836,7.744769447981525e-08,6.140444993972778,3.2673058285581646e-06
10,12.286523818969727,10.429750442504883,4.28008881669939e-08,6.158969879150391,3.2929860935837496e-06
10,12.286386489868164,10.42939567565918,9.970806331693893e-07,6.177448034286499,3.5276812013762537e-06
10,12.286246299743652,10.429036140441895,4.3290615536761834e-08,6.195605993270874,3.555042212610715e-06
10,12.28593635559082,10.428872108459473,3.1065640087035717e-06,6.214125871658325,1.6106721432151971e-06
10,12.285625457763672,10.428703308105469,1.1645598263498869e-08,6.232374906539917,1.6514865137651213e-06
10,12.28531265258789,10.428533554077148,2.4482664784386543e-09,6.250649929046631,1.657086386330775e-06
10,12.284998893737793,10.428362846374512,1.4173672001696613e-12,6.269073963165283,1.6570875231991522e-06
10,12.284683227539062,10.428191184997559,6.967824234260789e-11,6.28758692741394,1.6570141951888218e-06
10,12.284366607666016,10.428018569946289,5.995491880739223e-10,6.305912971496582,1.6587277968937997e-06
10,12.28403377532959,10.42786979675293,2.3750283162371488e-07,6.324337005615234,1.421927322553529e-06
10,12.283699035644531,10.427720069885254,6.572161703743973e-10,6.342434883117676,1.4222255231288727e-06
10,12.283363342285156,10.427570343017578,1.6300249344736173e-11,6.3609230518341064,1.4222264326235745e-06
10,12.28302001953125,10.42741870880127,1.259987101320803e-07,6.37960410118103,1.4321076378109865e-06
11,12.28302001953125,10.42741870880127,4.471092333174775e-12,6.39786696434021,2.1742340566843765e-11
11,12.283014297485352,10.42740535736084,1.3342425120299595e-07,6.416112899780273,1.2894770407001488e-07
11,12.283004760742188,10.42732048034668,2.2369697205704142e-07,6.434615850448608,7.85718498264032e-07
11,12.282992362976074,10.427236557006836,5.3744098948982355e-08,6.453094005584717,7.78503590481705e-07
11,12.282979965209961,10.427152633666992,4.411210952071087e-09,6.47180700302124,7.726475246272457e-07
11,12.282966613769531,10.427067756652832,1.7333672691632884e-11,6.490296840667725,7.726542321506713e-07
11,12.28251838684082,10.425664901733398,1.0955618563457392e-05,6.508854150772095,1.2890013749711215e-05
11,12.282068252563477,10.42426872253418,4.286110133477905e-09,6.527059078216553,1.2891177902929485e-05
11,12.2816162109375,10.422879219055176,5.459483906622431e-11,6.5457189083099365,1.2891178812424187e-05
11,12.281155586242676,10.421483993530273,1.432783278687566e-07,6.5641889572143555,1.3012315321248025e-05
11,12.280654907226562,10.42016315460205,5.766987669630907e-07,6.582848072052002,1.2363824680505786e-05
11,12.279387474060059,10.418280601501465,1.558566145831719e-05,6.602209091186523,1.7848431525635533e-05
11,12.27812385559082,10.416421890258789,2.0320776311644195e-12,6.6209728717803955,1.7848442439571954e-05
11,12.276861190795898,10.414586067199707,4.159857169838688e-08,6.640204191207886,1.7843261957750656e-05
11,12.274362564086914,10.412830352783203,2.4127361029968597e-05,6.6593077182769775,1.724471258057747e-05
11,12.271926879882812,10.411092758178711,3.0728988797967816e-11,6.678834915161133,1.7244679838768207e-05
11,12.269549369812012,10.409372329711914,9.294766623035855e-10,6.698035955429077,1.724438880046364e-05
11,12.267224311828613,10.407651901245117,5.023627025479982e-08,6.7170729637146,1.7418291463400237e-05
11,12.264947891235352,10.4059476852417,3.149009586422835e-08,6.736191987991333,1.7422707969672047e-05
11,12.262717247009277,10.40425968170166,1.3538363763387906e-09,6.754848003387451,1.7422891687601805e-05
12,12.262717247009277,10.40425968170166,1.2260550647652524e-12,6.774139881134033,1.0055814687881526e-12
12,12.262514114379883,10.404173851013184,4.270351382729132e-06,6.793453931808472,8.755437761465146e-07
12,12.262310028076172,10.404088020324707,6.255405221589072e-11,6.81299901008606,8.756585998526134e-07
12,12.260953903198242,10.403624534606934,2.3949905880726874e-05,6.8324339389801025,4.6962777560111135e-06
12,12.259603500366211,10.403159141540527,2.9528879341711445e-10,6.851629972457886,4.696553332905751e-06
12,12.258258819580078,10.402691841125488,2.2423933369875027e-12,6.870857000350952,4.696561063610716e-06
12,12.256918907165527,10.402222633361816,1.0835796260266761e-08,6.8903069496154785,4.692367838288192e-06
12,12.255583763122559,10.401752471923828,3.474437100872696e-12,6.90956974029541,4.692359198088525e-06
12,12.2542142868042,10.401300430297852,7.73150532040745e-07,6.929341077804565,4.488550530368229e-06
12,12.252850532531738,10.400846481323242,1.8543586804975476e-12,6.9487481117248535,4.4885609895573e-06
12,12.251450538635254,10.400390625,8.451152098132297e-07,6.967942953109741,4.495484517974546e-06
12,12.250057220458984,10.399932861328125,1.6017862036754593e-10,6.987102031707764,4.4955672819924075e-06
12,12.248147010803223,10.3992338180542,1.1216699931537732e-05,7.006365060806274,6.845193183835363e-06
12,12.246261596679688,10.39853286743164,7.306134863771518e-12,7.02522873878479,6.8452150117082056e-06
12,12.244400024414062,10.39783000946045,3.115939450903937e-11,7.044236183166504,6.845228199381381e-06
12,12.242483139038086,10.397096633911133,1.7039692465914413e-06,7.063623905181885,7.126194759621285e-06
12,12.240591049194336,10.396361351013184,9.20160041911755e-12,7.08287501335144,7.126150194380898e-06
12,12.238702774047852,10.395635604858398,4.095064980447205e-07,7.102091073989868,7.021726105449488e-06
12,12.236838340759277,10.39490795135498,1.995999143744598e-09,7.121392011642456,7.0209844125201926e-06
12,12.234996795654297,10.394174575805664,9.50208978167666e-09,7.140692949295044,7.060916686896235e-06
13,12.234996795654297,10.394174575805664,1.6379604270144732e-11,7.160039901733398,8.131846758463457e-12
13,12.234996795654297,10.394174575805664,1.674193075840158e-11,7.1788530349731445,6.791098933200956e-11
13,12.234996795654297,10.394174575805664,3.0608668377674064e-11,7.197414875030518,2.1971750807647794e-11
13,12.234989166259766,10.393841743469238,7.868533202781691e-07,7.215906858444214,3.1445811146113556e-06
13,12.234773635864258,10.393016815185547,5.104985120851779e-06,7.2345130443573,7.772829121677205e-06
13,12.234556198120117,10.392190933227539,6.440111777195057e-10,7.252875089645386,7.772962817398366e-06
13,12.234336853027344,10.391365051269531,1.5508344830550413e-08,7.271229982376099,7.758321771689225e-06
13,12.234116554260254,10.390538215637207,1.0001904859890942e-09,7.289777994155884,7.759402251394931e-06
13,12.233891487121582,10.389703750610352,9.01439278777616e-08,7.308043003082275,7.816828656359576e-06
13,12.233665466308594,10.38886833190918,1.3364126472126259e-10,7.326482057571411,7.816407560312655e-06
13,12.233438491821289,10.388031005859375,6.151991138736435e-10,7.344684839248657,7.817470759619027e-06
13,12.23320198059082,10.387173652648926,1.831379847772041e-07,7.363159894943237,7.99121698946692e-06
13,12.232964515686035,10.38631534576416,7.697553705554583e-11,7.381565093994141,7.99123245087685e-06
13,12.232677459716797,10.385663986206055,5.446108275464212e-07,7.399915933609009,6.048277555237291e-06
13,12.232158660888672,10.385639190673828,3.2676750834070845e-06,7.418529748916626,2.3260372472577728e-07
13,12.231637954711914,10.385613441467285,2.0429091751594797e-10,7.43695592880249,2.326483325987283e-07
13,12.231115341186523,10.385587692260742,2.3669486370891946e-09,7.4552788734436035,2.3208075106140313e-07
13,12.2305908203125,10.3855619430542,4.823871337100716e-12,7.473543882369995,2.3207871890917886e-07
13,12.230064392089844,10.385536193847656,3.519003699548051e-10,7.492202997207642,2.3227009648962849e-07
13,12.229525566101074,10.385510444641113,1.8700418991102197e-07,7.510826110839844,2.3559526596272917e-07
14,12.229520797729492,10.385499000549316,9.988160343255004e-08,7.5297019481658936,1.0175325115824307e-07
14,12.22951602935791,10.38548755645752,1.4244737334134783e-10,7.548074007034302,1.0204984590700406e-07
14,12.229509353637695,10.385469436645508,5.590376872532943e-08,7.566543817520142,1.6236151623161277e-07
14,12.229501724243164,10.385454177856445,8.437941012573447e-09,7.584801912307739,1.3802551279695763e-07
14,12.229494094848633,10.385438919067383,1.1308469438642277e-10,7.6032867431640625,1.378735845491974e-07
14,12.229095458984375,10.384702682495117,8.223109944083262e-06,7.621538877487183,6.453326477640076e-06
14,12.228694915771484,10.383965492248535,3.7058061064243475e-09,7.640100955963135,6.450324690376874e-06
14,12.228292465209961,10.383225440979004,4.223851934881395e-09,7.658911943435669,6.461620614572894e-06
14,12.227877616882324,10.3823881149292,3.479655390492553e-07,7.67736291885376,7.295162504306063e-06
14,12.227460861206055,10.381549835205078,2.2730155257999485e-10,7.696223020553589,7.295077011804096e-06
14,12.227042198181152,10.38071060180664,1.4570447626205407e-10,7.715291976928711,7.295041541510727e-06
14,12.226444244384766,10.379781723022461,3.2274263048748253e-06,7.734220027923584,8.06356365501415e-06
14,12.225844383239746,10.378851890563965,3.078426402680634e-12,7.753350019454956,8.063564564508852e-06
14,12.225242614746094,10.377922058105469,1.9416372676328564e-10,7.77257776260376,8.062818778853398e-06
14,12.224638938903809,10.376991271972656,2.8368831589409282e-11,7.791916847229004,8.062746928771958e-06
14,12.22403335571289,10.376060485839844,1.4606096280372904e-12,7.811037063598633,8.062744200287852e-06
14,12.22342586517334,10.375128746032715,9.171590709122768e-10,7.83097505569458,8.063780114753172e-06
14,12.222816467285156,10.37419605255127,5.018620588548295e-11,7.850103855133057,8.063838322414085e-06
14,12.22220516204834,10.373263359069824,2.0698560643239716e-09,7.869255065917969,8.062092092586681e-06
14,12.221590995788574,10.372329711914062,9.35097421717046e-09,7.888499021530151,8.061010703386273e-06
15,12.221590995788574,10.372329711914062,1.4030940853615448e-09,7.907766103744507,9.347258522751645e-10
15,12.22146224975586,10.371912002563477,2.768895456028986e-06,7.926707029342651,3.5773846320807934e-06
15,12.221332550048828,10.371492385864258,2.212695859871161e-10,7.945995092391968,3.577310508262599e-06
15,12.221013069152832,10.371390342712402,2.5322067358501954e-06,7.965289115905762,8.621063898317516e-07
15,12.22069263458252,10.371288299560547,4.103300810243127e-09,7.983979940414429,8.642438729111745e-07
15,12.220370292663574,10.371186256408691,2.5338890985437956e-09,8.002678871154785,8.598067324783187e-07
15,12.220046043395996,10.37108325958252,1.532921012348254e-11,8.02121877670288,8.598574936513614e-07
15,12.219720840454102,10.370980262756348,2.8314786071348408e-09,8.040103912353516,8.586781632402563e-07
15,12.219392776489258,10.370877265930176,9.088820362990191e-09,8.059030055999756,8.547984862161684e-07
15,12.219063758850098,10.370773315429688,3.508165286048026e-11,8.077598094940186,8.549374683752831e-07
15,12.21872615814209,10.370677947998047,9.629659558640924e-08,8.096925020217896,7.849607186471985e-07
15,12.21838665008545,10.37058162689209,1.0693526007179641e-13,8.11614179611206,7.849607186471985e-07
15,12.218039512634277,10.370491981506348,9.259707667297334e-08,8.135356903076172,7.289061727533408e-07
15,12.21768856048584,10.370407104492188,1.9117447180860836e-08,8.154566049575806,6.824287197559897e-07
15,12.21733570098877,10.370322227478027,3.130558312580689e-11,8.173609972000122,6.824651563874795e-07
15,12.216979026794434,10.370229721069336,5.050911155990434e-08,8.192574977874756,7.398717229989416e-07
15,12.216620445251465,10.370136260986328,1.3462660890598e-12,8.212279796600342,7.398693924187683e-07
15,12.216229438781738,10.369890213012695,6.948565669517848e-07,8.231884002685547,1.9449162209639326e-06
15,12.215764045715332,10.369702339172363,9.795846835913835e-07,8.250779867172241,1.4824297522864072e-06
15,12.214637756347656,10.368241310119629,1.1606533007579856e-05,8.26980996131897,1.157263159257127e-05
16,12.214588165283203,10.368303298950195,6.313782137112867e-07,8.28872299194336,4.895235861113179e-07
16,12.214533805847168,10.36837387084961,5.1798082267850987e-08,8.307560920715332,5.522041988115234e-07
16,12.214479446411133,10.368444442749023,5.212786868824537e-10,8.326371908187866,5.519324304259499e-07
16,12.214424133300781,10.368515968322754,4.196953895529987e-10,8.345398902893066,5.515690872925916e-07
16,12.214365005493164,10.36860179901123,3.883327082121468e-08,8.364959001541138,6.638896365984692e-07
16,12.21430492401123,10.368687629699707,4.064057146369038e-10,8.383959770202637,6.624337629546062e-07
16,12.214244842529297,10.3687744140625,1.830497531329911e-09,8.403349161148071,6.661534257546009e-07
16,12.214069366455078,10.368934631347656,1.503853468420857e-06,8.422301054000854,1.2177215467090718e-06
16,12.21389389038086,10.369095802307129,3.4255560193985346e-11,8.441314935684204,1.2175821666460251e-06
16,12.213717460632324,10.369256973266602,1.3547834729066288e-11,8.46020793914795,1.217589556290477e-06
16,12.213540077209473,10.369418144226074,2.347692040771676e-09,8.47954797744751,1.2072017625541775e-06
16,12.213361740112305,10.369580268859863,6.831737866391796e-12,8.498641967773438,1.2071841410943307e-06
16,12.21318244934082,10.369742393493652,3.066543546870193e-11,8.518043041229248,1.2071982382622082e-06
16,12.21300220489502,10.369905471801758,6.464587892773821e-11,8.537041902542114,1.207184027407493e-06
16,12.212821006774902,10.37006950378418,3.5051808677799556e-11,8.55604887008667,1.207163563776703e-06
16,12.212638854980469,10.370234489440918,6.883596991025254e-12,8.575314044952393,1.2071706123606418e-06
16,12.212455749511719,10.370400428771973,4.6444497553421726e-11,8.594177961349487,1.2072781601091265e-06
16,12.212271690368652,10.370567321777344,6.845766731267133e-10,8.613692998886108,1.206873662340513e-06
16,12.21208667755127,10.370680809020996,7.793553180590607e-08,8.632829904556274,8.187488447219948e-07
16,12.21190071105957,10.370795249938965,1.9520603883327325e-11,8.652081966400146,8.187464572984027e-07
17,12.211894035339355,10.370810508728027,6.388565054749051e-08,8.671403884887695,1.0584550835801565e-07
17,12.21188735961914,10.37082576751709,8.055103251081164e-10,8.690696001052856,1.063382484289832e-07
17,12.211880683898926,10.370841026306152,4.0742859086506655e-10,8.716983795166016,1.0487558910199368e-07
17,12.211874008178711,10.370856285095215,2.71186233191667e-11,8.740937948226929,1.0482597190275555e-07
17,12.211864471435547,10.370874404907227,3.5020256916595827e-08,8.769208908081055,1.2677641336722445e-07
17,12.211503982543945,10.371132850646973,4.1353009692102205e-06,8.795752048492432,1.7973933381654206e-06
17,12.211141586303711,10.371393203735352,4.875364112422176e-09,8.816804885864258,1.8021562482317677e-06
17,12.210702896118164,10.371068954467773,1.6986911077765399e-06,8.837398767471313,2.2356323370331666e-06
17,12.210260391235352,10.37074089050293,2.478685345863596e-08,8.8576979637146,2.2565398012375226e-06
17,12.209815979003906,10.370410919189453,8.10412067314692e-13,8.877831935882568,2.2565407107322244e-06
17,12.209369659423828,10.370076179504395,1.1788638509813154e-08,8.89794397354126,2.2814704152551712e-06
17,12.208921432495117,10.369739532470703,5.769666862331935e-12,8.91781210899353,2.2814899693912594e-06
17,12.208471298217773,10.369401931762695,4.640868245253671e-10,8.936822175979614,2.2794954475102713e-06
17,12.208006858825684,10.3690767288208,1.3658652164849627e-07,8.95536184310913,2.187234485973022e-06
17,12.207540512084961,10.368749618530273,8.912349191980695e-10,8.973838806152344,2.1874527647014474e-06
17,12.207066535949707,10.368388175964355,1.0555784513144317e-07,8.992250919342041,2.4049227249633987e-06
17,12.20659065246582,10.368025779724121,3.3283870104483526e-10,9.011018991470337,2.404899305474828e-06
17,12.2061128616333,10.36766242980957,4.575507084325636e-09,9.030837059020996,2.4003738872124813e-06
17,12.205633163452148,10.367297172546387,1.883709632721775e-09,9.050904989242554,2.3988432076293975e-06
17,12.205150604248047,10.366930961608887,4.079741877660581e-09,9.070686101913452,2.396943273197394e-06
18,12.205122947692871,10.366827011108398,4.498320436141512e-07,9.090255975723267,6.795085596422723e-07
18,12.20509147644043,10.366727828979492,2.9409552126935523e-08,9.109281063079834,6.439708499783592e-07
18,12.205060005187988,10.36662769317627,1.3769212332814806e-11,9.128638982772827,6.439777848754602e-07
18,12.205028533935547,10.366527557373047,2.826785507059615e-11,9.148161888122559,6.440125162043842e-07
18,12.204988479614258,10.36644172668457,7.323044570739512e-08,9.167451858520508,5.450594926514896e-07
18,12.204948425292969,10.366355895996094,1.7655757411638717e-10,9.18681001663208,5.457607130665565e-07
18,12.204895973205566,10.36626148223877,1.4800508552070823e-07,9.205621004104614,5.953407935521682e-07
18,12.204843521118164,10.366167068481445,1.0972941305587014e-10,9.225003004074097,5.954098583060841e-07
18,12.204790115356445,10.366071701049805,5.571409219390366e-12,9.244118928909302,5.953939989922219e-07
18,12.20473575592041,10.365976333618164,1.0339015865667989e-08,9.263792991638184,5.94508605900046e-07
18,12.204655647277832,10.365862846374512,3.0424416763707995e-07,9.282896041870117,7.031576956251229e-07
18,12.204412460327148,10.36596965789795,1.523576315776154e-06,9.301483154296875,6.561367058566248e-07
18,12.204167366027832,10.366076469421387,3.912552948293069e-09,9.320096969604492,6.548654596372216e-07
18,12.2039213180542,10.36618423461914,2.2212390260456516e-10,9.33857798576355,6.552181162078341e-07
18,12.20367431640625,10.366291999816895,2.2899085405647668e-10,9.356668949127197,6.554953984050371e-07
18,12.203192710876465,10.36628532409668,2.6220261588605354e-06,9.375288963317871,4.168754230704508e-08
18,12.202709197998047,10.366278648376465,8.508034554655097e-12,9.393651962280273,4.170113143686649e-08
18,12.202223777770996,10.36627197265625,1.5996882637980825e-12,9.41216492652893,4.169650225094301e-08
18,12.201730728149414,10.366271018981934,5.065334818254996e-08,9.43093991279602,4.967589006810158e-09
18,12.2012357711792,10.366271018981934,2.810754518023373e-09,9.449347972869873,2.35569208584252e-09
19,12.20118236541748,10.366211891174316,6.127184519755247e-07,9.46806001663208,3.4631705148058245e-07
19,12.201092720031738,10.366307258605957,2.0872009542927117e-07,9.486484050750732,5.572076133830706e-07
19,12.200983047485352,10.366374969482422,2.248587236408639e-07,9.505153894424438,3.9262488371605286e-07
19,12.200872421264648,10.366440773010254,1.2853027087089686e-08,9.524022102355957,3.8114495737318066e-07
19,12.200069427490234,10.366172790527344,7.368652404693421e-06,9.542310953140259,1.5492660168092698e-06
19,12.198436737060547,10.365653038024902,8.79447179613635e-06,9.560804843902588,2.9913899197708815e-06
19,12.196817398071289,10.365132331848145,1.0306245856739338e-09,9.57928204536438,2.9893174087192165e-06
19,12.194985389709473,10.365191459655762,1.7574973298906116e-06,9.59755802154541,3.3863739190564957e-07
19,12.193171501159668,10.365254402160645,2.699836088027041e-08,9.616245031356812,3.5504109519024496e-07
19,12.191377639770508,10.365317344665527,7.0547394592779256e-09,9.63479495048523,3.5596795555647986e-07
19,12.189589500427246,10.365368843078613,1.5562969224447443e-07,9.653219938278198,2.921937891642301e-07
19,12.18779182434082,10.365374565124512,3.564860548976867e-07,9.671706914901733,3.0002979656273965e-08
19,12.186014175415039,10.365379333496094,9.974644443744296e-10,9.69203495979309,2.9176449700685225e-08
19,12.184252738952637,10.365389823913574,2.3204451693459305e-08,9.711798906326294,6.070577995842541e-08
19,12.182509422302246,10.365401268005371,3.7436467120732786e-11,9.731660842895508,6.070899161159105e-08
19,12.180767059326172,10.365455627441406,1.338900119662867e-07,9.752156019210815,2.958094285077095e-07
19,12.179014205932617,10.365561485290527,2.461293888700311e-07,9.770747900009155,5.770298230345361e-07
19,12.177055358886719,10.366422653198242,1.6543701804039301e-06,9.789390802383423,4.6946879592724144e-06
19,12.17512321472168,10.367281913757324,9.986373505910251e-09,9.808121919631958,4.678103323385585e-06
19,12.173216819763184,10.368142127990723,2.669908565067214e-12,9.826445817947388,4.678104687627638e-06
20,12.173216819763184,10.368142127990723,1.084869208356487e-10,9.845453977584839,2.5493046562630184e-10
20,12.173216819763184,10.368142127990723,4.8559819360027845e-12,9.86377501487732,2.5867430419879156e-10
20,12.173216819763184,10.368142127990723,6.48500975142241e-11,9.882252931594849,1.4125416114563194e-10
20,12.173212051391602,10.3681640625,2.7433390670239532e-08,9.900629043579102,1.1863043880566693e-07
20,12.17320728302002,10.368185997009277,1.9803209419522183e-11,9.919025897979736,1.1860011994713204e-07
20,12.173202514648438,10.368205070495605,4.541453435535914e-09,9.93755292892456,9.871206430034363e-08
20,12.173192977905273,10.368207931518555,6.341846159330089e-08,9.955941915512085,1.7048463973878825e-08
20,12.173182487487793,10.36821174621582,1.1554815992909084e-09,9.974231958389282,1.8350045039028373e-08
20,12.172929763793945,10.367521286010742,3.0684630019095493e-06,9.992919921875,3.5980053780804155e-06
20,12.172173500061035,10.367798805236816,4.028736839245539e-06,10.011128902435303,1.4385907434188994e-06
20,12.171415328979492,10.368078231811523,1.2934754378690627e-09,10.029438972473145,1.441742369934218e-06
20,12.170656204223633,10.368337631225586,1.788344761166627e-08,10.04806399345398,1.3312705959833693e-06
20,12.16989517211914,10.368597984313965,7.811475424834846e-12,10.066541910171509,1.331300154561177e-06
20,12.169133186340332,10.36885929107666,3.981277113540571e-12,10.084980964660645,1.3312898090589442e-06
20,12.16836929321289,10.369122505187988,7.871361201727822e-11,10.103340864181519,1.3312309192770044e-06
20,12.167603492736816,10.369382858276367,3.609151644212716e-09,10.121673107147217,1.3109023484503268e-06
20,12.166836738586426,10.369644165039062,7.435891485885193e-11,10.14020299911499,1.3108627854307997e-06
20,12.166068077087402,10.369905471801758,1.863237786281502e-09,10.158716917037964,1.3041993724982603e-06
20,12.165297508239746,10.37016773223877,3.8905448307424706e-10,10.176897764205933,1.3033431969233789e-06
20,12.164525032043457,10.370429992675781,3.0856988075811387e-09,10.195469856262207,1.29967463635694e-06
21,12.164525032043457,10.370429992675781,4.2065217975562064e-10,14.833590030670166,2.0378898568651493e-09
21,12.164521217346191,10.370431900024414,2.93938029471974e-08,14.853734016418457,1.0392251503787975e-08
21,12.164517402648926,10.370429992675781,6.037326194530124e-09,14.873203039169312,7.776475463572297e-09
21,12.163656234741211,10.37112045288086,7.10878157406114e-06,14.891713857650757,3.357822606631089e-06
21,12.162786483764648,10.371783256530762,9.958656477238037e-08,14.910422086715698,3.2124994504556525e-06
21,12.161914825439453,10.37244701385498,2.322451564396033e-09,14.928577184677124,3.21064635500079e-06
21,12.161042213439941,10.373112678527832,1.8292181658274842e-10,14.94710397720337,3.2105879199662013e-06
21,12.160168647766113,10.373780250549316,1.7741658836500918e-11,14.96570611000061,3.2106090657180175e-06
21,12.159294128417969,10.374449729919434,2.744585392289167e-10,14.985168933868408,3.2108039249578724e-06
21,12.158418655395508,10.375121116638184,1.6243454064451823e-12,15.00508975982666,3.210803242836846e-06
21,12.157541275024414,10.37579345703125,5.075427189638049e-09,15.024875164031982,3.2049547371570952e-06
21,12.156662940979004,10.37646770477295,4.205332609918955e-11,15.043792009353638,3.2051759717433015e-06
21,12.155783653259277,10.377143859863281,2.4947438559408397e-10,15.063907861709595,3.2051984817371704e-06
21,12.154902458190918,10.37781810760498,8.57844106860739e-09,15.083420991897583,3.189771177858347e-06
21,12.153916358947754,10.378888130187988,5.218171281740069e-07,15.102236986160278,5.065574441687204e-06
21,12.15293025970459,10.37995719909668,1.300195173747909e-09,15.122545957565308,5.066367066319799e-06
21,12.151910781860352,10.380997657775879,3.086868787249841e-07,15.144186019897461,4.931510829919716e-06
21,12.150882720947266,10.382060050964355,5.097497890460545e-08,15.164669036865234,5.040275027567986e-06
21,12.149853706359863,10.383125305175781,7.406340873927775e-09,15.184554100036621,5.055042947788024e-06
21,12.148824691772461,10.38418960571289,1.816325735648494e-11,15.203276872634888,5.0550020205264445e-06
22,12.148824691772461,10.38418960571289,2.3017013642268047e-11,15.222519874572754,6.494201704176916e-11
22,12.148824691772461,10.38418960571289,1.4217696464591256e-11,15.241162061691284,4.610885978584278e-11
22,12.148824691772461,10.38418960571289,1.4647558166380747e-10,15.259897947311401,2.586115488423246e-10
22,12.148824691772461,10.38418960571289,4.422135400916627e-12,15.278303146362305,2.8046190370112356e-10
22,12.148824691772461,10.38418960571289,1.8165653009605265e-11,15.296415090560913,2.395048326331306e-10
22,12.148809432983398,10.384212493896484,1.0106830217182505e-07,15.314563989639282,1.0707135089660369e-07
22,12.148794174194336,10.384235382080078,1.9108232357512023e-11,15.333014011383057,1.0705604580607542e-07
22,12.148777961730957,10.384259223937988,1.2353770784123697e-10,15.351119995117188,1.0687489293559338e-07
22,12.148746490478516,10.384310722351074,9.523468946781577e-08,15.369313955307007,2.3574563101647072e-07
22,12.148483276367188,10.383343696594238,2.673800509001012e-06,15.387970924377441,4.386685304780258e-06
22,12.148218154907227,10.382377624511719,1.1921655884705729e-09,15.406069993972778,4.38277720604674e-06
22,12.147951126098633,10.381407737731934,9.257545841023784e-09,15.423969745635986,4.3983304749417584e-06
22,12.147666931152344,10.380393028259277,1.5859885138524987e-07,15.441901922225952,4.60462524642935e-06
22,12.147380828857422,10.379382133483887,5.241239442455026e-09,15.459655046463013,4.587442163028754e-06
22,12.147092819213867,10.378369331359863,7.895803122437428e-09,15.477558135986328,4.596738108375575e-06
22,12.146799087524414,10.377365112304688,1.9441511511786302e-08,15.495687007904053,4.558623459161026e-06
22,12.146504402160645,10.376360893249512,1.6254564361162238e-10,15.513597965240479,4.558909495244734e-06
22,12.146207809448242,10.375356674194336,2.046685390610925e-11,15.531445980072021,4.558934051601682e-06
22,12.145910263061523,10.374351501464844,1.4211317678203272e-09,15.549516916275024,4.564059963740874e-06
22,12.145610809326172,10.373346328735352,4.833017319683108e-10,15.567876815795898,4.564012215269031e-06
23,12.145574569702148,10.37344741821289,1.6965005045221915e-07,15.586062908172607,4.585863848660665e-07
23,12.145538330078125,10.373549461364746,7.893756481802683e-11,15.603975057601929,4.5913981239209534e-07
23,12.144899368286133,10.373859405517578,4.092088147444883e-06,15.622277975082397,1.386573330819374e-06
23,12.14425277709961,10.37419605255127,1.8279909141938333e-08,15.640795946121216,1.4994302546256222e-06
23,12.143588066101074,10.37460994720459,5.323151341940502e-08,15.658883810043335,1.8343927195019205e-06
23,12.14292049407959,10.375019073486328,1.4069217790790844e-08,15.676622867584229,1.8087617945639067e-06
23,12.142231941223145,10.37530517578125,2.3568790652461757e-07,15.694635152816772,1.2578027508425293e-06
23,12.141539573669434,10.375593185424805,1.326548026980845e-08,15.712566137313843,1.261234501725994e-06
23,12.14084529876709,10.375882148742676,2.582188352029391e-10,15.73103380203247,1.259577288692526e-06
23,12.140151023864746,10.376055717468262,8.448490973478329e-08,15.74886679649353,7.51412414956576e-07
23,12.139452934265137,10.376201629638672,3.252624125593684e-08,15.766960859298706,6.315885343610717e-07
23,12.138752937316895,10.37634563446045,1.9903247938657387e-09,15.785512924194336,6.168521622385015e-07
23,12.138051986694336,10.376489639282227,8.655660216350114e-11,15.80372405052185,6.166835078147415e-07
23,12.137347221374512,10.376636505126953,8.303725707037302e-09,15.82201886177063,6.242207177820092e-07
23,12.136640548706055,10.376782417297363,3.964031325409678e-09,15.840033054351807,6.161182000141707e-07
23,12.13591194152832,10.376910209655762,1.4667709535842732e-07,15.85840892791748,5.393923174779047e-07
23,12.135181427001953,10.377038955688477,8.624860374506493e-12,15.876260995864868,5.39394648058078e-07
23,12.13442325592041,10.37720775604248,1.3034691903612838e-07,15.894452095031738,7.031175073279883e-07
23,12.13366413116455,10.3773775100708,8.301287446072642e-14,15.912528991699219,7.031179052319203e-07
23,12.13290023803711,10.377557754516602,6.916566430703597e-09,15.9305579662323,7.457031188096153e-07
24,12.13290023803711,10.377557754516602,1.791978510023995e-10,15.949088096618652,1.8624567166281025e-11
24,12.13290023803711,10.377557754516602,2.9111318390617758e-12,15.967030763626099,3.6115083146270877e-11
24,12.132879257202148,10.377571105957031,1.1781317255099566e-07,15.985889196395874,5.4874515598157814e-08
24,12.132858276367188,10.377584457397461,4.153267313400377e-11,16.004060983657837,5.475558495504629e-08
24,12.132837295532227,10.37759780883789,8.429259026887514e-12,16.022536039352417,5.4748454658692935e-08
24,12.132816314697266,10.37761116027832,4.6904528872016016e-12,16.041030883789062,5.473300035419015e-08
24,12.132794380187988,10.37762451171875,8.393843259346667e-11,16.059092044830322,5.485302168040107e-08
24,12.13249683380127,10.377964973449707,1.3956632756162435e-06,16.076907873153687,1.3497572126652813e-06
24,12.132196426391602,10.378307342529297,4.757606753003074e-09,16.09463095664978,1.3537616041503497e-06
24,12.131895065307617,10.37865161895752,7.377077421155676e-11,16.112648010253906,1.3533938272303203e-06
24,12.131584167480469,10.37900161743164,4.2149508772126865e-08,16.131092071533203,1.369208121104748e-06
24,12.131272315979004,10.379352569580078,7.848471872407004e-12,16.149194955825806,1.3691634421775234e-06
24,12.130958557128906,10.379705429077148,1.5652585130809804e-11,16.168192148208618,1.3691495723833214e-06
24,12.130642890930176,10.380059242248535,1.134319083107016e-09,16.186604738235474,1.3687459841094096e-06
24,12.130326271057129,10.380414962768555,1.3638021267858846e-11,16.2049880027771,1.3687566706721555e-06
24,12.13000774383545,10.380772590637207,1.3711772602759131e-12,16.223116874694824,1.368757693853695e-06
24,12.129688262939453,10.381131172180176,1.380579244675273e-11,16.241044998168945,1.3687322280020453e-06
24,12.128951072692871,10.380203247070312,3.2575467230344657e-06,16.259581089019775,3.537709289958002e-06
24,12.128211975097656,10.379274368286133,1.1110247921317096e-12,16.27795386314392,3.5377099720790284e-06
24,12.127408027648926,10.378296852111816,3.8421529779952834e-07,16.29606795310974,3.721514076460153e-06
25,12.127087593078613,10.378096580505371,1.8764524156722473e-06,16.31467294692993,7.578629492854816e-07
25,12.1267671585083,10.37785530090332,2.2226128493230135e-08,16.333064079284668,9.103210345529078e-07
25,12.126297950744629,10.377379417419434,9.559811360304593e-07,16.351328134536743,1.7868721897684736e-06
25,12.12582015991211,10.37607479095459,6.314288611974916e-07,16.36923098564148,4.921927029499784e-06
25,12.12533950805664,10.374775886535645,9.455700666904931e-10,16.38737392425537,4.915606950817164e-06
25,12.12476634979248,10.373218536376953,6.679434818579466e-07,16.4057297706604,5.936844445386669e-06
25,12.124167442321777,10.37166976928711,1.2470724186641746e-07,16.423576831817627,5.9457865972945e-06
25,12.123566627502441,10.370132446289062,1.632802670847866e-09,16.441377878189087,5.9446874729474075e-06
25,12.122963905334473,10.368605613708496,6.8891394325309996e-12,16.45912504196167,5.944681106484495e-06
25,12.122359275817871,10.36708927154541,3.289736918207081e-13,16.477049827575684,5.944682470726548e-06
25,12.121752738952637,10.365582466125488,3.2971503999279506e-11,16.49563193321228,5.944782060396392e-06
25,12.12114429473877,10.36408519744873,3.0942773343589636e-10,16.513705015182495,5.945982138655381e-06
25,12.119715690612793,10.363189697265625,3.655083901321632e-06,16.532334804534912,3.5529715205484536e-06
25,12.118293762207031,10.362288475036621,3.990133556897035e-09,16.55013680458069,3.5723492146644276e-06
25,12.1168794631958,10.361384391784668,1.8826635805879732e-09,16.56830596923828,3.5785415093414485e-06
25,12.115463256835938,10.360493659973145,3.427108197229245e-08,16.586483001708984,3.5219782148487866e-06
25,12.114053726196289,10.359601974487305,6.918354084062273e-11,16.604830026626587,3.52218512489344e-06
25,12.112001419067383,10.359354972839355,2.775065240712138e-06,16.622806787490845,9.72266661847243e-07
25,12.109980583190918,10.359101295471191,9.996233174547342e-09,16.641047954559326,9.939842584572034e-07
25,12.107990264892578,10.358845710754395,9.29890608958317e-11,16.65974497795105,9.93973003460269e-07
26,12.107979774475098,10.358835220336914,5.587017426478269e-08,16.6784610748291,3.899821621189403e-08
26,12.107969284057617,10.358824729919434,2.6322344304219314e-10,16.696369886398315,3.896454714436004e-08
26,12.107958793640137,10.35881519317627,1.974096719425944e-10,16.714383840560913,3.804573367460762e-08
26,12.107882499694824,10.35900592803955,1.6779699762992095e-07,16.732059955596924,7.268105264301994e-07
26,12.107805252075195,10.359196662902832,5.4631577039998547e-11,16.75014901161194,7.266725106092053e-07
26,12.107728004455566,10.35938835144043,2.998952431873536e-12,16.768431901931763,7.26673874851258e-07
26,12.107649803161621,10.359572410583496,7.3497559149870995e-09,16.786295890808105,6.923358455424022e-07
26,12.10665225982666,10.35804271697998,5.367977337300545e-06,16.8041889667511,5.796656296297442e-06
26,12.1056547164917,10.356523513793945,7.537996268847102e-12,16.822550058364868,5.796669029223267e-06
26,12.104565620422363,10.354951858520508,4.573606418034615e-07,16.840442895889282,6.041871529305354e-06
26,12.103477478027344,10.353391647338867,2.0008072976196445e-10,16.85838484764099,6.041697815817315e-06
26,12.10239028930664,10.351842880249023,4.3035949803815754e-11,16.876827001571655,6.041665983502753e-06
26,12.10129451751709,10.350310325622559,4.099875638985395e-08,16.89463782310486,6.0192946875758935e-06
26,12.100199699401855,10.348787307739258,1.0651834969621632e-09,16.912941932678223,6.020408818585565e-06
26,12.099105834960938,10.347274780273438,3.075962661663878e-12,16.931299924850464,6.020410182827618e-06
26,12.098012924194336,10.345771789550781,9.276533534385845e-12,16.94933295249939,6.020431101205759e-06
26,12.096916198730469,10.343587875366211,5.230302804193343e-07,16.967582941055298,8.919769243220799e-06
26,12.095821380615234,10.34144401550293,3.550955363085251e-11,16.98564100265503,8.919735591916833e-06
26,12.094686508178711,10.339227676391602,2.516419215226051e-07,17.0036518573761,9.411078281118535e-06
26,12.09355354309082,10.337053298950195,1.1791137510819283e-10,17.02195906639099,9.411061910213903e-06
27,12.093481063842773,10.337104797363281,2.507336489543377e-07,17.040074110031128,2.2034510038793087e-07
27,12.093408584594727,10.337156295776367,5.656283080801572e-11,17.058377027511597,2.2063498761326628e-07
27,12.093339920043945,10.33699893951416,1.3504930507224344e-07,17.076112031936646,6.713847824357799e-07
27,12.093270301818848,10.336840629577637,1.1701033475475242e-09,17.094550132751465,6.700335575260397e-07
27,12.09320068359375,10.336682319641113,3.583066482404362e-11,17.112242937088013,6.699555115119438e-07
27,12.093130111694336,10.336523056030273,6.536399199674747e-11,17.1308491230011,6.699913797092449e-07
27,12.09303092956543,10.336341857910156,1.2436048280051182e-07,17.148968935012817,7.570374691567849e-07
27,12.092931747436523,10.336159706115723,1.1097203884979923e-11,17.167251110076904,7.570257594124996e-07
27,12.092789649963379,10.335881233215332,2.2887165584961622e-07,17.185409784317017,1.1551400120879407e-06
27,12.091832160949707,10.33523178100586,3.3545688893354964e-06,17.203968048095703,2.6819225240615197e-06
27,12.090874671936035,10.334580421447754,4.217043658716335e-10,17.22255277633667,2.6828108730114764e-06
27,12.089919090270996,10.33385944366455,3.8987785444533074e-08,17.24063801765442,2.9640650609508157e-06
27,12.08896255493164,10.333137512207031,9.009428758588456e-10,17.258558988571167,2.961446853078087e-06
27,12.088006019592285,10.332412719726562,2.2394289200811102e-10,17.276385068893433,2.9640566481248243e-06
27,12.087048530578613,10.331686019897461,6.570635095043409e-12,17.294214963912964,2.9640407319675433e-06
27,12.086091041564941,10.330957412719727,9.324123504544923e-13,17.31279492378235,2.9640382308571134e-06
27,12.085132598876953,10.330227851867676,4.729285851823306e-10,17.330816984176636,2.9647389965248294e-06
27,12.08416748046875,10.329304695129395,1.530412845340834e-07,17.348712921142578,3.745208687178092e-06
27,12.08318042755127,10.328316688537598,1.1878607608650782e-07,17.366440057754517,4.009375516034197e-06
27,12.082193374633789,10.3273286819458,5.213452065888635e-12,17.38419485092163,4.0093937059282325e-06
28,12.082193374633789,10.3273286819458,2.969218274029295e-11,17.40260887145996,5.1386299729228035e-12
28,12.082193374633789,10.3273286819458,5.142429451016062e-12,17.423614978790283,2.5098569056414277e-12
28,12.082193374633789,10.3273286819458,5.974535102759582e-13,17.445717096328735,5.475482046934932e-12
28,12.082193374633789,10.3273286819458,2.5757676547222275e-10,17.46688175201416,5.262677099659996e-11
28,12.082154273986816,10.327167510986328,2.3183231689927197e-07,17.486681938171387,6.37184029983473e-07
28,12.082113265991211,10.326997756958008,1.1606145378095789e-08,17.50729775428772,6.675513191112259e-07
28,12.082072257995605,10.326827049255371,3.1419324607318e-12,17.525532960891724,6.675523422927654e-07
28,12.081706047058105,10.326905250549316,8.854920565681823e-07,17.54373788833618,3.046632741643407e-07
28,12.080948829650879,10.326759338378906,1.3876305047233473e-06,17.56184411048889,5.668284757121e-07
28,12.080190658569336,10.32661247253418,9.459872989114881e-12,17.579757928848267,5.668259746016702e-07
28,12.07943058013916,10.326464653015137,2.686353309938605e-12,17.598001956939697,5.668291009897075e-07
28,12.078668594360352,10.326316833496094,8.372939841461147e-11,17.6159508228302,5.660578494826041e-07
28,12.077905654907227,10.326168060302734,1.3358169822022536e-12,17.63389801979065,5.660555757458496e-07
28,12.077140808105469,10.326018333435059,4.829967589076167e-12,17.65254497528076,5.660784836436505e-07
28,12.075736999511719,10.326004028320312,1.8450897414368228e-06,17.67107582092285,5.260307034404832e-08
28,12.074338912963867,10.325990676879883,1.3270973209245085e-09,17.689866065979004,5.051651896792464e-08
28,12.072793960571289,10.325920104980469,4.937313633490703e-07,17.708364963531494,2.641354512888938e-07
28,12.071250915527344,10.325872421264648,1.1888218409694673e-08,17.727254152297974,1.781510974296907e-07
28,12.069718360900879,10.325823783874512,7.096628146241457e-11,17.745306968688965,1.7911438021656068e-07
28,12.068196296691895,10.325775146484375,2.109987011500447e-11,17.76318907737732,1.7920089590006683e-07
29,12.06818962097168,10.325793266296387,7.0098087334713455e-09,17.781733989715576,6.606805413866823e-08
29,12.068182945251465,10.325811386108398,4.63736826716854e-11,17.799542903900146,6.607660196777942e-08
29,12.068174362182617,10.325821876525879,9.43826172772333e-09,17.81786298751831,3.860976960368134e-08
29,12.06747817993164,10.324581146240234,2.5905301299644634e-06,17.836176872253418,4.502554475038778e-06
29,12.066781044006348,10.323343276977539,4.1947689766175245e-10,17.853899002075195,4.506152436078992e-06
29,12.066082000732422,10.322108268737793,2.561514889087846e-11,17.871717929840088,4.506116511038272e-06
29,12.065342903137207,10.320500373840332,3.263294559019414e-07,17.889570951461792,5.9176795730309095e-06
29,12.064602851867676,10.318904876708984,3.831555211997184e-11,17.907864809036255,5.918234819546342e-06
29,12.063859939575195,10.31732177734375,8.969355258514611e-10,17.925925970077515,5.9165299717278685e-06
29,12.063116073608398,10.315743446350098,2.8528697182395035e-09,17.944479942321777,5.94326274949708e-06
29,12.062146186828613,10.314102172851562,6.000508392389747e-07,17.962475061416626,6.236281478777528e-06
29,12.061176300048828,10.312474250793457,2.2431131951883287e-10,17.980988025665283,6.236338322196389e-06
29,12.060105323791504,10.310478210449219,4.818999173039629e-07,17.998878002166748,7.76617343944963e-06
29,12.058979034423828,10.308394432067871,2.0804438349841803e-07,18.016613006591797,8.249639904533979e-06
29,12.057846069335938,10.3063325881958,2.699332490863071e-08,18.034805059432983,8.298970897158142e-06
29,12.05671501159668,10.304303169250488,2.240576214146417e-12,18.05299210548401,8.298980901599862e-06
29,12.05546760559082,10.302470207214355,1.5516388884861954e-07,18.071226835250854,7.588803782709874e-06
29,12.05422306060791,10.300660133361816,2.1303452335530437e-09,18.089235067367554,7.581540103274165e-06
29,12.052976608276367,10.298812866210938,4.8823103782069666e-08,18.10704278945923,7.834069947421085e-06
29,12.051733016967773,10.296987533569336,3.643684798326774e-10,18.12477707862854,7.834362804715056e-06
30,12.051729202270508,10.29696273803711,2.3172585628117304e-08,18.143481969833374,1.0544118111965872e-07
30,12.051725387573242,10.296937942504883,1.9534809880816795e-10,18.161381006240845,1.0732589572626239e-07
30,12.051721572875977,10.29691219329834,2.0256283358565524e-13,18.179417848587036,1.0732617994335669e-07
30,12.051717758178711,10.296886444091797,4.417632579190034e-11,18.197836875915527,1.0792017945959742e-07
30,12.051704406738281,10.29683780670166,3.353498101432706e-08,18.215715885162354,2.0434018210835347e-07
30,12.05168342590332,10.29680061340332,8.073144819320532e-09,18.23362898826599,1.5618707038811408e-07
30,12.05166244506836,10.296762466430664,2.2462850264755307e-13,18.251555919647217,1.5618552140495012e-07
30,12.0514497756958,10.29666519165039,4.120753089864593e-07,18.269285917282104,4.0134489154297626e-07
30,12.051236152648926,10.296565055847168,1.3364973572294048e-09,18.2873318195343,4.1031290720638935e-07
30,12.051020622253418,10.296464920043945,1.225364948398422e-10,18.30533194541931,4.1049517562896654e-07
30,12.050810813903809,10.29615306854248,1.1626904239392388e-07,18.323135137557983,1.2683691466008895e-06
30,12.050599098205566,10.295839309692383,3.22324167356669e-10,18.34100890159607,1.269341282750247e-06
30,12.050386428833008,10.295524597167969,2.0714015897503602e-13,18.35945200920105,1.2693394637608435e-06
30,12.050169944763184,10.29520320892334,8.186183286795767e-09,18.377465963363647,1.2894186056655599e-06
30,12.049836158752441,10.294842720031738,2.3695034201409726e-07,18.395889043807983,1.4402642136701616e-06
30,12.049500465393066,10.294480323791504,1.8520902866914213e-10,18.414296865463257,1.4410638868866954e-06
30,12.049156188964844,10.294105529785156,2.0552318957811622e-08,18.432783842086792,1.4842133850834216e-06
30,12.04880428314209,10.293559074401855,1.0938700967244586e-07,18.450721740722656,2.1545351955865044e-06
30,12.04845142364502,10.293006896972656,1.5122360030872528e-09,18.468870878219604,2.1697321699321037e-06
30,12.048096656799316,10.29245376586914,2.454014214059441e-10,18.48705291748047,2.1668622594006592e-06
31,12.048096656799316,10.29245376586914,5.35174612958933e-11,18.50544500350952,4.687559021498977e-11
31,12.048095703125,10.292454719543457,1.5165163569363926e-09,18.523505926132202,5.132684499642437e-09
31,12.048091888427734,10.292451858520508,6.9395453827780784e-09,18.541810989379883,1.1321179549383942e-08
31,12.048088073730469,10.292448997497559,1.981172691178923e-11,18.560216903686523,1.1341339423154295e-08
31,12.048084259033203,10.292445182800293,2.1520488169279872e-10,18.578147888183594,1.3015728939080873e-08
31,12.048080444335938,10.292441368103027,9.929989122636762e-12,18.596714973449707,1.3012933841594077e-08
31,12.047881126403809,10.292572021484375,2.5111938839472714e-07,18.614543914794922,4.944952252117218e-07
31,12.047680854797363,10.292703628540039,4.825641297147298e-13,18.63309383392334,4.944935767525749e-07
31,12.047479629516602,10.292835235595703,1.9162023178051144e-14,18.651369094848633,4.944930651618051e-07
31,12.04726791381836,10.292984008789062,5.795574686828786e-09,18.669519901275635,5.552699917643622e-07
31,12.0470552444458,10.293133735656738,2.0305060259052932e-13,18.68798279762268,5.552707307288074e-07
31,12.046455383300781,10.29276180267334,8.998709972729557e-07,18.705952167510986,1.3749114486927283e-06
31,12.045853614807129,10.292387962341309,1.5079885257174297e-11,18.723917961120605,1.3751417782259523e-06
31,12.045248031616211,10.292010307312012,3.7490694992925455e-09,18.741984128952026,1.381114884679846e-06
31,12.04464054107666,10.291629791259766,7.141874314164909e-10,18.760415077209473,1.3862060086466954e-06
31,12.044007301330566,10.291261672973633,2.765662898696064e-08,18.778295755386353,1.3350852441362804e-06
31,12.04336929321289,10.29089641571045,2.2018025180869927e-09,18.79614281654358,1.3215814078648691e-06
31,12.042729377746582,10.290529251098633,7.121403076612576e-13,18.81409001350403,1.3215951639722334e-06
31,12.041996955871582,10.290185928344727,1.1551662737474544e-07,18.83261489868164,1.229795657309296e-06
31,12.04126262664795,10.289840698242188,2.660571762902464e-11,18.8505859375,1.229970052918361e-06
32,12.04126262664795,10.289840698242188,2.144649258531417e-12,18.868566751480103,3.057781805537729e-11
32,12.041260719299316,10.289837837219238,3.6605765085795383e-09,18.886351823806763,1.060291232590771e-08
32,12.041292190551758,10.289556503295898,9.739996897906167e-08,18.904167890548706,9.880031939246692e-07
32,12.0413236618042,10.289274215698242,4.918241751090523e-15,18.922518730163574,9.880030802378315e-07
32,12.041315078735352,10.288973808288574,6.226491677807644e-08,18.940955877304077,1.0469839253346436e-06
32,12.041223526000977,10.288677215576172,1.0800806649058359e-07,18.95908212661743,1.0274034139001742e-06
32,12.041131019592285,10.288379669189453,9.640663961585361e-11,18.97758388519287,1.0271247674609185e-06
32,12.041038513183594,10.288080215454102,1.8720384617476604e-11,18.99548077583313,1.027389203045459e-06
32,12.040946006774902,10.287775039672852,1.6660053336892133e-09,19.013253927230835,1.043523525368073e-06
32,12.040852546691895,10.287468910217285,6.394217794136736e-11,19.0314519405365,1.0428885843793978e-06
32,12.04075813293457,10.287160873413086,1.8205987254880582e-14,19.049378871917725,1.0428886980662355e-06
32,12.040661811828613,10.286835670471191,1.0801957550654606e-08,19.067572116851807,1.0986320830852492e-06
32,12.04056453704834,10.286508560180664,4.292775163117213e-11,19.08563208580017,1.0982431604134035e-06
32,12.040467262268066,10.28618049621582,1.5102660129982272e-14,19.10375690460205,1.0982432741002413e-06
32,12.040367126464844,10.285849571228027,3.0383067173289646e-09,19.121449947357178,1.10007658804534e-06
32,12.040265083312988,10.285518646240234,5.818572290650081e-10,19.139708995819092,1.09778477508371e-06
32,12.04012680053711,10.28521728515625,2.8951287589507047e-08,19.157779932022095,9.94934680420556e-07
32,12.040006637573242,10.284839630126953,1.2533772242306895e-08,19.175696849822998,1.2409391274559312e-06
32,12.039885520935059,10.28446102142334,1.2074157229591265e-09,19.19412899017334,1.2397717910062056e-06
32,12.039763450622559,10.284080505371094,8.30704255383452e-11,19.211928844451904,1.2401799267536262e-06
33,12.039763450622559,10.284079551696777,8.889051161808936e-10,19.23188591003418,3.913752433248874e-09
33,12.039763450622559,10.284078598022461,2.3858055288317193e-12,19.251713037490845,3.911676760282035e-09
33,12.039763450622559,10.284077644348145,1.0779760330897892e-12,19.277113914489746,3.922017821622603e-09
33,12.039763450622559,10.284076690673828,2.4618734134618236e-11,19.310150861740112,3.9501748538839365e-09
33,12.039761543273926,10.284077644348145,7.755110442708713e-10,19.33644700050354,1.5148002852072295e-09
33,12.039759635925293,10.284078598022461,7.399145185438272e-11,19.358695030212402,2.4690165467688985e-09
33,12.03975772857666,10.284079551696777,1.0872540931808339e-12,19.379608869552612,2.460233350376484e-09
33,12.039756774902344,10.284076690673828,5.988766149656044e-10,19.399049043655396,7.888159458957489e-09
33,12.039755821228027,10.284073829650879,6.657374738289201e-12,19.41931390762329,7.891032716145219e-09
33,12.039754867553711,10.28407096862793,2.538561808679285e-12,19.438987016677856,7.884182195994072e-09
33,12.039755821228027,10.284059524536133,1.4202032883048332e-09,19.45877480506897,3.452417018934284e-08
33,12.039750099182129,10.284031867980957,1.4209675214260642e-08,19.478364944458008,8.440913745744183e-08
33,12.03973388671875,10.283977508544922,2.4220682348641276e-08,19.49683380126953,1.6657988055612805e-07
33,12.039719581604004,10.283910751342773,3.176104712565575e-09,19.515342950820923,2.038442943330665e-07
33,12.039704322814941,10.283843040466309,1.8892856029628646e-11,19.53343391418457,2.0411091838923312e-07
33,12.039689064025879,10.283775329589844,3.7853302713468026e-14,19.551988124847412,2.041104352201728e-07
33,12.039673805236816,10.283705711364746,1.1383586295821146e-09,19.570326805114746,2.0771348374637455e-07
33,12.039657592773438,10.2836275100708,3.929772951494215e-09,19.58901596069336,2.335150810495179e-07
33,12.039640426635742,10.283549308776855,1.1860060711299525e-09,19.60751485824585,2.3235868695792306e-07
33,12.03945541381836,10.283621788024902,1.1713405001501087e-07,19.626094818115234,2.1260903793063335e-07
34,12.039441108703613,10.283622741699219,1.4949058879665245e-08,19.644110918045044,2.933862930376563e-09
34,12.039426803588867,10.283622741699219,1.2976493490857166e-10,19.66236901283264,1.3821233046940051e-09
34,12.039412498474121,10.283622741699219,6.75133820376983e-12,19.680121898651123,1.2756761202936673e-09
34,12.039399147033691,10.283612251281738,3.6424971927573324e-09,19.69811487197876,3.158849892770377e-08
34,12.039385795593262,10.283600807189941,7.389917844324856e-11,19.716449737548828,3.16742969630468e-08
34,12.039372444152832,10.283589363098145,1.5032249750523974e-11,19.73427700996399,3.1669902256226123e-08
34,12.039288520812988,10.283625602722168,5.316780971043045e-08,19.752315044403076,1.0227735458556708e-07
34,12.039203643798828,10.283661842346191,1.4037343336326114e-11,19.77058696746826,1.0220059465382292e-07
34,12.039118766784668,10.283698081970215,1.2571473029243663e-10,19.7887179851532,1.0206005640611693e-07
34,12.039032936096191,10.283734321594238,1.2426881572380477e-11,19.8069269657135,1.019929101175876e-07
34,12.038881301879883,10.28360652923584,1.3092213180243562e-07,19.824909925460815,3.5746933235714096e-07
34,12.038429260253906,10.283717155456543,2.0285187929403037e-07,19.843327045440674,3.064949396502925e-07
34,12.037976264953613,10.283827781677246,5.568097117278695e-14,19.861222982406616,3.064958775667037e-07
34,12.037521362304688,10.283939361572266,1.900243712382732e-10,19.879308938980103,3.056034927340079e-07
34,12.037063598632812,10.284050941467285,1.474708410942327e-10,19.897094011306763,3.060656865727651e-07
34,12.036604881286621,10.284163475036621,3.2225798093400704e-13,19.914875030517578,3.060669939713989e-07
34,12.035839080810547,10.283676147460938,5.121267463437107e-07,19.932637929916382,1.3217697869549738e-06
34,12.03471851348877,10.282819747924805,4.6268178266473114e-07,19.95043683052063,2.31970034292317e-06
34,12.033598899841309,10.281961441040039,3.4115915648058603e-10,19.968842029571533,2.320520025023143e-06
34,12.032526016235352,10.28072452545166,1.0674310857439195e-07,19.98833703994751,3.3533735859236913e-06
35,12.032516479492188,10.280709266662598,1.3711189517096045e-08,20.011682987213135,4.1999051347829663e-08
35,12.032487869262695,10.280679702758789,2.080731142939385e-08,20.02956795692444,7.855355477204284e-08
35,12.032458305358887,10.28065013885498,1.323592624391523e-10,20.047969102859497,7.923316758251531e-08
35,12.032428741455078,10.280620574951172,3.0982321742867303e-12,20.066014051437378,7.923606659687721e-08
35,12.03239917755127,10.280591011047363,2.510722966336809e-12,20.083904027938843,7.924708000928149e-08
35,12.032343864440918,10.280319213867188,1.0965444374733124e-07,20.101739168167114,7.165402280406852e-07
35,12.032285690307617,10.280040740966797,4.146841980912086e-09,20.1195547580719,7.293182306966628e-07
35,12.032092094421387,10.279881477355957,6.122037632394495e-08,20.13788080215454,4.1597445488150697e-07
35,12.031889915466309,10.279725074768066,4.752348736758449e-09,20.155946016311646,4.056745694924757e-07
35,12.031686782836914,10.27956771850586,5.1910059584159285e-11,20.173951148986816,4.057470164298138e-07
35,12.031482696533203,10.279409408569336,7.571208742417068e-14,20.192161798477173,4.057482385633193e-07
35,12.031277656555176,10.279251098632812,1.8301683085697462e-11,20.209954977035522,4.058005913520901e-07
35,12.030911445617676,10.279199600219727,7.962192682953173e-08,20.227827072143555,1.3027357681494323e-07
35,12.030543327331543,10.27914810180664,1.4301573814101687e-10,20.245716094970703,1.3053121961092984e-07
35,12.030173301696777,10.279095649719238,1.2049639064315443e-10,20.263606071472168,1.3129975684478268e-07
35,12.029801368713379,10.279043197631836,6.6362596841396115e-12,20.281523942947388,1.3131310083736025e-07
35,12.029427528381348,10.278989791870117,4.747578441488542e-10,20.299481868743896,1.3254170028176304e-07
35,12.029052734375,10.278936386108398,3.795296108638491e-12,20.31776189804077,1.3254394559680804e-07
35,12.028594970703125,10.278887748718262,5.2571568431858395e-08,20.335863828659058,1.2060743870279111e-07
35,12.028135299682617,10.278839111328125,9.920222629467013e-12,20.353933811187744,1.2057080311933532e-07
36,12.028093338012695,10.278790473937988,4.3744392996813986e-08,20.371925115585327,1.1867428639789068e-07
36,12.028051376342773,10.278732299804688,2.9771576315340553e-09,20.389895915985107,1.4169154383125715e-07
36,12.027971267700195,10.278719902038574,8.398250983532307e-09,20.407628059387207,2.996308978708839e-08
36,12.0278902053833,10.278707504272461,6.128245426308826e-14,20.426888942718506,2.996350900730249e-08
36,12.02779483795166,10.278543472290039,5.969106098291377e-08,20.446457862854004,3.9385579952977423e-07
36,12.027693748474121,10.278374671936035,4.6644768048054175e-09,20.4649338722229,4.031970490814274e-07
36,12.02756118774414,10.278223991394043,1.2321753395383439e-08,20.483470916748047,3.57984077936635e-07
36,12.027432441711426,10.278059005737305,1.946778738215471e-09,20.50131893157959,3.902144385392603e-07
36,12.027302742004395,10.277892112731934,2.560462397660501e-10,20.519437789916992,3.912473971467989e-07
36,12.027172088623047,10.277724266052246,9.073231055367614e-11,20.537328004837036,3.9173738741737907e-07
36,12.0270414352417,10.277556419372559,3.436302674700298e-12,20.555896997451782,3.91687791534423e-07
36,12.026909828186035,10.277387619018555,2.01110639643301e-13,20.5746808052063,3.916868536180118e-07
36,12.026777267456055,10.277217864990234,1.9324284197558966e-13,20.593225955963135,3.916854609542497e-07
36,12.026643753051758,10.277047157287598,2.4093790851331676e-10,20.611097812652588,3.9146320318650396e-07
36,12.026461601257324,10.276876449584961,2.683593436358933e-08,20.629544019699097,3.8887287701072637e-07
36,12.026270866394043,10.276435852050781,8.962832254155728e-08,20.647329092025757,1.001095597530366e-06
36,12.026079177856445,10.275993347167969,9.038793324922523e-11,20.665457010269165,1.0014065310315345e-06
36,12.025886535644531,10.275548934936523,1.0904815462078887e-12,20.683684825897217,1.001421082946763e-06
36,12.0256929397583,10.275102615356445,6.54583470218427e-14,20.701903820037842,1.0014227882493287e-06
36,12.025498390197754,10.27465534210205,4.8843992273093356e-14,20.7200288772583,1.001422674562491e-06
