Iteration,M2,D2,V2,Loss
0,10.099993705749512,7.500125885009766,2.099997043609619,0.009418600238859653
0,10.45837688446045,7.147150039672852,2.2250611782073975,0.000649734865874052
0,10.743682861328125,6.839935779571533,2.159698724746704,0.00039176418795250356
0,11.028878211975098,6.428326606750488,1.7624181509017944,0.001433308469131589
0,11.287049293518066,6.112502098083496,1.766843318939209,0.002570786979049444
1,11.138298034667969,6.229669570922852,2.237799644470215,0.006927302572876215
1,11.00521183013916,6.349760055541992,2.5195014476776123,0.0025384449400007725
1,10.889554977416992,6.459647178649902,2.6319680213928223,0.008011171594262123
1,10.826168060302734,6.631189346313477,2.4966964721679688,0.01606285758316517
1,10.802384376525879,6.808028697967529,2.2136645317077637,0.01053506601601839
2,10.798184394836426,6.81840181350708,2.1618645191192627,0.0011989446356892586
2,10.789560317993164,6.8403401374816895,2.0724496841430664,0.0006624785019084811
2,10.838067054748535,6.85419225692749,1.8735181093215942,0.0022130899596959352
2,10.889290809631348,6.865434169769287,1.7245525121688843,0.0007084145327098668
2,10.956012725830078,6.883605003356934,1.6683942079544067,0.0035515143536031246
3,10.964859008789062,6.921633243560791,1.796241044998169,0.005862020421773195
3,10.98145866394043,6.963349342346191,1.977892518043518,0.00192037015222013
3,10.997828483581543,7.005318641662598,2.1530988216400146,9.373021384817548e-06
3,11.020591735839844,7.048321723937988,2.280090808868408,0.0011481770779937506
3,11.067266464233398,7.1124749183654785,2.3213984966278076,0.004287573508918285
4,11.069750785827637,7.21372652053833,2.2471354007720947,0.004333827644586563
4,11.127527236938477,7.325069904327393,2.071213483810425,0.005379125941544771
4,11.184900283813477,7.432064533233643,1.8937859535217285,0.0001372463011648506
4,11.250313758850098,7.5234150886535645,1.7422329187393188,0.0004151671309955418
4,11.327472686767578,7.616252422332764,1.6491148471832275,0.00290745054371655
5,11.148357391357422,7.9109787940979,1.8954071998596191,0.017841612920165062
5,10.98397445678711,8.162837982177734,2.130013942718506,0.00047971890307962894
5,10.828717231750488,8.389228820800781,2.3273377418518066,0.0006971766124479473
5,10.695659637451172,8.599206924438477,2.4674198627471924,0.00489676371216774
5,10.597710609436035,8.801275253295898,2.536217212677002,0.009905081242322922
6,10.6381196975708,8.810781478881836,2.458112955093384,0.012613516300916672
6,10.710027694702148,8.827483177185059,2.3164522647857666,0.009514960460364819
6,10.797538757324219,8.848172187805176,2.1388583183288574,0.004689623136073351
6,10.886881828308105,8.869426727294922,1.9549920558929443,0.0008702775812707841
6,10.975366592407227,8.895964622497559,1.7869203090667725,0.00011320689372951165
7,10.984417915344238,8.892568588256836,1.8125782012939453,0.0020322578493505716
7,11.018601417541504,8.892815589904785,1.8523203134536743,0.0014771122951060534
7,11.055732727050781,8.8941650390625,1.9102858304977417,0.000979978241957724
7,11.094125747680664,8.89583683013916,1.9788438081741333,0.0003585690865293145
7,11.13267707824707,8.897523880004883,2.049588680267334,2.0163530280115083e-05
8,11.132694244384766,8.89769172668457,2.044316291809082,9.11615788936615e-05
8,11.132011413574219,8.897933959960938,2.037010669708252,1.6926727766986005e-05
8,11.13149356842041,8.898048400878906,2.0253872871398926,5.6975550251081586e-05
8,11.130914688110352,8.898168563842773,2.0111308097839355,2.1114103219588287e-05
8,11.130335807800293,8.898329734802246,1.995514154434204,5.086747478344478e-06
9,11.13033676147461,8.898327827453613,1.9960293769836426,7.874451739553479e-07
9,11.130339622497559,8.898327827453613,1.9970335960388184,6.973634185669653e-07
9,11.130338668823242,8.898326873779297,1.9981615543365479,4.3003851146750094e-08
9,11.13033676147461,8.898326873779297,1.999356985092163,1.248293557409852e-08
9,11.130335807800293,8.898326873779297,2.0006675720214844,3.425628136710657e-08
10,11.318392753601074,8.920478820800781,1.8900465965270996,0.003958316054195166
10,11.496766090393066,8.942956924438477,1.793733835220337,0.0005159429274499416
10,11.669242858886719,8.966554641723633,1.7222111225128174,0.0018117553554475307
10,11.840550422668457,8.992339134216309,1.6815316677093506,0.0031216666102409363
10,12.010765075683594,9.00842571258545,1.6788724660873413,0.004328393843024969
11,12.0198392868042,9.011821746826172,1.7143776416778564,0.004096492659300566
11,12.029959678649902,9.014169692993164,1.7501146793365479,1.0769595064630266e-05
11,12.046034812927246,9.018783569335938,1.812309980392456,0.0023922992404550314
11,12.068232536315918,9.039756774902344,1.8754990100860596,0.00012576834706123918
11,12.091941833496094,9.061227798461914,1.951217532157898,0.0005889696767553687
12,12.09247875213623,9.060967445373535,1.9558007717132568,7.959325012052432e-05
12,12.09326171875,9.060704231262207,1.9649029970169067,7.179829844972119e-05
12,12.094178199768066,9.0606050491333,1.9777034521102905,4.673501098295674e-05
12,12.095130920410156,9.060479164123535,1.992900013923645,1.8682416339288466e-05
12,12.096074104309082,9.060310363769531,2.0089004039764404,1.7929800151250674e-06
13,12.09608268737793,9.060324668884277,2.0079524517059326,3.0460587367997505e-06
13,12.09620189666748,9.060216903686523,2.0064120292663574,9.782734196051024e-07
13,12.096311569213867,9.060124397277832,2.004159688949585,1.6817816685943399e-06
13,12.09647274017334,9.060044288635254,2.001481533050537,4.973972522748227e-07
13,12.096631050109863,9.059959411621094,1.9986329078674316,8.281664065634686e-08
14,12.09662914276123,9.059959411621094,1.9987965822219849,8.509210402962708e-08
14,12.096627235412598,9.059959411621094,1.9990862607955933,5.023399651804539e-08
14,12.096513748168945,9.059918403625488,1.9997485876083374,3.167002375903394e-07
14,12.0929536819458,9.057727813720703,2.0014047622680664,3.5922537335864035e-06
14,12.08937931060791,9.055527687072754,2.002920150756836,6.734517654649608e-08
15,12.084614753723145,9.067304611206055,2.000955820083618,4.838290624320507e-05
15,12.079816818237305,9.079151153564453,1.9987826347351074,1.2655851833187626e-07
15,12.076841354370117,9.095291137695312,1.994069218635559,6.562665930687217e-06
15,12.07381534576416,9.111614227294922,1.9901862144470215,2.081750835714047e-06
15,12.070785522460938,9.128005981445312,1.987386703491211,3.5768096040555974e-06
16,12.071065902709961,9.128000259399414,1.9883091449737549,3.287355639258749e-06
16,12.071301460266113,9.127973556518555,1.9893110990524292,3.2768767255220155e-07
16,12.071595191955566,9.128009796142578,1.9915144443511963,4.254041868989589e-06
16,12.070910453796387,9.127799987792969,1.995853066444397,7.219528924906626e-06
16,12.070199966430664,9.127591133117676,2.000753164291382,7.767185365992191e-07
17,12.07020092010498,9.127589225769043,2.000692367553711,1.0186993470995276e-08
17,12.070202827453613,9.127588272094727,2.000551462173462,1.7171352340028534e-08
17,12.070178985595703,9.127591133117676,2.000532627105713,3.5882600002423715e-08
17,12.070268630981445,9.127711296081543,2.0003373622894287,1.0840031450243259e-07
17,12.070359230041504,9.12783145904541,2.000114679336548,1.8307646509896358e-09
18,12.069775581359863,9.128621101379395,2.0014398097991943,3.0074245387368137e-06
18,12.069189071655273,9.129413604736328,2.0026023387908936,7.461410689302284e-08
18,12.068601608276367,9.130208015441895,2.0034637451171875,2.421199951641029e-07
18,12.0679349899292,9.13101577758789,2.0038585662841797,6.67646020247048e-07
18,12.067265510559082,9.131826400756836,2.003788471221924,5.523681920749368e-07
19,12.067588806152344,9.132161140441895,2.002899169921875,1.2723623967758613e-06
19,12.067949295043945,9.132498741149902,2.0019078254699707,2.8213964498036148e-08
19,12.068310737609863,9.132840156555176,2.000664234161377,1.5023242383449542e-07
19,12.068687438964844,9.133194923400879,1.9993704557418823,1.2356128564761093e-08
19,12.069038391113281,9.133562088012695,1.9979453086853027,4.890175375749095e-08
20,12.069028854370117,9.133564949035645,1.9982467889785767,2.0918223242460954e-07
20,12.068924903869629,9.133644104003906,1.9991159439086914,6.403822112588387e-07
20,12.068819999694824,9.133724212646484,2.0001072883605957,3.228868905580384e-08
20,12.06833553314209,9.135237693786621,1.9999370574951172,3.999667114840122e-06
20,12.067841529846191,9.136760711669922,1.9998540878295898,1.682166406169472e-08
21,12.067841529846191,9.136760711669922,1.999881625175476,1.699328566751035e-09
21,12.067841529846191,9.136760711669922,1.999906301498413,3.3694692869179477e-11
21,12.067707061767578,9.136778831481934,2.000347137451172,2.767997386854404e-07
21,12.0675630569458,9.136795997619629,2.000694990158081,2.22613607547828e-08
21,12.067418098449707,9.13681411743164,2.0009477138519287,2.04534558179148e-08
22,12.067306518554688,9.13708782196045,2.001527786254883,6.330521387098997e-07
22,12.0672025680542,9.13736629486084,2.0019123554229736,8.018930941489089e-08
22,12.067076683044434,9.137652397155762,2.001990795135498,2.1499636204680428e-07
22,12.063687324523926,9.139705657958984,2.0015687942504883,9.371321539219934e-06
22,12.060281753540039,9.141768455505371,2.0009355545043945,9.000259382219156e-08
23,12.060285568237305,9.141767501831055,2.00083589553833,1.9647231397357245e-08
23,12.06028938293457,9.141767501831055,2.0006136894226074,3.007404814070469e-08
23,12.060296058654785,9.141768455505371,2.000321626663208,9.206004847328586e-09
23,12.06282901763916,9.149984359741211,1.995774507522583,1.4211307643563487e-05
23,12.065360069274902,9.158217430114746,1.991787075996399,6.448507861023245e-07
24,12.065475463867188,9.158252716064453,1.9927606582641602,2.0683955881395377e-06
24,12.06552505493164,9.15809440612793,1.99467933177948,1.5422608612425392e-06
24,12.065449714660645,9.159067153930664,1.9982099533081055,4.788056685356423e-06
24,12.060043334960938,9.164704322814941,2.001302480697632,1.7164597011287697e-05
24,12.054611206054688,9.170385360717773,2.0044710636138916,9.806577772053515e-09
25,12.062962532043457,9.181282043457031,1.9964200258255005,2.078711440844927e-05
25,12.071248054504395,9.192206382751465,1.9890331029891968,7.667147201573243e-07
25,12.044305801391602,9.207906723022461,2.008725881576538,0.0001433434954378754
25,12.017276763916016,9.22368049621582,2.027240037918091,2.8760980512743117e-06
25,11.99014949798584,9.239590644836426,2.0419466495513916,2.76514510915149e-05
26,11.990501403808594,9.239657402038574,2.0356571674346924,6.826345634181052e-05
26,11.997966766357422,9.251076698303223,2.0289571285247803,2.4880208002286963e-05
26,12.005047798156738,9.263067245483398,2.018319606781006,2.9775699658785015e-05
26,12.011570930480957,9.275389671325684,2.0054373741149902,1.0753317837952636e-05
26,12.018126487731934,9.287773132324219,1.9916819334030151,1.1238687420700444e-06
27,12.018386840820312,9.287747383117676,1.9918198585510254,1.4653113566964748e-07
27,12.018463134765625,9.289070129394531,1.9913122653961182,9.133888738688256e-07
27,12.018593788146973,9.290419578552246,1.9920814037322998,2.784042635539663e-06
27,12.018476486206055,9.291333198547363,1.9940290451049805,1.7043511206793482e-06
27,12.006412506103516,9.304234504699707,2.0065934658050537,3.916060450137593e-05
28,12.006453514099121,9.304277420043945,2.005502939224243,1.8263766605741694e-06
28,12.006422996520996,9.304351806640625,2.0035858154296875,1.162801140708325e-06
28,12.006326675415039,9.30440616607666,2.001207113265991,3.713510636771389e-07
28,12.006235122680664,9.304464340209961,1.9986070394515991,6.595277568521851e-08
28,12.006206512451172,9.31002426147461,1.9935542345046997,7.459339485649252e-06
29,12.006292343139648,9.310029029846191,1.9935797452926636,3.5593256342281165e-08
29,12.006396293640137,9.31002426147461,1.9946047067642212,1.5122856211746694e-06
29,12.00637435913086,9.309816360473633,1.995949387550354,1.1992767667834414e-07
29,12.006763458251953,9.310260772705078,1.9981377124786377,1.7051852410077117e-06
29,11.999467849731445,9.315529823303223,2.0068016052246094,1.0891111742239445e-05
30,11.999613761901855,9.315475463867188,2.0056068897247314,1.8221743403046275e-06
30,11.999608039855957,9.316414833068848,2.0050389766693115,5.943110750195046e-07
30,11.999420166015625,9.317296981811523,2.004293441772461,1.1277008837851099e-07
30,11.999222755432129,9.318203926086426,2.0028176307678223,7.468540843547089e-07
30,11.999028205871582,9.319111824035645,2.000873327255249,2.921295561009174e-07
31,11.999028205871582,9.319112777709961,2.0007216930389404,3.144053906112276e-08
31,11.999073028564453,9.31912899017334,2.0003349781036377,6.088601622877832e-08
31,11.99911880493164,9.319145202636719,1.9999030828475952,2.4986257507464416e-09
31,11.999198913574219,9.319172859191895,1.9993573427200317,1.4043548546283091e-08
31,11.999279022216797,9.319201469421387,1.9989205598831177,1.634228574687313e-08
32,11.996221542358398,9.319550514221191,2.0012524127960205,9.911721008393215e-07
32,11.994952201843262,9.323576927185059,2.00038743019104,5.986142241454218e-06
32,11.99367618560791,9.32762336730957,1.9994553327560425,5.039412442897628e-09
32,11.992391586303711,9.331695556640625,1.9986546039581299,2.295984380396021e-08
32,11.995051383972168,9.337285995483398,1.9947559833526611,1.611091192899039e-06
33,11.995131492614746,9.337165832519531,1.9949525594711304,7.54733022745313e-08
33,11.994455337524414,9.345074653625488,1.9927476644515991,7.635943802597467e-06
33,11.99378490447998,9.353058815002441,1.9918416738510132,2.0818713437620318e-06
33,11.993125915527344,9.361058235168457,1.9923644065856934,2.466324758643168e-06
33,11.99261474609375,9.369236946105957,1.994213342666626,2.3338207029155456e-06
34,11.992751121520996,9.369111061096191,1.9943833351135254,7.494109155459228e-08
34,11.992894172668457,9.368974685668945,1.9955583810806274,1.1733229712262983e-06
34,11.993090629577637,9.368855476379395,1.9975239038467407,7.565571422674111e-07
34,11.988027572631836,9.383258819580078,1.997900366783142,1.569360938447062e-05
34,11.982934951782227,9.397721290588379,1.9983091354370117,4.555707366904471e-09
35,11.978821754455566,9.399114608764648,2.0014355182647705,1.4096457334744628e-06
35,11.974459648132324,9.400870323181152,2.004033327102661,4.694820461281779e-07
35,11.97008228302002,9.402637481689453,2.0058820247650146,6.317008001133217e-07
35,11.965611457824707,9.404499053955078,2.0066652297973633,1.3369057114687166e-06
35,11.961061477661133,9.406401634216309,2.0062615871429443,1.5999311244740966e-06
36,11.96106243133545,9.406408309936523,2.0050761699676514,1.4958551446397905e-06
36,11.961009979248047,9.406407356262207,2.00303053855896,8.199227750083082e-07
36,11.960039138793945,9.407392501831055,2.0006682872772217,6.241309051802091e-07
36,11.959064483642578,9.408382415771484,1.9981616735458374,1.7901880866588726e-08
36,11.958708763122559,9.409721374511719,1.9946829080581665,4.397190025429154e-07
37,11.958656311035156,9.409610748291016,1.9956223964691162,8.244863352047105e-07
37,11.952119827270508,9.418474197387695,2.002690315246582,1.0039379048976116e-05
37,11.94554328918457,9.427348136901855,2.0093705654144287,1.8098613452366408e-07
37,11.939016342163086,9.436141014099121,2.0142080783843994,3.3318501664325595e-06
37,11.932490348815918,9.445060729980469,2.0162124633789062,7.885205377533566e-06
38,11.932395935058594,9.445398330688477,2.0130319595336914,1.0032298632722814e-05
38,11.932276725769043,9.444374084472656,2.0084290504455566,2.1553209990088362e-06
38,11.938355445861816,9.464512825012207,1.9930106401443481,4.385610736790113e-05
38,11.944473266601562,9.484743118286133,1.9789454936981201,1.8833691228792304e-06
38,11.950621604919434,9.505338668823242,1.96921968460083,1.7568694602232426e-05
39,11.950810432434082,9.505374908447266,1.9755338430404663,3.629317143349908e-05
39,11.952398300170898,9.502403259277344,1.9852352142333984,1.3789981494483072e-05
39,11.947406768798828,9.497191429138184,2.0024328231811523,1.351434548269026e-05
39,11.942354202270508,9.49198055267334,2.019261121749878,1.9149442209709377e-07
39,11.937533378601074,9.486735343933105,2.031928300857544,1.514058112661587e-05
40,11.936790466308594,9.486729621887207,2.0263965129852295,3.1379240681417286e-05
40,11.940732955932617,9.489992141723633,2.0210158824920654,6.43783141640597e-06
40,11.944747924804688,9.493264198303223,2.0112085342407227,1.6683934518368915e-05
40,11.948801040649414,9.496553421020508,1.9989804029464722,4.78211950394325e-06
40,11.95288372039795,9.499855041503906,1.986922264099121,4.532057928940958e-08
41,11.952909469604492,9.497652053833008,1.9882134199142456,1.2546183825179469e-06
41,11.952268600463867,9.493525505065918,1.990854263305664,7.96378458289837e-07
41,11.95164966583252,9.489410400390625,1.9955012798309326,3.2440375434816815e-06
41,11.952411651611328,9.484628677368164,1.999895453453064,2.585429683676921e-07
41,11.952398300170898,9.481006622314453,2.005335569381714,4.2449607917660614e-07
42,11.960524559020996,9.4733304977417,1.9989571571350098,5.379552021622658e-06
42,11.968693733215332,9.465615272521973,1.9927793741226196,4.2769535468778486e-08
42,11.978153228759766,9.461462020874023,1.984694242477417,1.216320356434153e-06
42,11.986592292785645,9.457511901855469,1.9809995889663696,1.1420514056226239e-05
42,11.995054244995117,9.45337200164795,1.981600046157837,1.378030538035091e-05
43,11.993587493896484,9.454663276672363,1.9873605966567993,1.8899396309279837e-05
43,11.992927551269531,9.455845832824707,1.9950941801071167,4.117297521588625e-06
43,11.993483543395996,9.463543891906738,2.0051023960113525,7.303822712856345e-06
43,11.993465423583984,9.47156047821045,2.0143837928771973,8.326479132847453e-07
43,12.005175590515137,9.490394592285156,2.021730422973633,1.4330665180750657e-05
44,12.005250930786133,9.49041748046875,2.016773223876953,1.7838012354332022e-05
44,12.008918762207031,9.494593620300293,2.01178240776062,2.896809064623085e-06
44,12.012594223022461,9.49878215789795,2.004084825515747,5.17234093422303e-06
44,12.015999794006348,9.502861976623535,1.995924949645996,2.3794656556219707e-07
44,12.016087532043457,9.506265640258789,1.9885318279266357,7.637351586708974e-07
45,12.016387939453125,9.506514549255371,1.9909820556640625,4.646827164833667e-06
45,12.016712188720703,9.506548881530762,1.9954721927642822,2.7767744086304447e-06
45,12.017049789428711,9.506577491760254,2.001041889190674,7.576595635327976e-07
45,12.017375946044922,9.506616592407227,2.00635027885437,5.85251846985102e-08
45,12.017732620239258,9.506689071655273,2.0101239681243896,1.5858644246691256e-06
46,12.017742156982422,9.506510734558105,2.007797956466675,3.5835964808939025e-06
46,12.01786994934082,9.506235122680664,2.0035526752471924,2.236350155726541e-06
46,12.0180025100708,9.505937576293945,1.9984506368637085,4.48021154397793e-07
46,12.018198013305664,9.505670547485352,1.9936639070510864,8.921008287643417e-08
46,12.01840877532959,9.505406379699707,1.9904048442840576,1.5170968481470481e-06
47,12.018474578857422,9.505308151245117,1.9926780462265015,3.266039357185946e-06
47,12.018385887145996,9.505703926086426,1.9971848726272583,2.8598797143786214e-06
47,12.016640663146973,9.50826644897461,2.0047407150268555,3.151473947582417e-06
47,12.014814376831055,9.510895729064941,2.0111513137817383,8.998836733553617e-07
47,12.013005256652832,9.513509750366211,2.0148065090179443,4.657877070712857e-06
48,12.013046264648438,9.513544082641602,2.0110626220703125,8.323009751620702e-06
48,12.01283073425293,9.513221740722656,2.0049567222595215,3.675585048767971e-06
48,12.012508392333984,9.51290512084961,1.9976378679275513,8.916724141272425e-07
48,12.012188911437988,9.512584686279297,1.9908812046051025,2.0638911735204601e-07
48,12.012954711914062,9.5126371383667,1.98509681224823,1.421790898348263e-06
49,12.013033866882324,9.512685775756836,1.9889479875564575,8.399796570301987e-06
49,12.013147354125977,9.512845039367676,1.9957315921783447,4.744629222841468e-06
49,12.004948616027832,9.513762474060059,2.0102481842041016,6.579349246749189e-06
49,11.996763229370117,9.514607429504395,2.0221478939056396,3.912471584044397e-06
49,11.988724708557129,9.515523910522461,2.0281615257263184,1.892255932034459e-05
50,12.018105506896973,9.519635200500488,2.0211212635040283,3.482216925476678e-05
50,12.065651893615723,9.532856941223145,1.9936021566390991,6.305635179160163e-05
50,12.112910270690918,9.550091743469238,1.9691879749298096,5.523530944628874e-06
50,12.160442352294922,9.567286491394043,1.9528073072433472,3.5175427910871804e-05
50,12.208817481994629,9.584263801574707,1.9484297037124634,7.893299334682524e-05
51,12.211628913879395,9.586945533752441,1.9582338333129883,6.5707165049389e-05
51,12.214875221252441,9.589792251586914,1.9791579246520996,6.416116957552731e-05
51,12.218711853027344,9.610369682312012,2.0055766105651855,2.3566219169879332e-05
51,12.221352577209473,9.632072448730469,2.0293490886688232,5.861390945938183e-06
51,12.224390029907227,9.654792785644531,2.045151948928833,3.2514784834347665e-05
52,12.224773406982422,9.655010223388672,2.033112049102783,7.46926452848129e-05
52,12.23438549041748,9.649717330932617,2.009192943572998,2.723036777751986e-05
52,12.244056701660156,9.644388198852539,1.9827021360397339,3.1121892334340373e-06
52,12.163666725158691,9.65011215209961,2.0342137813568115,0.00045300796045921743
52,12.111671447753906,9.659256935119629,2.05869197845459,7.383860793197528e-05
53,12.104390144348145,9.655845642089844,2.0509235858917236,7.014282164163888e-05
53,12.097716331481934,9.652759552001953,2.0289440155029297,9.698700159788132e-05
53,12.091902732849121,9.641351699829102,2.0000648498535156,2.2129872377263382e-05
53,12.08606243133545,9.629903793334961,1.971052885055542,4.192862057550428e-09
53,12.080427169799805,9.618633270263672,1.9501041173934937,3.140808257739991e-05
54,12.081114768981934,9.61905288696289,1.96428382396698,9.3197486421559e-05
54,12.080162048339844,9.621421813964844,1.9911303520202637,6.18478879914619e-05
54,12.07945728302002,9.623703002929688,2.020076274871826,2.0727811715914868e-06
54,12.077005386352539,9.628324508666992,2.044095277786255,1.5857136531849392e-05
54,12.075072288513184,9.633106231689453,2.055502414703369,7.298626587726176e-05
55,12.075653076171875,9.633637428283691,2.039604902267456,0.00011463902046671137
55,12.076583862304688,9.634499549865723,2.0121634006500244,5.885170685360208e-05
55,12.071325302124023,9.657716751098633,1.97990882396698,2.1937959900242276e-05
55,11.967061996459961,9.698833465576172,2.026092290878296,0.0002895168145187199
55,11.868219375610352,9.743443489074707,2.0603721141815186,4.2720410419860855e-05
56,11.868700981140137,9.74389934539795,2.0426816940307617,0.00013595062773674726
56,11.866414070129395,9.736461639404297,2.019960641860962,2.0364024749142118e-05
56,11.86349868774414,9.725972175598145,1.9933640956878662,7.703868504904676e-06
56,11.874127388000488,9.726066589355469,1.9538629055023193,1.2900523870484903e-05
56,11.885409355163574,9.726375579833984,1.9284437894821167,8.25323149911128e-05
57,11.892431259155273,9.72332763671875,1.9450284242630005,0.00015475535474251956
57,11.900141716003418,9.72038745880127,1.9788939952850342,0.00011789437121478841
57,11.907644271850586,9.717330932617188,2.019590139389038,1.7375654351781122e-05
57,11.9152193069458,9.71438980102539,2.0544166564941406,1.45383974086144e-05
57,11.92508602142334,9.713051795959473,2.0708463191986084,0.00012698618229478598
58,11.926517486572266,9.713582038879395,2.0488486289978027,0.00019288077601231635
58,11.928542137145996,9.714479446411133,2.0116829872131348,9.107324876822531e-05
58,11.93061351776123,9.715420722961426,1.9708021879196167,5.25393716088729e-06
58,11.932841300964355,9.716446876525879,1.9390509128570557,3.2990541512845084e-05
58,11.928031921386719,9.719175338745117,1.9339697360992432,0.0001932347222464159
59,11.92947006225586,9.719038963317871,1.9548059701919556,0.00016659479297231883
59,11.923348426818848,9.711797714233398,1.9974318742752075,0.00011071206245105714
59,11.91726303100586,9.704569816589355,2.041036605834961,3.5372440265746263e-07
59,11.911351203918457,9.69737720489502,2.0720810890197754,6.274178304011002e-05
59,11.905160903930664,9.693445205688477,2.081878662109375,0.00018521386664360762
60,11.910942077636719,9.693310737609863,2.0519473552703857,0.0002976201940327883
60,11.913140296936035,9.680371284484863,2.014033317565918,4.167968290857971e-05
60,11.915501594543457,9.667487144470215,1.9760702848434448,1.1684297618330675e-07
60,11.882942199707031,9.62452220916748,1.9692672491073608,4.876702223555185e-05
60,11.781832695007324,9.61590576171875,2.0170814990997314,0.00012761827383656055
61,11.781942367553711,9.616031646728516,2.0113332271575928,1.1682594958983827e-05
61,11.783215522766113,9.616847038269043,1.9994240999221802,1.0819096132763661e-05
61,11.784500122070312,9.617659568786621,1.9877384901046753,2.7891140064184583e-08
61,11.785691261291504,9.618352890014648,1.9800406694412231,5.410170615505194e-06
61,11.787171363830566,9.618892669677734,1.9790531396865845,1.585280551807955e-05
62,11.784637451171875,9.616362571716309,1.9861336946487427,1.0590180863800924e-05
62,11.782135009765625,9.613851547241211,1.998002290725708,7.527339676016709e-06
62,11.781655311584473,9.609607696533203,2.0061187744140625,2.8191821002110373e-06
62,11.782421112060547,9.605772972106934,2.009305477142334,6.1771961554768495e-06
62,11.78526496887207,9.60554027557373,2.014479637145996,3.625198814916075e-06
63,11.78531551361084,9.605548858642578,2.009463310241699,8.136207725328859e-06
63,11.78523063659668,9.609346389770508,2.0003013610839844,5.390684691519709e-06
63,11.785170555114746,9.613153457641602,1.9906387329101562,6.294896337522005e-08
63,11.787199974060059,9.615436553955078,1.9784049987792969,1.105855176319892e-06
63,11.78940486907959,9.61777114868164,1.9738136529922485,1.8354097846895456e-05
64,11.789597511291504,9.617706298828125,1.9832104444503784,2.686406696739141e-05
64,11.789889335632324,9.617578506469727,1.9986846446990967,1.1041262041544542e-05
64,11.790183067321777,9.617450714111328,2.014700174331665,6.685827713681647e-08
64,11.801918029785156,9.625144004821777,2.032999038696289,2.1254341845633462e-05
64,11.814502716064453,9.633145332336426,2.0387678146362305,4.573308979161084e-05
65,11.815105438232422,9.633172988891602,2.0245485305786133,5.933173815719783e-05
65,11.845853805541992,9.593743324279785,2.008202314376831,4.315506521379575e-05
65,11.87669849395752,9.554221153259277,1.9888516664505005,2.520912630643579e-06
65,11.90772819519043,9.514588356018066,1.9734829664230347,4.8319457164325286e-06
65,11.939230918884277,9.474993705749512,1.967667818069458,2.698895514186006e-05
66,11.938516616821289,9.476521492004395,1.9805724620819092,4.3697877117665485e-05
66,11.937761306762695,9.47821044921875,2.0008373260498047,1.4752681636309717e-05
66,11.942061424255371,9.480551719665527,2.014991283416748,3.643719765022979e-06
66,11.953370094299316,9.5157470703125,2.01169753074646,4.5461034460458905e-05
66,11.958965301513672,9.565923690795898,2.0059988498687744,6.793896773160668e-06
67,11.958175659179688,9.573226928710938,2.0079588890075684,1.2656942089961376e-06
67,11.957405090332031,9.580572128295898,2.0069360733032227,2.4249693524325266e-06
67,11.95804500579834,9.58824634552002,2.0014259815216064,3.7670463370886864e-06
67,11.960332870483398,9.598012924194336,1.9970264434814453,1.1601755431911442e-06
67,11.962630271911621,9.607828140258789,1.9937397241592407,3.3661922316241544e-07
68,11.962769508361816,9.607617378234863,1.9959701299667358,1.3621423704535118e-06
68,11.962766647338867,9.60738754272461,1.9997845888137817,5.748912599301548e-07
68,11.96280574798584,9.607138633728027,2.003481864929199,4.748471837956458e-09
68,11.96269702911377,9.607061386108398,2.0059685707092285,4.288468744562124e-07
68,11.962671279907227,9.606947898864746,2.0060508251190186,1.4195952644513454e-06
69,11.965768814086914,9.608906745910645,2.0066182613372803,1.2737745009872015e-06
69,11.968902587890625,9.610901832580566,2.0045571327209473,1.6948374650382902e-06
69,11.971936225891113,9.613391876220703,2.0005197525024414,9.843508905760245e-07
69,11.97498607635498,9.61589241027832,1.9962695837020874,8.895555403398703e-09
69,11.979269981384277,9.618600845336914,1.9930481910705566,6.856441814306891e-07
70,11.979284286499023,9.618584632873535,1.9958373308181763,1.8318689853913384e-06
70,11.979352951049805,9.61854076385498,2.000269889831543,6.389884106283716e-07
70,11.979421615600586,9.618501663208008,2.00457763671875,5.0415742691711785e-09
70,11.980642318725586,9.623016357421875,2.0041885375976562,3.585630338420742e-06
70,11.981722831726074,9.628238677978516,2.0040111541748047,9.841225789841701e-08
71,11.982125282287598,9.628092765808105,2.0019450187683105,7.816863671905594e-07
71,11.979703903198242,9.634803771972656,1.998178482055664,1.8956774283651612e-06
71,11.977246284484863,9.641554832458496,1.995161533355713,1.2561883977468824e-07
71,11.974587440490723,9.648293495178223,1.9942554235458374,8.884545081855322e-07
71,11.971866607666016,9.655130386352539,1.9958292245864868,1.2983965689272736e-06
72,11.971771240234375,9.655155181884766,1.9976550340652466,6.704592010464694e-07
72,11.974550247192383,9.655576705932617,1.9971644878387451,2.4542458731957595e-07
72,11.977351188659668,9.656001091003418,1.9978818893432617,3.0777155757277797e-07
72,11.980229377746582,9.656335830688477,1.9993728399276733,1.323733869185162e-07
72,11.983121871948242,9.656671524047852,2.001136302947998,1.4353941146794114e-08
73,11.987363815307617,9.658114433288574,2.0010011196136475,9.273903742723633e-07
73,11.989913940429688,9.661725044250488,2.000213384628296,4.4273406274442095e-07
73,11.992480278015137,9.665350914001465,1.9993654489517212,6.239559424692231e-10
73,11.995064735412598,9.668985366821289,1.9987343549728394,9.867571648669582e-09
73,11.997659683227539,9.672637939453125,1.9986610412597656,6.113268113949744e-08
74,11.997724533081055,9.672640800476074,1.9992001056671143,6.365642235550695e-08
74,11.997794151306152,9.67263412475586,2.000060796737671,1.974620289502127e-08
74,11.997864723205566,9.672627449035645,2.0008959770202637,1.6826806614744783e-10
74,11.998078346252441,9.672707557678223,2.0018839836120605,1.1433476387878727e-08
74,11.998300552368164,9.6727933883667,2.0020124912261963,1.3816369914820825e-07
75,11.99826431274414,9.672842025756836,2.0010745525360107,1.6837722682794265e-07
75,11.998638153076172,9.673141479492188,1.998948574066162,1.6893434917619743e-07
75,11.999021530151367,9.673421859741211,1.9972246885299683,3.1239896003398826e-08
75,12.001303672790527,9.676063537597656,1.9938551187515259,1.7998229395743692e-07
75,12.00370979309082,9.678756713867188,1.9932228326797485,1.3945103773949086e-06
76,12.003313064575195,9.679262161254883,1.9969538450241089,2.1852094960195245e-06
76,12.002944946289062,9.679591178894043,2.001922130584717,2.6109270834240306e-07
76,11.996763229370117,9.682646751403809,2.0081419944763184,5.298915652929281e-07
76,11.991512298583984,9.682392120361328,2.01273775100708,3.8204692032195453e-07
76,11.986717224121094,9.6827392578125,2.0107080936431885,6.927382401045179e-06
77,11.986449241638184,9.68297290802002,2.0058867931365967,4.130126853851834e-06
77,11.989768028259277,9.680646896362305,1.995490550994873,2.3720426725049037e-06
77,11.99316120147705,9.678179740905762,1.9871059656143188,7.085722018018714e-07
77,11.9912691116333,9.738604545593262,1.9916898012161255,2.649201087479014e-05
77,11.989437103271484,9.798922538757324,2.0003132820129395,2.611965783216874e-06
78,11.989410400390625,9.798938751220703,2.000180244445801,3.4665617043572183e-09
78,11.989383697509766,9.798954963684082,1.9999523162841797,1.3896951367442512e-09
78,11.989356994628906,9.798971176147461,1.9997512102127075,1.223587481335997e-10
78,11.989331245422363,9.798983573913574,1.9995837211608887,2.1417555229330532e-10
78,11.989328384399414,9.798979759216309,1.9995758533477783,4.549714383017545e-09
79,11.989319801330566,9.798971176147461,1.9996737241744995,1.3553824729228836e-09
79,11.989313125610352,9.798958778381348,1.9999202489852905,3.3173797042707065e-09
79,11.989290237426758,9.79896068572998,2.0002667903900146,1.3096321804795252e-09
79,11.99720573425293,9.803540229797363,1.9933732748031616,1.2869702459283872e-06
79,12.00207805633545,9.80640697479248,1.9924603700637817,2.682347030713572e-06
80,12.002108573913574,9.806422233581543,1.9963321685791016,2.1567689145740587e-06
80,12.002155303955078,9.806442260742188,2.0021090507507324,5.089422643322905e-07
80,12.002196311950684,9.806453704833984,2.006835699081421,1.6548749215417047e-07
80,12.001567840576172,9.807710647583008,2.00832462310791,1.7831040395321907e-06
80,12.00049114227295,9.80903148651123,2.0059492588043213,2.3455809241568204e-06
81,12.000493049621582,9.809032440185547,2.002833366394043,1.3355759165278869e-06
81,12.000178337097168,9.80962085723877,1.9981666803359985,3.820510983132408e-07
81,11.999866485595703,9.810210227966309,1.9944480657577515,1.268058156256302e-07
81,11.999509811401367,9.811055183410645,1.9937924146652222,1.2429678690750734e-06
81,11.999135971069336,9.811928749084473,1.9965107440948486,1.4823398259977694e-06
82,11.999366760253906,9.811522483825684,1.9979407787322998,3.052500403555314e-07
82,11.999334335327148,9.811078071594238,2.0007338523864746,1.8985981853347766e-07
82,11.999567985534668,9.810535430908203,2.003141403198242,1.0526076010819452e-08
82,12.006422996520996,9.811367988586426,1.9983181953430176,1.7477021856393549e-06
82,12.013280868530273,9.812199592590332,1.994436502456665,1.1244453901326779e-07
83,12.01328182220459,9.812217712402344,1.9975342750549316,1.1836700650746934e-06
83,12.013282775878906,9.812220573425293,2.0020124912261963,2.278874831063149e-07
83,12.01324462890625,9.812215805053711,2.0054163932800293,1.5217563031910686e-07
83,12.012189865112305,9.81118392944336,2.0073916912078857,4.953961934006657e-07
83,12.011299133300781,9.810030937194824,2.0051186084747314,2.0915219920425443e-06
84,12.011568069458008,9.810227394104004,2.0019283294677734,1.096226810659573e-06
84,12.011850357055664,9.810430526733398,1.9976139068603516,1.4201694398252585e-07
84,12.011916160583496,9.838688850402832,1.997909426689148,3.7954023355268873e-06
84,12.01198959350586,9.866945266723633,1.9993382692337036,1.462016427922208e-07
84,12.010766983032227,9.896727561950684,2.0029890537261963,2.925164892531029e-07
85,12.010769844055176,9.896695137023926,2.0012660026550293,3.3396543130947975e-07
85,12.008109092712402,9.897042274475098,1.9996650218963623,1.7229071147539798e-07
85,12.005435943603516,9.897391319274902,1.9982481002807617,4.079593107775281e-09
85,12.003816604614258,9.899487495422363,1.997152328491211,1.0451376653008992e-07
85,12.002191543579102,9.901597023010254,1.9977442026138306,3.0817128049420717e-07
86,12.002848625183105,9.901829719543457,1.997961401939392,3.588309027691139e-08
86,12.003501892089844,9.902000427246094,1.9993919134140015,1.5301625921892992e-07
86,12.004203796386719,9.902148246765137,2.0010530948638916,6.364694549176875e-09
86,12.00489616394043,9.902318000793457,2.0020763874053955,4.4083698469421506e-08
86,12.006529808044434,9.906578063964844,2.0035605430603027,1.3169625390219153e-07
87,12.006690979003906,9.906213760375977,2.0013632774353027,4.6112916152196703e-07
87,12.00832748413086,9.905618667602539,1.9975517988204956,7.040573279937234e-08
87,12.010001182556152,9.905020713806152,1.9951986074447632,2.209012421872103e-07
87,12.010529518127441,9.903729438781738,1.9970698356628418,1.2684723742495407e-06
87,12.011021614074707,9.902348518371582,2.0008201599121094,3.3101511576205667e-07
88,12.011025428771973,9.902350425720215,2.0003042221069336,2.5491567967605988e-08
88,12.011017799377441,9.902359962463379,1.9995578527450562,5.218055321165593e-09
88,12.011001586914062,9.902381896972656,1.9991307258605957,9.63370894169202e-09
88,12.010990142822266,9.902395248413086,1.9992374181747437,2.7095412136191044e-08
88,12.010979652404785,9.902411460876465,1.9998352527618408,2.2306959834850204e-08
89,12.010979652404785,9.902410507202148,1.9999346733093262,9.050540872301838e-10
89,12.011056900024414,9.902536392211914,2.000107765197754,2.3125514836408456e-09
89,12.011359214782715,9.903056144714355,1.9998438358306885,9.524672606175955e-09
89,12.01169490814209,9.903654098510742,1.9996072053909302,2.1848165498994376e-09
89,12.011873245239258,9.904465675354004,2.000077486038208,3.563746275858648e-08
90,12.011873245239258,9.904465675354004,2.000028371810913,2.0889188989681173e-10
90,12.011863708496094,9.90450382232666,2.000135898590088,2.0984267656842803e-09
90,12.011900901794434,9.904797554016113,1.9998359680175781,1.2210612965191103e-08
90,12.011921882629395,9.905104637145996,1.9994518756866455,7.586372641199546e-10
90,12.011968612670898,9.905447006225586,1.9990980625152588,1.0664783500757835e-09
91,12.011628150939941,9.905701637268066,2.0003292560577393,9.40221411838138e-08
91,12.011303901672363,9.905957221984863,2.001411199569702,1.7587660217088796e-09
91,12.01071548461914,9.906327247619629,2.0015664100646973,9.255830946131027e-08
91,12.01012134552002,9.906708717346191,2.0006418228149414,9.428177349946054e-08
91,12.00951862335205,9.90706729888916,1.9993040561676025,1.3580987889838525e-08
92,12.00948429107666,9.90711784362793,1.9998979568481445,2.6337183101077244e-08
92,12.00944995880127,9.9071683883667,2.0005478858947754,2.2497725904457866e-10
92,12.009416580200195,9.907220840454102,2.0008151531219482,1.1510321584751182e-08
92,12.009387016296387,9.907266616821289,2.0005178451538086,2.4411638932519963e-08
92,12.009098052978516,9.907516479492188,1.9996628761291504,3.5518645802312676e-08
93,12.009093284606934,9.907513618469238,1.9999101161956787,4.497254124657957e-09
93,12.008406639099121,9.907414436340332,1.999966025352478,2.3512429336847163e-08
93,12.007716178894043,9.90731430053711,2.0000438690185547,3.4463338433043944e-11
93,12.007033348083496,9.907230377197266,2.0001614093780518,2.3162273488086527e-10
93,12.00634765625,9.90715217590332,2.00014066696167,1.3813135080198435e-09
94,12.006315231323242,9.907205581665039,1.9998912811279297,5.014868520447635e-09
94,12.006226539611816,9.907411575317383,2.0000407695770264,1.0182667153912917e-08
94,12.006136894226074,9.907618522644043,2.000156879425049,8.368095799626829e-11
94,12.005825996398926,9.909462928771973,1.9992413520812988,8.168066756297776e-08
94,12.005511283874512,9.911314010620117,1.9988874197006226,2.1850773634923826e-08
95,11.99923038482666,9.906500816345215,2.004403591156006,2.7560045623431506e-07
95,11.992945671081543,9.901636123657227,2.0066277980804443,7.372359505097847e-07
95,11.98647689819336,9.897695541381836,2.003859758377075,1.7002814729494276e-06
95,11.979988098144531,9.893757820129395,1.9981317520141602,5.695419531548396e-07
95,11.973459243774414,9.889798164367676,1.9938037395477295,1.3149885091934266e-07
96,11.973628997802734,9.889771461486816,1.9984787702560425,1.447671252208238e-06
96,11.973621368408203,9.890514373779297,2.004643201828003,1.257030248780211e-07
96,11.973647117614746,9.891280174255371,2.007197141647339,8.308143151225522e-07
96,11.971966743469238,9.892546653747559,2.008275032043457,3.5473351545078913e-07
96,11.970332145690918,9.893802642822266,2.002856492996216,2.610077444842318e-06
97,11.970222473144531,9.893622398376465,2.0009286403656006,2.4348935312445974e-07
97,11.970152854919434,9.893573760986328,1.9980195760726929,5.4091444212645e-08
97,11.970233917236328,9.893502235412598,1.996695637702942,1.6821242354581045e-07
97,11.968049049377441,9.895015716552734,1.9989293813705444,3.512095929636416e-07
97,11.965738296508789,9.896622657775879,2.0018551349639893,2.2961081924677273e-08
98,11.96574878692627,9.89657211303711,2.0003585815429688,1.2967923623818933e-07
98,11.96575927734375,9.896520614624023,1.9985696077346802,4.6810897380566985e-09
98,11.965746879577637,9.89651870727539,1.9979444742202759,7.689160952395468e-08
98,11.965588569641113,9.896135330200195,1.9987341165542603,9.889365060189448e-08
98,11.96584701538086,9.895418167114258,2.000758171081543,1.1494038432147136e-07
99,11.965810775756836,9.89552116394043,2.000183582305908,1.929543991252558e-08
99,11.965799331665039,9.89564037322998,1.9992337226867676,7.083802877616563e-09
99,11.965813636779785,9.895818710327148,1.9990324974060059,3.202941201152498e-08
99,11.966534614562988,9.900479316711426,1.9965568780899048,1.7788941875096498e-07
99,11.966991424560547,9.904584884643555,1.9969383478164673,3.8639947774754546e-07
100,11.967199325561523,9.904595375061035,1.998216152191162,4.0298192516274867e-07
100,11.96734619140625,9.904327392578125,1.9999706745147705,3.860213837469928e-08
100,11.968077659606934,9.90461540222168,2.0004780292510986,1.8297200199413055e-07
100,11.968833923339844,9.904863357543945,2.000728130340576,1.2916598457479722e-08
100,11.96959400177002,9.905111312866211,2.0006630420684814,2.0218815066641582e-08
101,11.969655990600586,9.904940605163574,2.0003113746643066,2.227986861669251e-08
101,11.969712257385254,9.904776573181152,1.9998655319213867,1.8128889500701462e-09
101,11.969769477844238,9.904608726501465,1.9994617700576782,4.042765844314289e-10
101,11.969216346740723,9.907524108886719,1.999885082244873,1.199795178763452e-07
101,11.968660354614258,9.910451889038086,2.0003676414489746,6.362543825133571e-10
102,11.969185829162598,9.910822868347168,1.9991014003753662,1.8468550422312546e-07
102,11.9698486328125,9.911103248596191,1.9983413219451904,6.32258050359269e-08
102,11.970850944519043,9.911367416381836,1.998408317565918,1.8851108052331256e-07
102,11.971778869628906,9.911624908447266,1.9991381168365479,7.094692477949138e-08
102,11.972837448120117,9.913619041442871,2.000770330429077,2.0144514678577252e-07
103,11.97290325164795,9.913604736328125,2.000231981277466,4.618948423740221e-08
103,11.972968101501465,9.913588523864746,1.999663233757019,1.7236775895490553e-10
103,11.973283767700195,9.913538932800293,1.9995330572128296,5.821301840569504e-08
103,11.973594665527344,9.913495063781738,1.99960196018219,6.787910233896355e-09
103,11.973909378051758,9.913451194763184,1.9996652603149414,1.8019445657824207e-10
104,11.973906517028809,9.913508415222168,1.9998937845230103,9.174936366207476e-09
104,11.9806547164917,9.92330551147461,1.999463677406311,1.8081260577673675e-06
104,11.987760543823242,9.933295249938965,1.9995062351226807,7.206001129134165e-08
104,11.994892120361328,9.943329811096191,1.9997786283493042,8.5448847997327e-09
104,12.002494812011719,9.953536033630371,2.0001888275146484,2.2911439856443394e-08
105,12.002493858337402,9.953537940979004,2.0000929832458496,1.5200936065440374e-09
105,12.002442359924316,9.953530311584473,1.999952793121338,8.619412961152761e-10
105,12.002402305603027,9.953536033630371,1.9997910261154175,1.5187553992213054e-10
105,12.002118110656738,9.953680992126465,1.9995427131652832,6.949874009620771e-09
105,12.001479148864746,9.953577995300293,1.9997981786727905,1.5181356616267294e-08
106,12.001449584960938,9.953588485717773,1.9999521970748901,3.0184443833292107e-09
106,12.001460075378418,9.953635215759277,2.0000364780426025,4.6527431907250616e-10
106,12.001471519470215,9.953681945800781,2.00010347366333,4.846289688997807e-11
106,12.001479148864746,9.953725814819336,2.0001306533813477,2.7028770888115616e-10
106,12.001461029052734,9.953765869140625,2.000110387802124,5.75719860673729e-10
107,12.001460075378418,9.953765869140625,2.0000531673431396,4.936686059942019e-10
107,12.001459121704102,9.953765869140625,1.9999656677246094,1.309944513971928e-10
107,12.001458168029785,9.953766822814941,1.9998719692230225,6.7359577117509506e-12
107,12.001460075378418,9.953764915466309,1.999822735786438,3.067101017606433e-10
107,12.00146198272705,9.95375919342041,1.999855637550354,9.701319747534853e-10
108,12.00128173828125,9.953746795654297,1.9998654127120972,1.4120873359502184e-09
108,12.00110149383545,9.953733444213867,1.9999431371688843,6.465958879431355e-10
108,12.000920295715332,9.953719139099121,2.000041961669922,6.023286036604958e-11
108,12.000738143920898,9.953704833984375,2.00011944770813,6.426810472692779e-11
108,12.000554084777832,9.953691482543945,2.000131368637085,5.990897777863324e-10
109,12.000716209411621,9.953791618347168,2.0001614093780518,2.0409665069109906e-09
109,12.000805854797363,9.953892707824707,2.000171661376953,5.622820542505735e-10
109,12.000872611999512,9.95398998260498,2.000119209289551,7.574622040706913e-10
109,12.000940322875977,9.95408821105957,2.0000009536743164,5.570055527925888e-10
109,12.00110149383545,9.954747200012207,2.0001490116119385,1.5141573328492086e-08
110,12.00110149383545,9.954748153686523,2.000065326690674,8.993298328263677e-10
110,12.001096725463867,9.954758644104004,2.000014305114746,1.360176554721093e-10
110,12.001092910766602,9.9547700881958,1.9999432563781738,4.6695963068499324e-11
110,12.001089096069336,9.954781532287598,1.9999033212661743,1.2152541473131606e-10
110,12.00108528137207,9.954792022705078,1.9999092817306519,2.6517837925510435e-10
111,12.000699043273926,9.955301284790039,2.0004873275756836,1.9645272075763387e-08
111,12.00225830078125,9.955934524536133,1.9993897676467896,5.038657491240883e-08
111,12.003859519958496,9.956583023071289,1.9985899925231934,1.229971324789858e-08
111,12.005504608154297,9.957342147827148,1.998556137084961,7.418449854412756e-08
111,12.007216453552246,9.95798397064209,1.9985949993133545,2.114296737687482e-09
112,12.007218360900879,9.957984924316406,1.9994003772735596,7.512961275324415e-08
112,12.00722599029541,9.957929611206055,2.0005085468292236,1.0250992055205188e-08
112,12.007230758666992,9.957878112792969,2.0013251304626465,1.008236694133302e-08
112,12.007206916809082,9.957844734191895,2.0013866424560547,6.727682233531596e-08
112,12.007160186767578,9.957796096801758,2.000657558441162,7.190288897618302e-08
113,12.00715446472168,9.957831382751465,2.000251054763794,1.835062057864434e-08
113,12.007156372070312,9.957858085632324,1.9997284412384033,1.327417176177903e-09
113,12.007163047790527,9.958017349243164,1.9991127252578735,1.3031664636287132e-09
113,12.007243156433105,9.958142280578613,1.998847246170044,1.6272338143608067e-08
113,12.007309913635254,9.958266258239746,1.9992928504943848,5.2488640989167834e-08
114,12.007302284240723,9.958255767822266,1.9997265338897705,1.9254080996233824e-08
114,12.007338523864746,9.958343505859375,2.0002012252807617,1.1778812369911407e-09
114,12.007429122924805,9.958511352539062,2.000532388687134,1.4385546087680723e-09
114,12.007518768310547,9.958683967590332,2.000537157058716,1.0977569964154554e-08
114,12.007601737976074,9.958873748779297,2.000199556350708,1.2005854976848696e-08
115,12.007601737976074,9.958874702453613,2.0000760555267334,1.5152528121120667e-09
115,12.007600784301758,9.95887565612793,1.9999630451202393,1.8186214686966018e-11
115,12.007599830627441,9.958876609802246,1.9998784065246582,8.151514879761734e-11
115,12.007599830627441,9.958878517150879,1.999862790107727,4.729244773571395e-10
115,12.007599830627441,9.958879470825195,1.9999308586120605,6.722091216992965e-10
116,12.007542610168457,9.958806037902832,2.0000717639923096,1.2600637200321785e-09
116,12.007282257080078,9.95921516418457,1.9998434782028198,1.9741685619578675e-08
116,12.007022857666016,9.959623336791992,1.9996910095214844,5.643702172264398e-10
116,12.006756782531738,9.960431098937988,1.999931812286377,1.5561898436544652e-08
116,12.005134582519531,9.962594985961914,2.0017528533935547,8.046237809367085e-08
117,12.004467964172363,9.9644775390625,2.0006816387176514,1.622461809347442e-07
117,12.003792762756348,9.96639347076416,1.9991512298583984,1.8502070986414765e-08
117,12.001871109008789,9.967002868652344,1.9992982149124146,8.410075480469459e-08
117,11.999934196472168,9.967415809631348,1.9998358488082886,1.2521334191717415e-08
117,11.998077392578125,9.967896461486816,2.000481128692627,2.0869881378615673e-09
118,11.998076438903809,9.967896461486816,2.0001611709594727,8.788440197804448e-09
118,11.998074531555176,9.96789836883545,1.9997304677963257,1.0138334616272004e-09
118,11.998064041137695,9.967901229858398,1.9994837045669556,2.771287199720973e-09
118,11.997716903686523,9.96853256225586,1.9999630451202393,2.7680107095306994e-08
118,11.997367858886719,9.96916675567627,2.0004608631134033,2.0541856410316583e-11
119,11.997369766235352,9.969167709350586,2.0001425743103027,8.19334200485855e-09
119,11.997373580932617,9.969170570373535,1.9997169971466064,8.814072249840876e-10
119,11.997812271118164,9.974410057067871,1.999912142753601,9.248780941106816e-08
119,11.998252868652344,9.979674339294434,2.0001680850982666,2.80336587277219e-10
119,11.998695373535156,9.984965324401855,2.000308036804199,1.0778015147039355e-09
120,11.998695373535156,9.984965324401855,2.0000946521759033,3.517260482865936e-09
120,11.99963092803955,9.984646797180176,1.9990941286087036,7.466956830626259e-09
120,12.000683784484863,9.984328269958496,1.9986119270324707,2.5705753969873513e-08
120,12.001747131347656,9.984010696411133,1.9991097450256348,7.274681479430001e-08
120,12.002806663513184,9.983687400817871,2.000257730484009,3.066645248850364e-08
121,12.002985954284668,9.983745574951172,2.000047445297241,1.0025877905661673e-09
121,12.003167152404785,9.983803749084473,1.9998321533203125,2.8086847084218824e-12
121,12.003348350524902,9.983860969543457,1.9997373819351196,1.0626570734473262e-09
121,12.003518104553223,9.983978271484375,1.9996192455291748,3.1669919464683005e-10
121,12.003690719604492,9.984097480773926,1.9997762441635132,5.405890846077455e-09
122,12.003689765930176,9.984102249145508,1.999945044517517,1.9890540325917527e-09
122,12.001508712768555,9.986422538757324,2.002056360244751,5.785149781445398e-08
122,11.999327659606934,9.98877239227295,2.002639055252075,1.614525473314643e-07
122,11.996529579162598,9.991411209106445,2.0031418800354004,1.0733445243715778e-08
122,11.99373722076416,9.99398422241211,2.0012800693511963,3.755371267288865e-07
